series,file,bytes,md5
"P6-4",paintball/runs/P64_t1_A0_20260916/ereq_c2166f89-7c2a-4eec-ae51-9985de24279c-policy_agent_10.art.log,36858444,2dd6d60246f86c078d95a77ab907bf50
"P6-4",paintball/runs/P64_t1_A0_20260916/ereq_c2166f89-7c2a-4eec-ae51-9985de24279c-policy_agent_10.zip,1010383,b4bc9c765feef842cf25af791fefe355
"P6-4",paintball/runs/P64_t1_A0_20260916/ereq_c2166f89-7c2a-4eec-ae51-9985de24279c-policy_agent_11.art.log,33350967,af9e83b5a3fcd8a638cb5408fd8622d6
"P6-4",paintball/runs/P64_t1_A0_20260916/ereq_c2166f89-7c2a-4eec-ae51-9985de24279c-policy_agent_11.zip,912599,ceb34191b8f2cbbc2f6142fff0cc4510
"P6-4",paintball/runs/P64_t1_A0_20365645/ereq_3d563a07-020b-42d6-9bf9-d00f9be20c1e-policy_agent_10.art.log,5856716,ce72573461b77d5bfec028b32e538e63
"P6-4",paintball/runs/P64_t1_A0_20365645/ereq_3d563a07-020b-42d6-9bf9-d00f9be20c1e-policy_agent_10.zip,179717,56fa73e613b9c4687ba2697c8b1d63f7
"P6-4",paintball/runs/P64_t1_A0_20365645/ereq_3d563a07-020b-42d6-9bf9-d00f9be20c1e-policy_agent_11.art.log,28875109,85bd03a1ef0bee07bbaa5f1b7b077bc1
"P6-4",paintball/runs/P64_t1_A0_20365645/ereq_3d563a07-020b-42d6-9bf9-d00f9be20c1e-policy_agent_11.zip,1168302,a8d498b70f6529ff3e9b349f6162c607
"P6-4",paintball/runs/P64_t1_A0_20470374/ereq_46e3bf94-b1ca-4b42-aadf-2d3cc3197ef9-policy_agent_10.art.log,35913873,51520564cbc30dd6af38793846cd189e
"P6-4",paintball/runs/P64_t1_A0_20470374/ereq_46e3bf94-b1ca-4b42-aadf-2d3cc3197ef9-policy_agent_10.zip,869506,bf19888488315690375ffc2c0352ee86
"P6-4",paintball/runs/P64_t1_A0_20470374/ereq_46e3bf94-b1ca-4b42-aadf-2d3cc3197ef9-policy_agent_11.art.log,41183428,fc5db8034d5f16ccb9c4ac681919c52f
"P6-4",paintball/runs/P64_t1_A0_20470374/ereq_46e3bf94-b1ca-4b42-aadf-2d3cc3197ef9-policy_agent_11.zip,1092530,2f97422874f48de7375f3819d9088d0e
"P6-4",paintball/runs/P64_t1_A0_20575103/ereq_994a41cc-1a3b-45c4-bb5c-1c70d3641a84-policy_agent_10.art.log,27873917,493904f87671a33a75ab7b6fbbe614cf
"P6-4",paintball/runs/P64_t1_A0_20575103/ereq_994a41cc-1a3b-45c4-bb5c-1c70d3641a84-policy_agent_10.zip,797847,f1af52cdc022fbe98cb5d87c5818dbfc
"P6-4",paintball/runs/P64_t1_A0_20575103/ereq_994a41cc-1a3b-45c4-bb5c-1c70d3641a84-policy_agent_11.art.log,30845652,9b62c4874148458b68aa6e1a8a613064
"P6-4",paintball/runs/P64_t1_A0_20575103/ereq_994a41cc-1a3b-45c4-bb5c-1c70d3641a84-policy_agent_11.zip,925815,b8f223c1201d692ebcb07cb35e768702
"P6-4",paintball/runs/P64_t1_A0_20679832/ereq_3b823878-2a3d-46b9-ab5d-7df5bbcc6983-policy_agent_10.art.log,31034831,34a486f817f5d9f737d43d1b72c8d490
"P6-4",paintball/runs/P64_t1_A0_20679832/ereq_3b823878-2a3d-46b9-ab5d-7df5bbcc6983-policy_agent_10.zip,814158,88a02669cbb06fbd6deaf44c7f5c5c52
"P6-4",paintball/runs/P64_t1_A0_20679832/ereq_3b823878-2a3d-46b9-ab5d-7df5bbcc6983-policy_agent_11.art.log,37216117,13ae5410a26e8e513f0e94c5ef3a8010
"P6-4",paintball/runs/P64_t1_A0_20679832/ereq_3b823878-2a3d-46b9-ab5d-7df5bbcc6983-policy_agent_11.zip,1041734,76891dbe7c9f047317f5175eaad67504
"P6-4",paintball/runs/P64_t1_A0_20784561/ereq_f67504bc-f4b3-468e-90e5-537e5760c3a2-policy_agent_10.art.log,33465604,ac2cbc28371e16ab19d7d6057b291844
"P6-4",paintball/runs/P64_t1_A0_20784561/ereq_f67504bc-f4b3-468e-90e5-537e5760c3a2-policy_agent_10.zip,803099,0866cfa8469ec5a6b7bfa27de963e39d
"P6-4",paintball/runs/P64_t1_A0_20784561/ereq_f67504bc-f4b3-468e-90e5-537e5760c3a2-policy_agent_11.art.log,32552888,44ec5440081374fa30c3d9216b85c8c4
"P6-4",paintball/runs/P64_t1_A0_20784561/ereq_f67504bc-f4b3-468e-90e5-537e5760c3a2-policy_agent_11.zip,873829,5debeff929ddede4f66885524da0697e
"P6-4",paintball/runs/P64_t1_A0_20889290/ereq_2ecaeb15-f956-42af-bcc1-4bb8174b2e78-policy_agent_10.art.log,34798897,23c997490a281f7b1332b585caebe28e
"P6-4",paintball/runs/P64_t1_A0_20889290/ereq_2ecaeb15-f956-42af-bcc1-4bb8174b2e78-policy_agent_10.zip,869199,5ca922fb56498ac6861cbc181527fa80
"P6-4",paintball/runs/P64_t1_A0_20889290/ereq_2ecaeb15-f956-42af-bcc1-4bb8174b2e78-policy_agent_11.art.log,34373610,caf20dd4b493cee7620e1f44cb6936ae
"P6-4",paintball/runs/P64_t1_A0_20889290/ereq_2ecaeb15-f956-42af-bcc1-4bb8174b2e78-policy_agent_11.zip,819343,9fbb4fb81255e1ed9e63bd649d72e106
"P6-4",paintball/runs/P64_t1_A0_20994019/ereq_d27febbe-8005-4cc8-9c83-7c44ff38c329-policy_agent_10.art.log,24436904,7338c403fc2044eb37eedeae001ab00a
"P6-4",paintball/runs/P64_t1_A0_20994019/ereq_d27febbe-8005-4cc8-9c83-7c44ff38c329-policy_agent_10.zip,776007,cebea8c1517888ecda5025e9080624f1
"P6-4",paintball/runs/P64_t1_A0_20994019/ereq_d27febbe-8005-4cc8-9c83-7c44ff38c329-policy_agent_11.art.log,25014541,33ab9aeb28fe16109c6d4a9fcea7a9c9
"P6-4",paintball/runs/P64_t1_A0_20994019/ereq_d27febbe-8005-4cc8-9c83-7c44ff38c329-policy_agent_11.zip,786111,59a96e0791e777efd55fc6b42a051f2c
"P6-4",paintball/runs/P64_t1_A0_21098748/ereq_44ef77d7-d7b2-443c-8886-daed1dc1ff9a-policy_agent_10.art.log,33964804,2d934651cf13f15610acad5a123289f8
"P6-4",paintball/runs/P64_t1_A0_21098748/ereq_44ef77d7-d7b2-443c-8886-daed1dc1ff9a-policy_agent_10.zip,768265,acec33482543a5f60221515b1e82a5d7
"P6-4",paintball/runs/P64_t1_A0_21098748/ereq_44ef77d7-d7b2-443c-8886-daed1dc1ff9a-policy_agent_11.art.log,37424046,5c63cdc490414a4dd03b8ff1157fe1e0
"P6-4",paintball/runs/P64_t1_A0_21098748/ereq_44ef77d7-d7b2-443c-8886-daed1dc1ff9a-policy_agent_11.zip,1052286,484243b36eab5fb1731426f424b15d57
"P6-4",paintball/runs/P64_t1_A0_21203477/ereq_82dd4f52-6fa1-4947-a986-696abd909c30-policy_agent_10.art.log,31775487,8fe0fa8edb61ab58837ca624bc12796f
"P6-4",paintball/runs/P64_t1_A0_21203477/ereq_82dd4f52-6fa1-4947-a986-696abd909c30-policy_agent_10.zip,774769,1050f1423aa063b060d417e2db457087
"P6-4",paintball/runs/P64_t1_A0_21203477/ereq_82dd4f52-6fa1-4947-a986-696abd909c30-policy_agent_11.art.log,29347798,8995505f162e3c600e80cf52af681e4b
"P6-4",paintball/runs/P64_t1_A0_21203477/ereq_82dd4f52-6fa1-4947-a986-696abd909c30-policy_agent_11.zip,605563,306867634c5b07faeb1290aa623ce348
"P6-4",paintball/runs/P64_t2_A1_20260916/ereq_4ce48009-efcd-4710-aac2-d371cd73cf11-policy_agent_10.art.log,32861960,89aeffe2e00f1884e57d03f360c5d942
"P6-4",paintball/runs/P64_t2_A1_20260916/ereq_4ce48009-efcd-4710-aac2-d371cd73cf11-policy_agent_10.zip,987011,d391e6849067a403c1c3999efc46263d
"P6-4",paintball/runs/P64_t2_A1_20260916/ereq_4ce48009-efcd-4710-aac2-d371cd73cf11-policy_agent_11.art.log,41287444,c6bd000105267ab30fec8c434848a699
"P6-4",paintball/runs/P64_t2_A1_20260916/ereq_4ce48009-efcd-4710-aac2-d371cd73cf11-policy_agent_11.zip,1210031,4410b2bec4d9c35ca293153ee2073c64
"P6-4",paintball/runs/P64_t2_A1_20365645/ereq_24e5c959-32cc-4ba0-86bc-38c44547ebc6-policy_agent_10.art.log,32766991,c95f853a35a2dc94904b82d8d60448fa
"P6-4",paintball/runs/P64_t2_A1_20365645/ereq_24e5c959-32cc-4ba0-86bc-38c44547ebc6-policy_agent_10.zip,1022984,9c517ac3fca7646d092fa8b23f2b3b80
"P6-4",paintball/runs/P64_t2_A1_20365645/ereq_24e5c959-32cc-4ba0-86bc-38c44547ebc6-policy_agent_11.art.log,26753520,d099bb3e4c10c5a64da88f8f0ce755f6
"P6-4",paintball/runs/P64_t2_A1_20365645/ereq_24e5c959-32cc-4ba0-86bc-38c44547ebc6-policy_agent_11.zip,759773,3f522cdd8ed7695769765e910db5b43b
"P6-4",paintball/runs/P64_t2_A1_20470374/ereq_014709aa-f0eb-40f6-9af1-3614c054f3f8-policy_agent_10.art.log,28390996,fab39fc1c02e0dc9f771753ec9f7783e
"P6-4",paintball/runs/P64_t2_A1_20470374/ereq_014709aa-f0eb-40f6-9af1-3614c054f3f8-policy_agent_10.zip,835504,23a1f28ee601a8e351ace9c67366b07e
"P6-4",paintball/runs/P64_t2_A1_20470374/ereq_014709aa-f0eb-40f6-9af1-3614c054f3f8-policy_agent_11.art.log,24141352,39f629120a286372c51e60642eef43a8
"P6-4",paintball/runs/P64_t2_A1_20470374/ereq_014709aa-f0eb-40f6-9af1-3614c054f3f8-policy_agent_11.zip,626235,e8ee874a74698d0b421fcac85f847ae9
"P6-4",paintball/runs/P64_t2_A1_20575103/ereq_b8955994-79cf-4810-a1a7-351160e682c9-policy_agent_10.art.log,23745361,e93a14732dabe89a864b726868a28492
"P6-4",paintball/runs/P64_t2_A1_20575103/ereq_b8955994-79cf-4810-a1a7-351160e682c9-policy_agent_10.zip,786809,9f3c4f018beb128e9aa99ebbffb25a6b
"P6-4",paintball/runs/P64_t2_A1_20575103/ereq_b8955994-79cf-4810-a1a7-351160e682c9-policy_agent_11.art.log,37087591,fdf5c4729909108fc63c765313a1e543
"P6-4",paintball/runs/P64_t2_A1_20575103/ereq_b8955994-79cf-4810-a1a7-351160e682c9-policy_agent_11.zip,1103455,8d5eb15bb79e36ba793dc10956942e4a
"P6-4",paintball/runs/P64_t2_A1_20679832/ereq_d12a3b19-7f95-43e2-8026-a41d46fd8fc9-policy_agent_10.art.log,35330327,d8079fd8bae879cba11076953115648b
"P6-4",paintball/runs/P64_t2_A1_20679832/ereq_d12a3b19-7f95-43e2-8026-a41d46fd8fc9-policy_agent_10.zip,1054805,429de68bc5ab3bb0d83a6341b315728d
"P6-4",paintball/runs/P64_t2_A1_20679832/ereq_d12a3b19-7f95-43e2-8026-a41d46fd8fc9-policy_agent_11.art.log,29272374,7b2382c7912a9a3758f5aafc488fff5f
"P6-4",paintball/runs/P64_t2_A1_20679832/ereq_d12a3b19-7f95-43e2-8026-a41d46fd8fc9-policy_agent_11.zip,823207,78166b193a914b6cb1a940d65a591d1b
"P6-4",paintball/runs/P64_t2_A1_20784561/ereq_de1394b3-8483-4be2-aba8-23b04e05fbec-policy_agent_10.art.log,34314501,ca36a56b7d63a6fb5be6186ad10e3ea2
"P6-4",paintball/runs/P64_t2_A1_20784561/ereq_de1394b3-8483-4be2-aba8-23b04e05fbec-policy_agent_10.zip,814974,dcb23d7a3a9a28171fbb0b0b27ee5341
"P6-4",paintball/runs/P64_t2_A1_20784561/ereq_de1394b3-8483-4be2-aba8-23b04e05fbec-policy_agent_11.art.log,37356427,f1960fbacea861ef34bf304a429ae8d3
"P6-4",paintball/runs/P64_t2_A1_20784561/ereq_de1394b3-8483-4be2-aba8-23b04e05fbec-policy_agent_11.zip,937938,7fa0dccae0c192313b3902c27b3e20c5
"P6-4",paintball/runs/P64_t2_A1_20889290/ereq_220fbbc2-ce96-4694-82f4-5710ba2b165a-policy_agent_10.art.log,30420556,33d84137c3874c6d94ad9454cbe2f711
"P6-4",paintball/runs/P64_t2_A1_20889290/ereq_220fbbc2-ce96-4694-82f4-5710ba2b165a-policy_agent_10.zip,757505,ef949495e1c7f859e17f10756f92d978
"P6-4",paintball/runs/P64_t2_A1_20889290/ereq_220fbbc2-ce96-4694-82f4-5710ba2b165a-policy_agent_11.art.log,30550126,f24e7708456b4229b7f81cad785b592f
"P6-4",paintball/runs/P64_t2_A1_20889290/ereq_220fbbc2-ce96-4694-82f4-5710ba2b165a-policy_agent_11.zip,901283,6aed3cd41ac02dc3b7f1865ce3dcc963
"P6-4",paintball/runs/P64_t2_A1_20994019/ereq_e36609dc-e276-4b50-9b0e-5dadcf48c519-policy_agent_10.art.log,37292083,85c455a7ae76dd56be412afef6624177
"P6-4",paintball/runs/P64_t2_A1_20994019/ereq_e36609dc-e276-4b50-9b0e-5dadcf48c519-policy_agent_10.zip,1252765,2157ef2b9693c8576df860c92d2a9914
"P6-4",paintball/runs/P64_t2_A1_20994019/ereq_e36609dc-e276-4b50-9b0e-5dadcf48c519-policy_agent_11.art.log,27879809,f94a891d8d7efea3dd89a4e35ea2d854
"P6-4",paintball/runs/P64_t2_A1_20994019/ereq_e36609dc-e276-4b50-9b0e-5dadcf48c519-policy_agent_11.zip,882685,226e2cfea93b029707b8edfd9d3af88c
"P6-4",paintball/runs/P64_t2_A1_21098748/ereq_6a2dfc6c-c959-440e-a185-838cb87d5c04-policy_agent_10.art.log,36923724,504fe943a7b3680d3eb87e0898157d55
"P6-4",paintball/runs/P64_t2_A1_21098748/ereq_6a2dfc6c-c959-440e-a185-838cb87d5c04-policy_agent_10.zip,1098624,b5cbb5e06ea1c3082a542eb9a1acf846
"P6-4",paintball/runs/P64_t2_A1_21098748/ereq_6a2dfc6c-c959-440e-a185-838cb87d5c04-policy_agent_11.art.log,37715021,8d27350232a4b4e840ea7170ae91ea1a
"P6-4",paintball/runs/P64_t2_A1_21098748/ereq_6a2dfc6c-c959-440e-a185-838cb87d5c04-policy_agent_11.zip,1142178,32431c3680d1f542a2013203bf1b1fa4
"P6-4",paintball/runs/P64_t2_A1_21203477/ereq_bdb607a3-1d52-403c-abb7-32d95c981b46-policy_agent_10.art.log,37529052,071a90ce0a7d81249f0dc85b1ae08266
"P6-4",paintball/runs/P64_t2_A1_21203477/ereq_bdb607a3-1d52-403c-abb7-32d95c981b46-policy_agent_10.zip,1098398,e19aced836e186cffbf15802f46cbaa0
"P6-4",paintball/runs/P64_t2_A1_21203477/ereq_bdb607a3-1d52-403c-abb7-32d95c981b46-policy_agent_11.art.log,28547022,22d92bc655df098a092d7cb6d0158e13
"P6-4",paintball/runs/P64_t2_A1_21203477/ereq_bdb607a3-1d52-403c-abb7-32d95c981b46-policy_agent_11.zip,787971,b35dfeb5775f8f346a53f946ddd1beac
"P6-4",paintball/runs/P64_t3_A0_21308206/ereq_3ac637d2-c11f-488c-b1a8-e587c8a08edd-policy_agent_10.art.log,2173325,6613fb0572a7cac45a002481909ca6ef
"P6-4",paintball/runs/P64_t3_A0_21308206/ereq_3ac637d2-c11f-488c-b1a8-e587c8a08edd-policy_agent_10.zip,59780,f68325e6fcaf549bce27627b607cb838
"P6-4",paintball/runs/P64_t3_A0_21308206/ereq_3ac637d2-c11f-488c-b1a8-e587c8a08edd-policy_agent_11.art.log,2467736,15c35db03add327333dc6a37acec0dd8
"P6-4",paintball/runs/P64_t3_A0_21308206/ereq_3ac637d2-c11f-488c-b1a8-e587c8a08edd-policy_agent_11.zip,77957,f0adf28fc517cc4b061b5e1cd0d336d9
"P6-4",paintball/runs/P64_t3_A0_21412935/ereq_5289a584-afba-4e2a-883e-ce5e802aa81f-policy_agent_10.art.log,38481103,a65a551690dc4a8aba6a640c4669988b
"P6-4",paintball/runs/P64_t3_A0_21412935/ereq_5289a584-afba-4e2a-883e-ce5e802aa81f-policy_agent_10.zip,949320,4ad0bf1c4dc1e5a4e8346f3ce5e243c3
"P6-4",paintball/runs/P64_t3_A0_21412935/ereq_5289a584-afba-4e2a-883e-ce5e802aa81f-policy_agent_11.art.log,32382766,fe730a38d5001959b166c062076acfb8
"P6-4",paintball/runs/P64_t3_A0_21412935/ereq_5289a584-afba-4e2a-883e-ce5e802aa81f-policy_agent_11.zip,913609,895d78339e2ac444b2cfa7914a0fb6ee
"P6-4",paintball/runs/P64_t3_A0_21517664/ereq_8afb7cbb-c1ad-4ce2-89e7-82623cb4b24e-policy_agent_10.art.log,33791528,16a2cabf9a13e217bf0362ef64da0ffe
"P6-4",paintball/runs/P64_t3_A0_21517664/ereq_8afb7cbb-c1ad-4ce2-89e7-82623cb4b24e-policy_agent_10.zip,1044295,a0a2c037a54f045975ed96e7db36ecdc
"P6-4",paintball/runs/P64_t3_A0_21517664/ereq_8afb7cbb-c1ad-4ce2-89e7-82623cb4b24e-policy_agent_11.art.log,20394357,bb672d0122c3d3454cd53fa79c73f08e
"P6-4",paintball/runs/P64_t3_A0_21517664/ereq_8afb7cbb-c1ad-4ce2-89e7-82623cb4b24e-policy_agent_11.zip,600500,f4f3265efa7517b62dc846871c020843
"P6-4",paintball/runs/P64_t3_A0_21622393/ereq_20093cf0-4449-464c-9bd4-84bc27468322-policy_agent_10.art.log,39465874,a76900eaca963e28b79baaee3119ce05
"P6-4",paintball/runs/P64_t3_A0_21622393/ereq_20093cf0-4449-464c-9bd4-84bc27468322-policy_agent_10.zip,1050098,687a0509f03556bda16d60bf4565b526
"P6-4",paintball/runs/P64_t3_A0_21622393/ereq_20093cf0-4449-464c-9bd4-84bc27468322-policy_agent_11.art.log,33921709,a493c8d388925857415d26774696fcff
"P6-4",paintball/runs/P64_t3_A0_21622393/ereq_20093cf0-4449-464c-9bd4-84bc27468322-policy_agent_11.zip,874687,d2eeab2362b868964ec1fc066e3cd0df
"P6-4",paintball/runs/P64_t3_A0_21727122/ereq_8dcef851-a59e-45c1-a5d3-8e7002c8bf3b-policy_agent_10.art.log,35446374,25e23b5ed62582916f00b7c29bd6e224
"P6-4",paintball/runs/P64_t3_A0_21727122/ereq_8dcef851-a59e-45c1-a5d3-8e7002c8bf3b-policy_agent_10.zip,979676,8101d52eb1e251edd0fb6b3105b05a45
"P6-4",paintball/runs/P64_t3_A0_21727122/ereq_8dcef851-a59e-45c1-a5d3-8e7002c8bf3b-policy_agent_11.art.log,32989146,887f59fccbca1a73f6ba692fd0399615
"P6-4",paintball/runs/P64_t3_A0_21727122/ereq_8dcef851-a59e-45c1-a5d3-8e7002c8bf3b-policy_agent_11.zip,924773,03022a9bd361b05ab815ed0511964dfa
"P6-4",paintball/runs/P64_t3_A0_21831851/ereq_762ed743-3ea4-4d5d-8141-31a5f314a636-policy_agent_10.art.log,37338617,8397fff630601471a6a1a81df421c765
"P6-4",paintball/runs/P64_t3_A0_21831851/ereq_762ed743-3ea4-4d5d-8141-31a5f314a636-policy_agent_10.zip,783284,826a6d2985edbe32b766e29fce966fa8
"P6-4",paintball/runs/P64_t3_A0_21831851/ereq_762ed743-3ea4-4d5d-8141-31a5f314a636-policy_agent_11.art.log,39038349,40147dc9957b3b8497c1173266e06262
"P6-4",paintball/runs/P64_t3_A0_21831851/ereq_762ed743-3ea4-4d5d-8141-31a5f314a636-policy_agent_11.zip,914941,0bd143d6a78e5e04ee6f972f5a674486
"P6-4",paintball/runs/P64_t3_A0_21936580/ereq_662db49c-6467-46ff-9d1c-97ce5a727808-policy_agent_10.art.log,38090329,394215e6fa1cb1bc4d4ca3390335fd42
"P6-4",paintball/runs/P64_t3_A0_21936580/ereq_662db49c-6467-46ff-9d1c-97ce5a727808-policy_agent_10.zip,946241,a5bfa03d18bdd70f07597f23ab460025
"P6-4",paintball/runs/P64_t3_A0_21936580/ereq_662db49c-6467-46ff-9d1c-97ce5a727808-policy_agent_11.art.log,38868507,fe273d1b922c1bdcb5df6791fdde7d51
"P6-4",paintball/runs/P64_t3_A0_21936580/ereq_662db49c-6467-46ff-9d1c-97ce5a727808-policy_agent_11.zip,1004583,fb2ebaab35be6b7324a9a24713e89d36
"P6-4",paintball/runs/P64_t3_A0_22041309/ereq_e31a289e-88c7-4ee4-aac5-90d6f761114c-policy_agent_10.art.log,30379166,835efd0b148513e06d3d2f0890610109
"P6-4",paintball/runs/P64_t3_A0_22041309/ereq_e31a289e-88c7-4ee4-aac5-90d6f761114c-policy_agent_10.zip,877572,46838916ab76cc9a6b2b4044284ac370
"P6-4",paintball/runs/P64_t3_A0_22041309/ereq_e31a289e-88c7-4ee4-aac5-90d6f761114c-policy_agent_11.art.log,37383818,242d1a46b8018423e0a99372a256614c
"P6-4",paintball/runs/P64_t3_A0_22041309/ereq_e31a289e-88c7-4ee4-aac5-90d6f761114c-policy_agent_11.zip,1154772,4d8b916b08518a46c4358f0c52cef2e9
"P6-4",paintball/runs/P64_t3_A0_22146038/ereq_c6640d7b-5b4b-41e8-9de5-d82f78848626-policy_agent_10.art.log,33970485,592b78e5a610468f09a480d104580fba
"P6-4",paintball/runs/P64_t3_A0_22146038/ereq_c6640d7b-5b4b-41e8-9de5-d82f78848626-policy_agent_10.zip,1107864,5ff7e279d3fb7a5739f96c09d2854705
"P6-4",paintball/runs/P64_t3_A0_22146038/ereq_c6640d7b-5b4b-41e8-9de5-d82f78848626-policy_agent_11.art.log,28072500,d7da0cd0d25cb8f8c2dcafb7322cb78b
"P6-4",paintball/runs/P64_t3_A0_22146038/ereq_c6640d7b-5b4b-41e8-9de5-d82f78848626-policy_agent_11.zip,844937,71baf251636f4a4869c2e01db2587e45
"P6-4",paintball/runs/P64_t3_A0_22250767/ereq_b31ff927-537e-40ba-a9c2-43597f5d6055-policy_agent_10.art.log,34038529,9ec287b2d8d037c5e723a7fc1dc5d434
"P6-4",paintball/runs/P64_t3_A0_22250767/ereq_b31ff927-537e-40ba-a9c2-43597f5d6055-policy_agent_10.zip,964871,36ef7833b417af348a47b70be351b3c3
"P6-4",paintball/runs/P64_t3_A0_22250767/ereq_b31ff927-537e-40ba-a9c2-43597f5d6055-policy_agent_11.art.log,29781890,78896003a84da8c99a6035de9c753263
"P6-4",paintball/runs/P64_t3_A0_22250767/ereq_b31ff927-537e-40ba-a9c2-43597f5d6055-policy_agent_11.zip,895751,2d83c8920e5e1a44d2574c52a2f56dab
"P6-4",paintball/runs/P64_t4_A1_21308206/ereq_0facda6b-ffb3-46a1-a893-a1260cb44417-policy_agent_10.art.log,33795854,7d61d9394b45d2995fa63f2911e0e99d
"P6-4",paintball/runs/P64_t4_A1_21308206/ereq_0facda6b-ffb3-46a1-a893-a1260cb44417-policy_agent_10.zip,1082384,e2343bab095f6322c4c5ac1108a08009
"P6-4",paintball/runs/P64_t4_A1_21308206/ereq_0facda6b-ffb3-46a1-a893-a1260cb44417-policy_agent_11.art.log,27078563,32394536016fba8ed24c22bac7dae4b3
"P6-4",paintball/runs/P64_t4_A1_21308206/ereq_0facda6b-ffb3-46a1-a893-a1260cb44417-policy_agent_11.zip,787590,6a6bb6424891f0232a884a492efa7190
"P6-4",paintball/runs/P64_t4_A1_21412935/ereq_11f07118-3f55-4088-8872-dd8ed0e73919-policy_agent_10.art.log,37510871,d054d540443003ee1a4f378d5536bf6d
"P6-4",paintball/runs/P64_t4_A1_21412935/ereq_11f07118-3f55-4088-8872-dd8ed0e73919-policy_agent_10.zip,1014868,dd75d2547540675ac9e7e4f665d90f37
"P6-4",paintball/runs/P64_t4_A1_21412935/ereq_11f07118-3f55-4088-8872-dd8ed0e73919-policy_agent_11.art.log,34775469,dfddd37cfb639e81c67a18afd3c75e81
"P6-4",paintball/runs/P64_t4_A1_21412935/ereq_11f07118-3f55-4088-8872-dd8ed0e73919-policy_agent_11.zip,1062917,926e40c494814a40c5054654bc088dad
"P6-4",paintball/runs/P64_t4_A1_21517664/ereq_0f4e8bbc-a14b-4a52-9e03-f5a7175de6cd-policy_agent_10.art.log,35573399,b68d8de856c4c8e1d18af9030c0aa9c8
"P6-4",paintball/runs/P64_t4_A1_21517664/ereq_0f4e8bbc-a14b-4a52-9e03-f5a7175de6cd-policy_agent_10.zip,943918,decc36897e2a7cafd6fac8b801e5a808
"P6-4",paintball/runs/P64_t4_A1_21517664/ereq_0f4e8bbc-a14b-4a52-9e03-f5a7175de6cd-policy_agent_11.art.log,30064415,5c23bfb92312f165398d993b55fd313c
"P6-4",paintball/runs/P64_t4_A1_21517664/ereq_0f4e8bbc-a14b-4a52-9e03-f5a7175de6cd-policy_agent_11.zip,931467,c113d055ff6f2e3ca9a6cccc7e8d48b6
"P6-4",paintball/runs/P64_t4_A1_21622393/ereq_6ab76d49-c7cc-48d3-bdfd-de1118b114c6-policy_agent_10.art.log,33738834,39003c2270f9b61403456566a817c732
"P6-4",paintball/runs/P64_t4_A1_21622393/ereq_6ab76d49-c7cc-48d3-bdfd-de1118b114c6-policy_agent_10.zip,975576,33ee7d80cbe756553d7c58785bcead18
"P6-4",paintball/runs/P64_t4_A1_21622393/ereq_6ab76d49-c7cc-48d3-bdfd-de1118b114c6-policy_agent_11.art.log,21748977,87943010049a5a44be86d7506605acf7
"P6-4",paintball/runs/P64_t4_A1_21622393/ereq_6ab76d49-c7cc-48d3-bdfd-de1118b114c6-policy_agent_11.zip,720639,6592dc1065e012fac9d3d4cd59eaec69
"P6-4",paintball/runs/P64_t4_A1_21727122/ereq_502c585e-e40b-4d06-a878-834118bd280c-policy_agent_10.art.log,26596426,e9fa8cc6aa10ac7e8443eaa70ee261c6
"P6-4",paintball/runs/P64_t4_A1_21727122/ereq_502c585e-e40b-4d06-a878-834118bd280c-policy_agent_10.zip,771462,643e1335cf1ce77e4f14278db0d09360
"P6-4",paintball/runs/P64_t4_A1_21727122/ereq_502c585e-e40b-4d06-a878-834118bd280c-policy_agent_11.art.log,30220850,b850655c2dd0b433cb38c8d777fe74c4
"P6-4",paintball/runs/P64_t4_A1_21727122/ereq_502c585e-e40b-4d06-a878-834118bd280c-policy_agent_11.zip,924880,77c00a48b07bce4571f961178ccea3ac
"P6-4",paintball/runs/P64_t4_A1_21831851/ereq_248893f0-280f-4c0d-8987-f81567104c57-policy_agent_10.art.log,33587908,84595c83709c7db128f7281bdf12bf7c
"P6-4",paintball/runs/P64_t4_A1_21831851/ereq_248893f0-280f-4c0d-8987-f81567104c57-policy_agent_10.zip,1074939,f8a555886579d1b82b88593c712b340e
"P6-4",paintball/runs/P64_t4_A1_21831851/ereq_248893f0-280f-4c0d-8987-f81567104c57-policy_agent_11.art.log,26084759,b84ea6ae2e5c2460c6b861ddd1f3a329
"P6-4",paintball/runs/P64_t4_A1_21831851/ereq_248893f0-280f-4c0d-8987-f81567104c57-policy_agent_11.zip,766089,0f0a390867b0d723b6048139dbb0de62
"P6-4",paintball/runs/P64_t4_A1_21936580/ereq_794607bb-2039-46cb-842f-7265f48e7690-policy_agent_10.art.log,38836580,7defcd6706abe673a83118430e8dc4b8
"P6-4",paintball/runs/P64_t4_A1_21936580/ereq_794607bb-2039-46cb-842f-7265f48e7690-policy_agent_10.zip,1105054,a8a72741cec5e35d9fe8bb5174fd51e4
"P6-4",paintball/runs/P64_t4_A1_21936580/ereq_794607bb-2039-46cb-842f-7265f48e7690-policy_agent_11.art.log,28372764,6012ae9a937c43cff6c66ea8bf9e5bc9
"P6-4",paintball/runs/P64_t4_A1_21936580/ereq_794607bb-2039-46cb-842f-7265f48e7690-policy_agent_11.zip,800966,6d79c84cf4f6bc4da2825b483d80be9a
"P6-4",paintball/runs/P64_t4_A1_22041309/ereq_f964be87-2578-475e-a451-3562c789c600-policy_agent_10.art.log,24735921,fa68abde93990d1811b71c9f257c3c6e
"P6-4",paintball/runs/P64_t4_A1_22041309/ereq_f964be87-2578-475e-a451-3562c789c600-policy_agent_10.zip,774539,2a3b501c0b9f3c917964deac4fa065a0
"P6-4",paintball/runs/P64_t4_A1_22041309/ereq_f964be87-2578-475e-a451-3562c789c600-policy_agent_11.art.log,31853308,b4b8a632f0f657dff48ae45cc93fd85b
"P6-4",paintball/runs/P64_t4_A1_22041309/ereq_f964be87-2578-475e-a451-3562c789c600-policy_agent_11.zip,941043,50cf5aa11fa2ea8e512f0243dbffb2af
"P6-4",paintball/runs/P64_t4_A1_22146038/ereq_92a1c0d9-25e9-498e-bda2-ea90fb5be38b-policy_agent_10.art.log,33000010,0fde5a7d169bcf97b1aa96b95b772952
"P6-4",paintball/runs/P64_t4_A1_22146038/ereq_92a1c0d9-25e9-498e-bda2-ea90fb5be38b-policy_agent_10.zip,1014630,6df3718f17fbf127e0f780644e741657
"P6-4",paintball/runs/P64_t4_A1_22146038/ereq_92a1c0d9-25e9-498e-bda2-ea90fb5be38b-policy_agent_11.art.log,37600479,64af324a4b129bcf2591883fcf4038d1
"P6-4",paintball/runs/P64_t4_A1_22146038/ereq_92a1c0d9-25e9-498e-bda2-ea90fb5be38b-policy_agent_11.zip,1250266,9558ebecd5a3beccec1d3a5506034c56
"P6-4",paintball/runs/P64_t4_A1_22250767/ereq_418f19f0-fa38-4137-bfb6-5ff18ecf4400-policy_agent_10.art.log,29930794,569b2edd599837f3baace83a7aaac2f6
"P6-4",paintball/runs/P64_t4_A1_22250767/ereq_418f19f0-fa38-4137-bfb6-5ff18ecf4400-policy_agent_10.zip,845793,364ade8d82ed69b9e1a2eb36a85ec3d8
"P6-4",paintball/runs/P64_t4_A1_22250767/ereq_418f19f0-fa38-4137-bfb6-5ff18ecf4400-policy_agent_11.art.log,30767155,947c6ae5646a0fd44e7be5924b341cc2
"P6-4",paintball/runs/P64_t4_A1_22250767/ereq_418f19f0-fa38-4137-bfb6-5ff18ecf4400-policy_agent_11.zip,908797,377d7202c5fba43c9eabcae996a3ee26
"P6-6",paintball/runs/P66_t1_A0_20260916/ereq_c91e3d1f-8046-4f21-b524-6c52ed61fca6-policy_agent_10.art.log,35777931,e0fb17fe7b2921e1c847a9bcc3d7e6ce
"P6-6",paintball/runs/P66_t1_A0_20260916/ereq_c91e3d1f-8046-4f21-b524-6c52ed61fca6-policy_agent_10.zip,1072842,8767ce8d57df7a43ff0f42d0d5107af4
"P6-6",paintball/runs/P66_t1_A0_20260916/ereq_c91e3d1f-8046-4f21-b524-6c52ed61fca6-policy_agent_11.art.log,27825526,7a96b11f05a5b31ff9407ac2bbdf02d5
"P6-6",paintball/runs/P66_t1_A0_20260916/ereq_c91e3d1f-8046-4f21-b524-6c52ed61fca6-policy_agent_11.zip,613705,c991140b51998728ef8be67d0f1ccc60
"P6-6",paintball/runs/P66_t1_A0_20365645/ereq_4f707ef8-9a1d-4b95-954c-5662b71b0b01-policy_agent_10.art.log,34246136,914aa2d21198d4771661d9f26f9d45d2
"P6-6",paintball/runs/P66_t1_A0_20365645/ereq_4f707ef8-9a1d-4b95-954c-5662b71b0b01-policy_agent_10.zip,1011063,1ddd93ffbc97ad825ddda92bab747bc3
"P6-6",paintball/runs/P66_t1_A0_20365645/ereq_4f707ef8-9a1d-4b95-954c-5662b71b0b01-policy_agent_11.art.log,27017594,a12698b8816e10afb83a50df6c7bf96b
"P6-6",paintball/runs/P66_t1_A0_20365645/ereq_4f707ef8-9a1d-4b95-954c-5662b71b0b01-policy_agent_11.zip,745670,8acf037c57fd35ab806e3d8b2920029b
"P6-6",paintball/runs/P66_t1_A0_20470374/ereq_9b714080-14c0-4634-8e1a-21234fa21cff-policy_agent_10.art.log,40624272,a01a044220e6320ff9fda81f0bcf4b30
"P6-6",paintball/runs/P66_t1_A0_20470374/ereq_9b714080-14c0-4634-8e1a-21234fa21cff-policy_agent_10.zip,898332,99a8fd9827857f6e36a0afc3e0a33914
"P6-6",paintball/runs/P66_t1_A0_20470374/ereq_9b714080-14c0-4634-8e1a-21234fa21cff-policy_agent_11.art.log,38923294,5131cc954d6cc3f44d56e5ce012561b7
"P6-6",paintball/runs/P66_t1_A0_20470374/ereq_9b714080-14c0-4634-8e1a-21234fa21cff-policy_agent_11.zip,867663,ef34f740828562a79c33998519b8bc37
"P6-6",paintball/runs/P66_t1_A0_20575103/ereq_c918a8d6-6309-42ac-8321-01d02059fd6d-policy_agent_10.art.log,29958777,3eec93a984cd8a789f144b81acec34df
"P6-6",paintball/runs/P66_t1_A0_20575103/ereq_c918a8d6-6309-42ac-8321-01d02059fd6d-policy_agent_10.zip,897992,22b9e11203c29a06cae3e5f0deec9153
"P6-6",paintball/runs/P66_t1_A0_20575103/ereq_c918a8d6-6309-42ac-8321-01d02059fd6d-policy_agent_11.art.log,28696980,a4bb815ce1e4b3ef4075c6abc354dadd
"P6-6",paintball/runs/P66_t1_A0_20575103/ereq_c918a8d6-6309-42ac-8321-01d02059fd6d-policy_agent_11.zip,803605,ee329fcb2b2e1c911907919f1d2d9d62
"P6-6",paintball/runs/P66_t1_A0_20679832/ereq_f53f5753-14cc-403f-8496-37562e91f5f7-policy_agent_10.art.log,30483938,5608114d45baf8d67b687c024f825f4b
"P6-6",paintball/runs/P66_t1_A0_20679832/ereq_f53f5753-14cc-403f-8496-37562e91f5f7-policy_agent_10.zip,942446,e34dbd8da768fb8bd5958ed596b6fbf5
"P6-6",paintball/runs/P66_t1_A0_20679832/ereq_f53f5753-14cc-403f-8496-37562e91f5f7-policy_agent_11.art.log,30344566,57eced37f5a4fba58eba181ff015e22b
"P6-6",paintball/runs/P66_t1_A0_20679832/ereq_f53f5753-14cc-403f-8496-37562e91f5f7-policy_agent_11.zip,919843,800536715657269c878b119fb9c1fb3b
"P6-6",paintball/runs/P66_t1_A0_20784561/ereq_a7ade7ba-b4be-422c-82d6-205f3374cfa7-policy_agent_10.art.log,33764228,290739839cab7f78dbf19a2dc8288cfc
"P6-6",paintball/runs/P66_t1_A0_20784561/ereq_a7ade7ba-b4be-422c-82d6-205f3374cfa7-policy_agent_10.zip,871310,3be45d4c0d5eb40d35b38725c68cf209
"P6-6",paintball/runs/P66_t1_A0_20784561/ereq_a7ade7ba-b4be-422c-82d6-205f3374cfa7-policy_agent_11.art.log,38962616,c28d08e405342c61862032d1de0c1590
"P6-6",paintball/runs/P66_t1_A0_20784561/ereq_a7ade7ba-b4be-422c-82d6-205f3374cfa7-policy_agent_11.zip,1122873,44b8c9d4705056cd29a86d218262dccd
"P6-6",paintball/runs/P66_t1_A0_20889290/ereq_b47e575a-d15e-4b59-be13-8f481b60116c-policy_agent_10.art.log,37439595,54e11d27ffd80fc8d742f3472e236bba
"P6-6",paintball/runs/P66_t1_A0_20889290/ereq_b47e575a-d15e-4b59-be13-8f481b60116c-policy_agent_10.zip,981114,cc7a485aec28be37cabf9de5fb818140
"P6-6",paintball/runs/P66_t1_A0_20889290/ereq_b47e575a-d15e-4b59-be13-8f481b60116c-policy_agent_11.art.log,34747161,04b4273da3a7776203399933a032d965
"P6-6",paintball/runs/P66_t1_A0_20889290/ereq_b47e575a-d15e-4b59-be13-8f481b60116c-policy_agent_11.zip,924258,18226b7ac24312c723bef777f9991a2b
"P6-6",paintball/runs/P66_t1_A0_20994019/ereq_8f7f8349-3f82-4ad0-84d8-e552b54bdb2c-policy_agent_10.art.log,41452685,57d78f0dca816c8405eb6022098fad91
"P6-6",paintball/runs/P66_t1_A0_20994019/ereq_8f7f8349-3f82-4ad0-84d8-e552b54bdb2c-policy_agent_10.zip,1017122,18340591f913900129644de2e114a2fc
"P6-6",paintball/runs/P66_t1_A0_20994019/ereq_8f7f8349-3f82-4ad0-84d8-e552b54bdb2c-policy_agent_11.art.log,45371780,1a0fbf687a2fc25fd79a177bec07d531
"P6-6",paintball/runs/P66_t1_A0_20994019/ereq_8f7f8349-3f82-4ad0-84d8-e552b54bdb2c-policy_agent_11.zip,1070065,b1f594b7aa11a28d720d1fd5a404d221
"P6-6",paintball/runs/P66_t1_A0_21098748/ereq_3931f13b-3745-4d3d-aed3-bdd6ac599f9c-policy_agent_10.art.log,33382934,4fee731975d76c16ac160d3bcf3ff0fb
"P6-6",paintball/runs/P66_t1_A0_21098748/ereq_3931f13b-3745-4d3d-aed3-bdd6ac599f9c-policy_agent_10.zip,928893,c1fd2bc469a03bc7d0abb1414cd0fb86
"P6-6",paintball/runs/P66_t1_A0_21098748/ereq_3931f13b-3745-4d3d-aed3-bdd6ac599f9c-policy_agent_11.art.log,34728753,ba299d1c0c26f798fe52aff0ee901d30
"P6-6",paintball/runs/P66_t1_A0_21098748/ereq_3931f13b-3745-4d3d-aed3-bdd6ac599f9c-policy_agent_11.zip,1027556,c2c5ff8c0eb829b568a59e15901c4047
"P6-6",paintball/runs/P66_t1_A0_21203477/ereq_018fff07-95ee-4b2e-932d-60d9f8c8039d-policy_agent_10.art.log,32972454,8d33da001580db843c3d52f65455f49d
"P6-6",paintball/runs/P66_t1_A0_21203477/ereq_018fff07-95ee-4b2e-932d-60d9f8c8039d-policy_agent_10.zip,897531,512653152fad9602197447415360ccf9
"P6-6",paintball/runs/P66_t1_A0_21203477/ereq_018fff07-95ee-4b2e-932d-60d9f8c8039d-policy_agent_11.art.log,33309395,68e68f48a551712eb5b7841528780234
"P6-6",paintball/runs/P66_t1_A0_21203477/ereq_018fff07-95ee-4b2e-932d-60d9f8c8039d-policy_agent_11.zip,893393,0c8c5be70f0ec3c2552071428a2f72ce
"P6-6",paintball/runs/P66_t2_A1_20260916/ereq_dd6ce895-90b6-4628-8dc5-d1d270253adc-policy_agent_10.art.log,25489902,501cb958775f11bcf24d020195c45697
"P6-6",paintball/runs/P66_t2_A1_20260916/ereq_dd6ce895-90b6-4628-8dc5-d1d270253adc-policy_agent_10.zip,719581,03362f4296dfe85c18d46acd978985e0
"P6-6",paintball/runs/P66_t2_A1_20260916/ereq_dd6ce895-90b6-4628-8dc5-d1d270253adc-policy_agent_11.art.log,25105651,405f1af636b1d220978ac33e9400972e
"P6-6",paintball/runs/P66_t2_A1_20260916/ereq_dd6ce895-90b6-4628-8dc5-d1d270253adc-policy_agent_11.zip,767974,4250b29176c38cef67ce92e351193403
"P6-6",paintball/runs/P66_t2_A1_20365645/ereq_e413c477-5bd0-4ce0-8e8c-bdda325da774-policy_agent_10.art.log,29811090,fefe4f6df01b0b7244a56b729c4cf586
"P6-6",paintball/runs/P66_t2_A1_20365645/ereq_e413c477-5bd0-4ce0-8e8c-bdda325da774-policy_agent_10.zip,971993,749b8251d73c85fa4549489c0e016261
"P6-6",paintball/runs/P66_t2_A1_20365645/ereq_e413c477-5bd0-4ce0-8e8c-bdda325da774-policy_agent_11.art.log,33692920,0d94cc12498b1110e846bcc6cb6c1906
"P6-6",paintball/runs/P66_t2_A1_20365645/ereq_e413c477-5bd0-4ce0-8e8c-bdda325da774-policy_agent_11.zip,1122429,65ce65dae909e9159db8dc4c071af59c
"P6-6",paintball/runs/P66_t2_A1_20470374/ereq_569165cd-769a-40bc-a117-5c35254f509c-policy_agent_10.art.log,31959040,b01601623af429441b83edbf24701cc7
"P6-6",paintball/runs/P66_t2_A1_20470374/ereq_569165cd-769a-40bc-a117-5c35254f509c-policy_agent_10.zip,801246,d9d0487acf37f018d6b8a96c99fd2f7e
"P6-6",paintball/runs/P66_t2_A1_20470374/ereq_569165cd-769a-40bc-a117-5c35254f509c-policy_agent_11.art.log,36259592,643a5aa3cd7bbb054c5255ba572e05b2
"P6-6",paintball/runs/P66_t2_A1_20470374/ereq_569165cd-769a-40bc-a117-5c35254f509c-policy_agent_11.zip,945942,9d74bd25eba0561f21203a07822fb954
"P6-6",paintball/runs/P66_t2_A1_20575103/ereq_b7f5b699-93ab-4762-83c0-c749ea39c762-policy_agent_10.art.log,24697848,3fe33b76ccc6e50aa5b7a64a9a042029
"P6-6",paintball/runs/P66_t2_A1_20575103/ereq_b7f5b699-93ab-4762-83c0-c749ea39c762-policy_agent_10.zip,892099,be94b127524d4e16ff4eab4c75cd8a71
"P6-6",paintball/runs/P66_t2_A1_20575103/ereq_b7f5b699-93ab-4762-83c0-c749ea39c762-policy_agent_11.art.log,6092061,3e29e8b5e753bc6e7217337d121cb537
"P6-6",paintball/runs/P66_t2_A1_20575103/ereq_b7f5b699-93ab-4762-83c0-c749ea39c762-policy_agent_11.zip,207017,df3ebb1ac6e016dd034e3c28f8840ff4
"P6-6",paintball/runs/P66_t2_A1_20679832/ereq_5861d8d6-e7f3-47bf-866c-a923559e26d5-policy_agent_10.art.log,30224697,a8337dc8eef0e846c401be303fb0f748
"P6-6",paintball/runs/P66_t2_A1_20679832/ereq_5861d8d6-e7f3-47bf-866c-a923559e26d5-policy_agent_10.zip,1063874,a724515d9d8a3e5f6ad4b63183e71649
"P6-6",paintball/runs/P66_t2_A1_20679832/ereq_5861d8d6-e7f3-47bf-866c-a923559e26d5-policy_agent_11.art.log,25334561,77feeea43178a8ee540246cd5d29477f
"P6-6",paintball/runs/P66_t2_A1_20679832/ereq_5861d8d6-e7f3-47bf-866c-a923559e26d5-policy_agent_11.zip,751229,4a3121b76a54273d276fe850913200c2
"P6-6",paintball/runs/P66_t2_A1_20784561/ereq_19b28ebc-e11b-48ae-8d86-c4586dcc9512-policy_agent_10.art.log,38729377,c4aa8959f48ec1bd510da2e3f23f98e5
"P6-6",paintball/runs/P66_t2_A1_20784561/ereq_19b28ebc-e11b-48ae-8d86-c4586dcc9512-policy_agent_10.zip,1112679,1b7ef990e5cb164b7193a074701395d2
"P6-6",paintball/runs/P66_t2_A1_20784561/ereq_19b28ebc-e11b-48ae-8d86-c4586dcc9512-policy_agent_11.art.log,22103408,d6a8133ed24668c39bc4c9ba9ed65c5a
"P6-6",paintball/runs/P66_t2_A1_20784561/ereq_19b28ebc-e11b-48ae-8d86-c4586dcc9512-policy_agent_11.zip,643767,ab3156487d7e67d472ba20e4e92eadfc
"P6-6",paintball/runs/P66_t2_A1_20889290/ereq_dc0869e3-207f-4af5-8759-f5b694f6bc9e-policy_agent_10.art.log,33634257,46b186a58fa4d3ba787c077aee701207
"P6-6",paintball/runs/P66_t2_A1_20889290/ereq_dc0869e3-207f-4af5-8759-f5b694f6bc9e-policy_agent_10.zip,915530,fe4c258412afa403e2de8c3c7fb8f9e6
"P6-6",paintball/runs/P66_t2_A1_20889290/ereq_dc0869e3-207f-4af5-8759-f5b694f6bc9e-policy_agent_11.art.log,31604930,609c9544a255d53af70cbdcfdb243bc3
"P6-6",paintball/runs/P66_t2_A1_20889290/ereq_dc0869e3-207f-4af5-8759-f5b694f6bc9e-policy_agent_11.zip,927324,a156067f7caab2897d7220430ed0bd01
"P6-6",paintball/runs/P66_t2_A1_20994019/ereq_60fc2242-d195-477c-a552-a60c3c361a2f-policy_agent_10.art.log,24005823,076e10a3fd42cc3dfe4f08d54fd5801a
"P6-6",paintball/runs/P66_t2_A1_20994019/ereq_60fc2242-d195-477c-a552-a60c3c361a2f-policy_agent_10.zip,937393,68975c5a913b2dd664a819ab0c7d4fc6
"P6-6",paintball/runs/P66_t2_A1_20994019/ereq_60fc2242-d195-477c-a552-a60c3c361a2f-policy_agent_11.art.log,4901531,d3ed14f4a80486352319d60e2cd93e13
"P6-6",paintball/runs/P66_t2_A1_20994019/ereq_60fc2242-d195-477c-a552-a60c3c361a2f-policy_agent_11.zip,163854,5c4b7170ce4a5bf5884844285b8c73e1
"P6-6",paintball/runs/P66_t2_A1_21098748/ereq_1a28c47a-cbde-4b88-bedc-4d5768cd55a1-policy_agent_10.art.log,29617175,fac74dc6e9318e718c05f1d70ae93627
"P6-6",paintball/runs/P66_t2_A1_21098748/ereq_1a28c47a-cbde-4b88-bedc-4d5768cd55a1-policy_agent_10.zip,771000,515f5b3cf7e6181189c30ee379a8e7c7
"P6-6",paintball/runs/P66_t2_A1_21098748/ereq_1a28c47a-cbde-4b88-bedc-4d5768cd55a1-policy_agent_11.art.log,32989004,0ce4202e0ad9f1481797c25d0b65dee1
"P6-6",paintball/runs/P66_t2_A1_21098748/ereq_1a28c47a-cbde-4b88-bedc-4d5768cd55a1-policy_agent_11.zip,952046,1ade00212e318092ef7670bd0add30d1
"P6-6",paintball/runs/P66_t2_A1_21203477/ereq_31063ae9-966e-49df-b0d3-4e101ebddbd1-policy_agent_10.art.log,37483190,a5683aa1d466e27099358dcdd8cabccb
"P6-6",paintball/runs/P66_t2_A1_21203477/ereq_31063ae9-966e-49df-b0d3-4e101ebddbd1-policy_agent_10.zip,1119035,fcd12f11f8e241843eee374d64cd58fe
"P6-6",paintball/runs/P66_t2_A1_21203477/ereq_31063ae9-966e-49df-b0d3-4e101ebddbd1-policy_agent_11.art.log,38704572,732cb4a4ee84a09af78086840ce3a826
"P6-6",paintball/runs/P66_t2_A1_21203477/ereq_31063ae9-966e-49df-b0d3-4e101ebddbd1-policy_agent_11.zip,1124790,36b356573309348ff38d47eb73550f18
"P6-6",paintball/runs/P66_t3_A0_21308206/ereq_61f3640a-1502-4094-a23f-460c0e971917-policy_agent_10.art.log,9443068,5847aad4f43b19ffeb67a0cf77eebc75
"P6-6",paintball/runs/P66_t3_A0_21308206/ereq_61f3640a-1502-4094-a23f-460c0e971917-policy_agent_10.zip,246969,b70074af04e5b997b96aa2d87209166c
"P6-6",paintball/runs/P66_t3_A0_21308206/ereq_61f3640a-1502-4094-a23f-460c0e971917-policy_agent_11.art.log,12347370,0f5df67827702da4bea3a550e90aedc3
"P6-6",paintball/runs/P66_t3_A0_21308206/ereq_61f3640a-1502-4094-a23f-460c0e971917-policy_agent_11.zip,367742,91da4e1f4319b794e76e03d2c3220582
"P6-6",paintball/runs/P66_t3_A0_21412935/ereq_79c139b9-4f00-4a6b-baa9-5d22a0aa2609-policy_agent_10.art.log,8273916,85df914665e765325e30d8bcc75f9a69
"P6-6",paintball/runs/P66_t3_A0_21412935/ereq_79c139b9-4f00-4a6b-baa9-5d22a0aa2609-policy_agent_10.zip,217789,41d0055aa7c179f630bf2c08f9adb8bb
"P6-6",paintball/runs/P66_t3_A0_21412935/ereq_79c139b9-4f00-4a6b-baa9-5d22a0aa2609-policy_agent_11.art.log,12158666,342f994d572ca648f140eddac0047fe9
"P6-6",paintball/runs/P66_t3_A0_21412935/ereq_79c139b9-4f00-4a6b-baa9-5d22a0aa2609-policy_agent_11.zip,380944,4d23d71a4ccaf99795f81ea1027d0b26
"P6-6",paintball/runs/P66_t3_A0_21517664/ereq_cd79c754-12b6-49c4-a37f-ca7d33fb0d26-policy_agent_10.art.log,34021338,bc100b386a9332aab4dc46af95884618
"P6-6",paintball/runs/P66_t3_A0_21517664/ereq_cd79c754-12b6-49c4-a37f-ca7d33fb0d26-policy_agent_10.zip,1042750,88ebecf407bc0a8224ad35c87136d8e0
"P6-6",paintball/runs/P66_t3_A0_21517664/ereq_cd79c754-12b6-49c4-a37f-ca7d33fb0d26-policy_agent_11.art.log,23489680,db1455d09d0b8384e1a9c04068a1e885
"P6-6",paintball/runs/P66_t3_A0_21517664/ereq_cd79c754-12b6-49c4-a37f-ca7d33fb0d26-policy_agent_11.zip,679740,7a2f521351fc50b36a0da8edb2731161
"P6-6",paintball/runs/P66_t3_A0_21622393/ereq_b03a86c1-eeb2-4ce6-91e6-daab411a70b4-policy_agent_10.art.log,36458391,4e29fcf4a7addfbbdfe5879b9a009358
"P6-6",paintball/runs/P66_t3_A0_21622393/ereq_b03a86c1-eeb2-4ce6-91e6-daab411a70b4-policy_agent_10.zip,987810,f40c9d998b391dda26b807feda02e5f8
"P6-6",paintball/runs/P66_t3_A0_21622393/ereq_b03a86c1-eeb2-4ce6-91e6-daab411a70b4-policy_agent_11.art.log,35982342,f71c5277806b138fb84572989eb9147d
"P6-6",paintball/runs/P66_t3_A0_21622393/ereq_b03a86c1-eeb2-4ce6-91e6-daab411a70b4-policy_agent_11.zip,968419,421d0cc1eb1f066cad38fa27f9465467
"P6-6",paintball/runs/P66_t3_A0_21727122/ereq_0a31c8e1-b100-484f-aad6-0fbb320502fe-policy_agent_10.art.log,30579815,422610e5f1494dc67d3ae5c6bcc6d84c
"P6-6",paintball/runs/P66_t3_A0_21727122/ereq_0a31c8e1-b100-484f-aad6-0fbb320502fe-policy_agent_10.zip,868612,81048f8ca0f00ee61aa6cc871b7d362d
"P6-6",paintball/runs/P66_t3_A0_21727122/ereq_0a31c8e1-b100-484f-aad6-0fbb320502fe-policy_agent_11.art.log,26757296,5f616760f6065503e4d90246728a2aec
"P6-6",paintball/runs/P66_t3_A0_21727122/ereq_0a31c8e1-b100-484f-aad6-0fbb320502fe-policy_agent_11.zip,714772,79e59360c798e624670c24513fb82b9d
"P6-6",paintball/runs/P66_t3_A0_21831851/ereq_b3fecb2f-0fb6-44df-bf59-e1b03eccd293-policy_agent_10.art.log,35941361,09ac8fc8a31d179b90971067428265b0
"P6-6",paintball/runs/P66_t3_A0_21831851/ereq_b3fecb2f-0fb6-44df-bf59-e1b03eccd293-policy_agent_10.zip,980054,7732d3433b6dc037ca181d989e159460
"P6-6",paintball/runs/P66_t3_A0_21831851/ereq_b3fecb2f-0fb6-44df-bf59-e1b03eccd293-policy_agent_11.art.log,34006451,1fe3afbe49d97cf5014fe7ce8be96f24
"P6-6",paintball/runs/P66_t3_A0_21831851/ereq_b3fecb2f-0fb6-44df-bf59-e1b03eccd293-policy_agent_11.zip,885970,bc54cffda3a63396ca87e3f58cb488c4
"P6-6",paintball/runs/P66_t3_A0_21936580/ereq_82e61b90-050e-4d93-813b-160c66d6ec5f-policy_agent_10.art.log,33169070,e4dd06aaf040b0bcff3aaf50395dc8c5
"P6-6",paintball/runs/P66_t3_A0_21936580/ereq_82e61b90-050e-4d93-813b-160c66d6ec5f-policy_agent_10.zip,868533,ce2f1b789b11576f0c8383bfdff06777
"P6-6",paintball/runs/P66_t3_A0_21936580/ereq_82e61b90-050e-4d93-813b-160c66d6ec5f-policy_agent_11.art.log,35336059,d8cf89e6cb49030c2f54ed2f6bacb507
"P6-6",paintball/runs/P66_t3_A0_21936580/ereq_82e61b90-050e-4d93-813b-160c66d6ec5f-policy_agent_11.zip,980787,dc920174e6be951eb8fa869b364d3341
"P6-6",paintball/runs/P66_t3_A0_22041309/ereq_d3d2e8bd-13fc-4db0-8d52-6bd8e194aafd-policy_agent_10.art.log,32423135,0a6fc68f4d59147eeee96855289657d4
"P6-6",paintball/runs/P66_t3_A0_22041309/ereq_d3d2e8bd-13fc-4db0-8d52-6bd8e194aafd-policy_agent_10.zip,965415,27a6c2e136a2e63b8023618c7699177f
"P6-6",paintball/runs/P66_t3_A0_22041309/ereq_d3d2e8bd-13fc-4db0-8d52-6bd8e194aafd-policy_agent_11.art.log,35529296,db46893fe46af89efd438a5d4cd3a678
"P6-6",paintball/runs/P66_t3_A0_22041309/ereq_d3d2e8bd-13fc-4db0-8d52-6bd8e194aafd-policy_agent_11.zip,995689,4c169afc17016cefc1a9f3c59f4c3b58
"P6-6",paintball/runs/P66_t3_A0_22146038/ereq_2b69c6cd-b916-4fc3-97c5-84d700f8f6db-policy_agent_10.art.log,28559726,79c8907d543434653b3a5a5d2985fae1
"P6-6",paintball/runs/P66_t3_A0_22146038/ereq_2b69c6cd-b916-4fc3-97c5-84d700f8f6db-policy_agent_10.zip,845972,4f2d3f94a71fbbace75bbb641066281b
"P6-6",paintball/runs/P66_t3_A0_22146038/ereq_2b69c6cd-b916-4fc3-97c5-84d700f8f6db-policy_agent_11.art.log,29548749,79a0f7d5c206cade9815316ec8db1bb4
"P6-6",paintball/runs/P66_t3_A0_22146038/ereq_2b69c6cd-b916-4fc3-97c5-84d700f8f6db-policy_agent_11.zip,890602,1d2c04f245004e0cecfc9f7af04aaa8e
"P6-6",paintball/runs/P66_t3_A0_22250767/ereq_edab9389-760e-4e60-8971-d9329c51e309-policy_agent_10.art.log,35381398,6d78f941b1ff5e8573d413723aa4a813
"P6-6",paintball/runs/P66_t3_A0_22250767/ereq_edab9389-760e-4e60-8971-d9329c51e309-policy_agent_10.zip,912669,c4e72bbf9c7ab515c861684829bcb486
"P6-6",paintball/runs/P66_t3_A0_22250767/ereq_edab9389-760e-4e60-8971-d9329c51e309-policy_agent_11.art.log,38106173,f9a471d2101ac21d94b39cfa2a79da33
"P6-6",paintball/runs/P66_t3_A0_22250767/ereq_edab9389-760e-4e60-8971-d9329c51e309-policy_agent_11.zip,1023273,805869950354ff55b1dc11a690cf2a09
"P6-6",paintball/runs/P66_t4_A1_21308206/ereq_75161600-15c0-423f-89a0-66d727e13dfb-policy_agent_10.art.log,35436397,e38d6691a0782ee0c831ae32bab43a43
"P6-6",paintball/runs/P66_t4_A1_21308206/ereq_75161600-15c0-423f-89a0-66d727e13dfb-policy_agent_10.zip,921328,925deab67a62f14ac8c22d84d5017d75
"P6-6",paintball/runs/P66_t4_A1_21308206/ereq_75161600-15c0-423f-89a0-66d727e13dfb-policy_agent_11.art.log,41523666,778d8a568f70c2175c919b3be3456dbf
"P6-6",paintball/runs/P66_t4_A1_21308206/ereq_75161600-15c0-423f-89a0-66d727e13dfb-policy_agent_11.zip,1133014,69d59c06bc80fbbb7bc4805305867d9b
"P6-6",paintball/runs/P66_t4_A1_21412935/ereq_c06d6d61-1cd7-45b0-88a3-7a4c440edf37-policy_agent_10.art.log,36927820,54489a2f020fbe30b5b3f9c733f350c5
"P6-6",paintball/runs/P66_t4_A1_21412935/ereq_c06d6d61-1cd7-45b0-88a3-7a4c440edf37-policy_agent_10.zip,1041851,fa428b07732ba34c83d3347ce1cd751e
"P6-6",paintball/runs/P66_t4_A1_21412935/ereq_c06d6d61-1cd7-45b0-88a3-7a4c440edf37-policy_agent_11.art.log,27869771,d1652e8e0d948a3018ed1a183d256c99
"P6-6",paintball/runs/P66_t4_A1_21412935/ereq_c06d6d61-1cd7-45b0-88a3-7a4c440edf37-policy_agent_11.zip,788530,6c14db7991ae45ef8a81efa49bc327ca
"P6-6",paintball/runs/P66_t4_A1_21517664/ereq_0a475f03-38b9-4bce-8588-f6022480369c-policy_agent_10.art.log,34123840,594cd73563ab85cd89633bd2b9c2030f
"P6-6",paintball/runs/P66_t4_A1_21517664/ereq_0a475f03-38b9-4bce-8588-f6022480369c-policy_agent_10.zip,895718,3c66d6a9c945a8a5dc033184e69f707e
"P6-6",paintball/runs/P66_t4_A1_21517664/ereq_0a475f03-38b9-4bce-8588-f6022480369c-policy_agent_11.art.log,35389735,7242648a56ab9df967d1f6d2fa679ba0
"P6-6",paintball/runs/P66_t4_A1_21517664/ereq_0a475f03-38b9-4bce-8588-f6022480369c-policy_agent_11.zip,1231301,499cf7de1b051961b6c89a63cdc3d3e3
"P6-6",paintball/runs/P66_t4_A1_21622393/ereq_8e2348aa-118a-46b3-a7f4-e891ba7b4ef8-policy_agent_10.art.log,31260489,8516dc6dfc3bc5c7de0b8d9d2af5dcd5
"P6-6",paintball/runs/P66_t4_A1_21622393/ereq_8e2348aa-118a-46b3-a7f4-e891ba7b4ef8-policy_agent_10.zip,1289681,4ab47e4779dfb59b06462b5ec1840f47
"P6-6",paintball/runs/P66_t4_A1_21622393/ereq_8e2348aa-118a-46b3-a7f4-e891ba7b4ef8-policy_agent_11.art.log,3941120,30e6e7653cb7cbe17d85c346ef46db6c
"P6-6",paintball/runs/P66_t4_A1_21622393/ereq_8e2348aa-118a-46b3-a7f4-e891ba7b4ef8-policy_agent_11.zip,125754,ac6c5782d3610b53375377821f7cc175
"P6-6",paintball/runs/P66_t4_A1_21727122/ereq_1940e924-1f20-492c-9594-f86e9d72335c-policy_agent_10.art.log,29349324,573828b54cbe7ebf8d784c9fc53bf050
"P6-6",paintball/runs/P66_t4_A1_21727122/ereq_1940e924-1f20-492c-9594-f86e9d72335c-policy_agent_10.zip,839666,57ea84b88703b605ee19c4a58236c8be
"P6-6",paintball/runs/P66_t4_A1_21727122/ereq_1940e924-1f20-492c-9594-f86e9d72335c-policy_agent_11.art.log,30251957,07e0da6ab5182e5579448675160a9816
"P6-6",paintball/runs/P66_t4_A1_21727122/ereq_1940e924-1f20-492c-9594-f86e9d72335c-policy_agent_11.zip,874337,ac19976c8f874977743a1dc32915a67f
"P6-6",paintball/runs/P66_t4_A1_21831851/ereq_a15bdcb5-adff-41a2-8a8c-51d039714133-policy_agent_10.art.log,29119440,0135a7205152581b0c23b193fb3a09f7
"P6-6",paintball/runs/P66_t4_A1_21831851/ereq_a15bdcb5-adff-41a2-8a8c-51d039714133-policy_agent_10.zip,827300,c4c73d6fe7200dfecfbbd33590da425a
"P6-6",paintball/runs/P66_t4_A1_21831851/ereq_a15bdcb5-adff-41a2-8a8c-51d039714133-policy_agent_11.art.log,33386631,93887bef0578cd96ba71f38bd38861a6
"P6-6",paintball/runs/P66_t4_A1_21831851/ereq_a15bdcb5-adff-41a2-8a8c-51d039714133-policy_agent_11.zip,1093830,442dfab71abbda387611982a6b20dc89
"P6-6",paintball/runs/P66_t4_A1_21936580/ereq_9e0c6b57-10bc-4128-bc2e-75474c738b17-policy_agent_10.art.log,5026708,e67db6d044b3d03d1c7260328f508454
"P6-6",paintball/runs/P66_t4_A1_21936580/ereq_9e0c6b57-10bc-4128-bc2e-75474c738b17-policy_agent_10.zip,170214,fe9af2f1d2f554e8f65c1b4b79db0a4a
"P6-6",paintball/runs/P66_t4_A1_21936580/ereq_9e0c6b57-10bc-4128-bc2e-75474c738b17-policy_agent_11.art.log,4334372,a084a5c199166025c7f09fa89d564306
"P6-6",paintball/runs/P66_t4_A1_21936580/ereq_9e0c6b57-10bc-4128-bc2e-75474c738b17-policy_agent_11.zip,129482,e1bc8a0ccf395f3d7b6cba0898bf2048
"P6-6",paintball/runs/P66_t4_A1_22041309/ereq_e04c7e47-1c18-4862-a58f-2e69b81e6984-policy_agent_10.art.log,29488707,7a94644575a13beb2c7840149ea3959d
"P6-6",paintball/runs/P66_t4_A1_22041309/ereq_e04c7e47-1c18-4862-a58f-2e69b81e6984-policy_agent_10.zip,948786,af41516f10d53039e20061bc9f583abe
"P6-6",paintball/runs/P66_t4_A1_22041309/ereq_e04c7e47-1c18-4862-a58f-2e69b81e6984-policy_agent_11.art.log,32208513,325bbc270b987b2b20be97edb0d03f21
"P6-6",paintball/runs/P66_t4_A1_22041309/ereq_e04c7e47-1c18-4862-a58f-2e69b81e6984-policy_agent_11.zip,963835,2bf31d8deead5d0e1ba47bdbc0443a16
"P6-6",paintball/runs/P66_t4_A1_22146038/ereq_d1c02edc-d004-4a97-bb5f-6df13371543c-policy_agent_10.art.log,6677086,d818390d209aef9678b7df8298a6038e
"P6-6",paintball/runs/P66_t4_A1_22146038/ereq_d1c02edc-d004-4a97-bb5f-6df13371543c-policy_agent_10.zip,209555,e507c1cf6e8032be99fe2a926752a53b
"P6-6",paintball/runs/P66_t4_A1_22146038/ereq_d1c02edc-d004-4a97-bb5f-6df13371543c-policy_agent_11.art.log,35680774,3dd108bd693b1b38dd0694eb88bca52c
"P6-6",paintball/runs/P66_t4_A1_22146038/ereq_d1c02edc-d004-4a97-bb5f-6df13371543c-policy_agent_11.zip,1376118,16bad3b21bef9c7ddacf1413a7e9fef8
"P6-6",paintball/runs/P66_t4_A1_22250767/ereq_cf0fc3f0-6fed-4d01-8dae-bf2170936c74-policy_agent_10.art.log,35295368,bc6ae09243ec8672adb137da23accc93
"P6-6",paintball/runs/P66_t4_A1_22250767/ereq_cf0fc3f0-6fed-4d01-8dae-bf2170936c74-policy_agent_10.zip,1064354,f00b5e52b5e36f7ee01ecf97a7b37513
"P6-6",paintball/runs/P66_t4_A1_22250767/ereq_cf0fc3f0-6fed-4d01-8dae-bf2170936c74-policy_agent_11.art.log,31220928,29b9f11b58343c73053738f3b0ba088e
"P6-6",paintball/runs/P66_t4_A1_22250767/ereq_cf0fc3f0-6fed-4d01-8dae-bf2170936c74-policy_agent_11.zip,979837,896fb183b74ae4b21d0fbe9883f98ac7
"P6-8",paintball/runs/P68_t1_A2_20260916/ereq_aabeb423-049f-4bec-aa49-bc6af149a684-policy_agent_10.art.log,21264400,a34c387cbe06024f2f249020b2c446fc
"P6-8",paintball/runs/P68_t1_A2_20260916/ereq_aabeb423-049f-4bec-aa49-bc6af149a684-policy_agent_10.zip,764855,4f4342051cb48fbbfea48b72ffb17c63
"P6-8",paintball/runs/P68_t1_A2_20260916/ereq_aabeb423-049f-4bec-aa49-bc6af149a684-policy_agent_11.art.log,21097625,6af8c435b1a6c907f1b29bb8036f320d
"P6-8",paintball/runs/P68_t1_A2_20260916/ereq_aabeb423-049f-4bec-aa49-bc6af149a684-policy_agent_11.zip,700144,6c8144b8e66eff3a0e82d89ee8d917f8
"P6-8",paintball/runs/P68_t1_A2_20365645/ereq_7094c561-023a-4669-a47e-938325add2fa-policy_agent_10.art.log,33795456,2fdb53666283e14e1bb5e165708e58b3
"P6-8",paintball/runs/P68_t1_A2_20365645/ereq_7094c561-023a-4669-a47e-938325add2fa-policy_agent_10.zip,1179460,0529d958a5f2b3c0b94f3a23799f7eb1
"P6-8",paintball/runs/P68_t1_A2_20365645/ereq_7094c561-023a-4669-a47e-938325add2fa-policy_agent_11.art.log,27398675,3459cfbb9e0751cdeddc356f8cc55a63
"P6-8",paintball/runs/P68_t1_A2_20365645/ereq_7094c561-023a-4669-a47e-938325add2fa-policy_agent_11.zip,855458,a796cf4bbf377143f455f34e0a219d8f
"P6-8",paintball/runs/P68_t1_A2_20470374/ereq_e94c1640-b56e-4b80-8ef2-cca13abb12c6-policy_agent_10.art.log,27301235,18f73199bbd3a28e7fc6f40e43ce8bdc
"P6-8",paintball/runs/P68_t1_A2_20470374/ereq_e94c1640-b56e-4b80-8ef2-cca13abb12c6-policy_agent_10.zip,758340,d5066f4b2021600905c64e7d4b908f61
"P6-8",paintball/runs/P68_t1_A2_20470374/ereq_e94c1640-b56e-4b80-8ef2-cca13abb12c6-policy_agent_11.art.log,31137629,29106df526031cfa126d3e98e0dc9044
"P6-8",paintball/runs/P68_t1_A2_20470374/ereq_e94c1640-b56e-4b80-8ef2-cca13abb12c6-policy_agent_11.zip,955008,516189d7975c4c69b8ae3345ae0af173
"P6-8",paintball/runs/P68_t1_A2_20575103/ereq_b7c81f0b-aca2-4bcd-be92-053a9d98547f-policy_agent_10.art.log,23816471,dabb221abf5a9c50c5f90f4193593d59
"P6-8",paintball/runs/P68_t1_A2_20575103/ereq_b7c81f0b-aca2-4bcd-be92-053a9d98547f-policy_agent_10.zip,740021,a6ce920b026048425f52725e02b73c2d
"P6-8",paintball/runs/P68_t1_A2_20575103/ereq_b7c81f0b-aca2-4bcd-be92-053a9d98547f-policy_agent_11.art.log,27506572,c080c4da513164c9516ac756c64a783f
"P6-8",paintball/runs/P68_t1_A2_20575103/ereq_b7c81f0b-aca2-4bcd-be92-053a9d98547f-policy_agent_11.zip,842204,74683deac38fe7d9e2f714964e84dbdf
"P6-8",paintball/runs/P68_t1_A2_20679832/ereq_a73bafd0-48a3-4d7c-85f8-99c9a274fbcb-policy_agent_10.art.log,14650428,8c7f95301d99526b3d063bf79326c897
"P6-8",paintball/runs/P68_t1_A2_20679832/ereq_a73bafd0-48a3-4d7c-85f8-99c9a274fbcb-policy_agent_10.zip,485202,e52fa1bf6038408d271af7514f46c4bd
"P6-8",paintball/runs/P68_t1_A2_20679832/ereq_a73bafd0-48a3-4d7c-85f8-99c9a274fbcb-policy_agent_11.art.log,29485268,020134a63c84f7fee8d42b97de8454f8
"P6-8",paintball/runs/P68_t1_A2_20679832/ereq_a73bafd0-48a3-4d7c-85f8-99c9a274fbcb-policy_agent_11.zip,1125026,60ee94f06a7fc8677dea3c9e1eba7434
"P6-8",paintball/runs/P68_t1_A2_20784561/ereq_f74a395f-0bc1-476a-bfe3-f3ed2d65a2b1-policy_agent_10.art.log,33649607,f9c5f2c5b76a24000607bc835333797c
"P6-8",paintball/runs/P68_t1_A2_20784561/ereq_f74a395f-0bc1-476a-bfe3-f3ed2d65a2b1-policy_agent_10.zip,943033,6ff26c93517ea5568ff9742fb14e9018
"P6-8",paintball/runs/P68_t1_A2_20784561/ereq_f74a395f-0bc1-476a-bfe3-f3ed2d65a2b1-policy_agent_11.art.log,34566753,243465a05cfa2dfe30f451fe2bc99130
"P6-8",paintball/runs/P68_t1_A2_20784561/ereq_f74a395f-0bc1-476a-bfe3-f3ed2d65a2b1-policy_agent_11.zip,1049633,318bb8bda9a96e13b266c0be46de9483
"P6-8",paintball/runs/P68_t1_A2_20889290/ereq_a1e8197f-2214-425b-b26f-c6a97fc2d362-policy_agent_10.art.log,32889004,17a40a0272ef1b8cdf8b6dee5aaa7e06
"P6-8",paintball/runs/P68_t1_A2_20889290/ereq_a1e8197f-2214-425b-b26f-c6a97fc2d362-policy_agent_10.zip,953859,4b6ee6f6b03999f4fb59939c63b4dd0c
"P6-8",paintball/runs/P68_t1_A2_20889290/ereq_a1e8197f-2214-425b-b26f-c6a97fc2d362-policy_agent_11.art.log,25641593,383a7ac45c9071c4634c364d655a7d34
"P6-8",paintball/runs/P68_t1_A2_20889290/ereq_a1e8197f-2214-425b-b26f-c6a97fc2d362-policy_agent_11.zip,796900,70cb0f28c2a003eae3053cd09be39c6c
"P6-8",paintball/runs/P68_t1_A2_20994019/ereq_8a17f36f-312d-4ae7-a6a9-85159bff5c19-policy_agent_10.art.log,29624612,011f0624784dffd88c2b18c13e6d1bbf
"P6-8",paintball/runs/P68_t1_A2_20994019/ereq_8a17f36f-312d-4ae7-a6a9-85159bff5c19-policy_agent_10.zip,972293,b68211557bb2f052d98f891efe80a1ba
"P6-8",paintball/runs/P68_t1_A2_20994019/ereq_8a17f36f-312d-4ae7-a6a9-85159bff5c19-policy_agent_11.art.log,29541168,17890bd0379c2a18be8ff7cbf547dd73
"P6-8",paintball/runs/P68_t1_A2_20994019/ereq_8a17f36f-312d-4ae7-a6a9-85159bff5c19-policy_agent_11.zip,1037008,7c6cc9c5404580b01c63b684ef3c9a8c
"P6-8",paintball/runs/P68_t1_A2_21098748/ereq_3c868fcc-0d07-43b8-9c40-0fafc7d91778-policy_agent_10.art.log,38595761,7830dd2d1edb47edd83f3752dc223e83
"P6-8",paintball/runs/P68_t1_A2_21098748/ereq_3c868fcc-0d07-43b8-9c40-0fafc7d91778-policy_agent_10.zip,1314731,5419ed5d03d50a4bcf5fd00160a620fa
"P6-8",paintball/runs/P68_t1_A2_21098748/ereq_3c868fcc-0d07-43b8-9c40-0fafc7d91778-policy_agent_11.art.log,32896630,8fcf73042ca450d5ac54cdb7b976e77e
"P6-8",paintball/runs/P68_t1_A2_21098748/ereq_3c868fcc-0d07-43b8-9c40-0fafc7d91778-policy_agent_11.zip,1072570,5aa4cc70653f2df7476220c1c9f25585
"P6-8",paintball/runs/P68_t1_A2_21203477/ereq_dcd82e79-c525-4699-8fd6-9cc9eebe3b51-policy_agent_10.art.log,22546557,255d66f5a1495bb1d3046d408fabfb8b
"P6-8",paintball/runs/P68_t1_A2_21203477/ereq_dcd82e79-c525-4699-8fd6-9cc9eebe3b51-policy_agent_10.zip,588740,b8897594c155992755fb792cd21741a9
"P6-8",paintball/runs/P68_t1_A2_21203477/ereq_dcd82e79-c525-4699-8fd6-9cc9eebe3b51-policy_agent_11.art.log,28659939,09869151b67c3827b2b2d05ed5fa7575
"P6-8",paintball/runs/P68_t1_A2_21203477/ereq_dcd82e79-c525-4699-8fd6-9cc9eebe3b51-policy_agent_11.zip,996278,daf7c94fea256c3cd109a64814e8b28c
"P6-8",paintball/runs/P68_t2_A2_21308206/ereq_f7e70f96-de17-4752-a965-3959ffd3a61f-policy_agent_10.art.log,35976094,fd0a20d589df596c6aff39d061d30fe3
"P6-8",paintball/runs/P68_t2_A2_21308206/ereq_f7e70f96-de17-4752-a965-3959ffd3a61f-policy_agent_10.zip,1136505,b3c9c2c7d179f562213c3fb8cf66289d
"P6-8",paintball/runs/P68_t2_A2_21308206/ereq_f7e70f96-de17-4752-a965-3959ffd3a61f-policy_agent_11.art.log,30456973,9637eb3278f1ce5fcf83f82beb20861e
"P6-8",paintball/runs/P68_t2_A2_21308206/ereq_f7e70f96-de17-4752-a965-3959ffd3a61f-policy_agent_11.zip,976081,b005d593cf6d8e00669d6d8ed0541d5f
"P6-8",paintball/runs/P68_t2_A2_21412935/ereq_c1d72251-59a3-4007-a3e8-0e2157f53944-policy_agent_10.art.log,38841757,a3abd9fc41312f3a4598d9af558e9632
"P6-8",paintball/runs/P68_t2_A2_21412935/ereq_c1d72251-59a3-4007-a3e8-0e2157f53944-policy_agent_10.zip,1343444,b45662bd73b8e64794a31d71cb315d7a
"P6-8",paintball/runs/P68_t2_A2_21412935/ereq_c1d72251-59a3-4007-a3e8-0e2157f53944-policy_agent_11.art.log,22740906,fc9b9b47c7a45cc021c54b2abefcb5ff
"P6-8",paintball/runs/P68_t2_A2_21412935/ereq_c1d72251-59a3-4007-a3e8-0e2157f53944-policy_agent_11.zip,700424,8afcaa969ff601d8ef92db467bcaa933
"P6-8",paintball/runs/P68_t2_A2_21517664/ereq_17a2c50c-3e9c-4804-ad79-9c64c6022dbb-policy_agent_10.art.log,32484971,43cbbccc807d27f793032afb54d80471
"P6-8",paintball/runs/P68_t2_A2_21517664/ereq_17a2c50c-3e9c-4804-ad79-9c64c6022dbb-policy_agent_10.zip,1083263,1255c8e3bab9df77f2c96a74ead05ac4
"P6-8",paintball/runs/P68_t2_A2_21517664/ereq_17a2c50c-3e9c-4804-ad79-9c64c6022dbb-policy_agent_11.art.log,27008218,0402864a6f404a5380142a68cb7689b1
"P6-8",paintball/runs/P68_t2_A2_21517664/ereq_17a2c50c-3e9c-4804-ad79-9c64c6022dbb-policy_agent_11.zip,955241,34d9523ba093fcb9de139ceb2f71a7b0
"P6-8",paintball/runs/P68_t2_A2_21622393/ereq_4045c055-5bea-4a38-86ad-48f25c113513-policy_agent_10.art.log,5304052,54fa2630c299fa6e010a9f998577f482
"P6-8",paintball/runs/P68_t2_A2_21622393/ereq_4045c055-5bea-4a38-86ad-48f25c113513-policy_agent_10.zip,171877,032e9d1e6a78da6064c15cf8237a407d
"P6-8",paintball/runs/P68_t2_A2_21622393/ereq_4045c055-5bea-4a38-86ad-48f25c113513-policy_agent_11.art.log,6663608,de6d3790560baa711b559f0d369f6e47
"P6-8",paintball/runs/P68_t2_A2_21622393/ereq_4045c055-5bea-4a38-86ad-48f25c113513-policy_agent_11.zip,250666,4d7e97ea6e08579479a8f6edcddc42cd
"P6-8",paintball/runs/P68_t2_A2_21727122/ereq_01ddd33c-046b-402d-ba7c-2c3d1e63881a-policy_agent_10.art.log,33661980,8bc311d35bf824752f31901da0efc7ef
"P6-8",paintball/runs/P68_t2_A2_21727122/ereq_01ddd33c-046b-402d-ba7c-2c3d1e63881a-policy_agent_10.zip,1158440,46114aa6ea47134346c9356d412f0fd4
"P6-8",paintball/runs/P68_t2_A2_21727122/ereq_01ddd33c-046b-402d-ba7c-2c3d1e63881a-policy_agent_11.art.log,34954277,6ac44ec4887ee2d055baeb00823689d7
"P6-8",paintball/runs/P68_t2_A2_21727122/ereq_01ddd33c-046b-402d-ba7c-2c3d1e63881a-policy_agent_11.zip,1173478,02dda03cdc3cfc57af87ae7b3ef106ad
"P6-8",paintball/runs/P68_t2_A2_21831851/ereq_be7b3cf3-568f-4fbb-90ab-ae3074daacbd-policy_agent_10.art.log,32407434,e681466771b4527203cb87bb6f9f45d3
"P6-8",paintball/runs/P68_t2_A2_21831851/ereq_be7b3cf3-568f-4fbb-90ab-ae3074daacbd-policy_agent_10.zip,1026923,0406d66196036b85c984b8a31567f4e1
"P6-8",paintball/runs/P68_t2_A2_21831851/ereq_be7b3cf3-568f-4fbb-90ab-ae3074daacbd-policy_agent_11.art.log,30079050,0258e30ba017f703379b19f87e9839a8
"P6-8",paintball/runs/P68_t2_A2_21831851/ereq_be7b3cf3-568f-4fbb-90ab-ae3074daacbd-policy_agent_11.zip,853624,89a83b414cf9d9deade85499a306664f
"P6-8",paintball/runs/P68_t2_A2_21936580/ereq_d8a20968-af35-4ec1-aa2b-b3a6a8e1c554-policy_agent_10.art.log,33113152,ee4d36022cd850d15dfa960e70166016
"P6-8",paintball/runs/P68_t2_A2_21936580/ereq_d8a20968-af35-4ec1-aa2b-b3a6a8e1c554-policy_agent_10.zip,932197,f96febdd08b0303f1fdbc8e454699cfb
"P6-8",paintball/runs/P68_t2_A2_21936580/ereq_d8a20968-af35-4ec1-aa2b-b3a6a8e1c554-policy_agent_11.art.log,37402400,a6ecff48b26281743233e4e6f5dbda3d
"P6-8",paintball/runs/P68_t2_A2_21936580/ereq_d8a20968-af35-4ec1-aa2b-b3a6a8e1c554-policy_agent_11.zip,1033781,63f03f97ea19faf088836e8c134f4709
"P6-8",paintball/runs/P68_t2_A2_22041309/ereq_1dad55d5-4ad9-4009-973c-86f7c0af4beb-policy_agent_10.art.log,25521153,7b78ad130c64fd82884f2151e5c10985
"P6-8",paintball/runs/P68_t2_A2_22041309/ereq_1dad55d5-4ad9-4009-973c-86f7c0af4beb-policy_agent_10.zip,735827,fd9ec7ea1c8cd49a6d97955f3a2171f6
"P6-8",paintball/runs/P68_t2_A2_22041309/ereq_1dad55d5-4ad9-4009-973c-86f7c0af4beb-policy_agent_11.art.log,31222354,ad501c15b7754df95827f274a95bdac0
"P6-8",paintball/runs/P68_t2_A2_22041309/ereq_1dad55d5-4ad9-4009-973c-86f7c0af4beb-policy_agent_11.zip,980724,c0f8dab1a2eaaa9e1ce8f7308d06fa9f
"P6-8",paintball/runs/P68_t2_A2_22146038/ereq_dafb59db-2461-45f4-aa7a-298ed299b609-policy_agent_10.art.log,32682699,f0d2968a2edcfd3e3335d6575d8bb757
"P6-8",paintball/runs/P68_t2_A2_22146038/ereq_dafb59db-2461-45f4-aa7a-298ed299b609-policy_agent_10.zip,1008634,feead46687a7eb900d47dba107155d72
"P6-8",paintball/runs/P68_t2_A2_22146038/ereq_dafb59db-2461-45f4-aa7a-298ed299b609-policy_agent_11.art.log,30288493,e70f3f0abfb7404592510b5a35d4954a
"P6-8",paintball/runs/P68_t2_A2_22146038/ereq_dafb59db-2461-45f4-aa7a-298ed299b609-policy_agent_11.zip,1045517,c2c322e6374dc71365e4c5ca4b398037
"P6-8",paintball/runs/P68_t2_A2_22250767/ereq_f325f438-4c90-4317-b36f-83275d0f57e3-policy_agent_10.art.log,35112013,773055e5a42e35f65c727d1e7377af08
"P6-8",paintball/runs/P68_t2_A2_22250767/ereq_f325f438-4c90-4317-b36f-83275d0f57e3-policy_agent_10.zip,1059916,7e0db45ff7c78aecca9d233cb7342a1e
"P6-8",paintball/runs/P68_t2_A2_22250767/ereq_f325f438-4c90-4317-b36f-83275d0f57e3-policy_agent_11.art.log,39735633,2f930f03652ea607beb60812448f8773
"P6-8",paintball/runs/P68_t2_A2_22250767/ereq_f325f438-4c90-4317-b36f-83275d0f57e3-policy_agent_11.zip,1219280,42b2c4d3f9457bf5eccfbcdd99c9a3d8
"P6-10",paintball/runs/P610_t1_A3_20260916/ereq_fb68ccc9-26ca-47af-8cc1-effb46297040-policy_agent_10.art.log,42744470,4b7dc5fab587533d31baead72b250bfe
"P6-10",paintball/runs/P610_t1_A3_20260916/ereq_fb68ccc9-26ca-47af-8cc1-effb46297040-policy_agent_10.zip,1029851,5ee1844f4d46de4483956fbabf39c55d
"P6-10",paintball/runs/P610_t1_A3_20260916/ereq_fb68ccc9-26ca-47af-8cc1-effb46297040-policy_agent_11.art.log,43125450,53d6a16e6f2cc30b7be78e0c19f1f005
"P6-10",paintball/runs/P610_t1_A3_20260916/ereq_fb68ccc9-26ca-47af-8cc1-effb46297040-policy_agent_11.zip,1057446,64a4d8f15a2191ef447bab04eb231b0e
"P6-10",paintball/runs/P610_t1_A3_20365645/ereq_f1293441-9c72-4c81-adec-1e8f2174a033-policy_agent_10.art.log,33237042,7eb72263900d00e902fdc8764d7343a8
"P6-10",paintball/runs/P610_t1_A3_20365645/ereq_f1293441-9c72-4c81-adec-1e8f2174a033-policy_agent_10.zip,978273,1e7b2a7bf1893936787941edf7c2b6f6
"P6-10",paintball/runs/P610_t1_A3_20365645/ereq_f1293441-9c72-4c81-adec-1e8f2174a033-policy_agent_11.art.log,34154658,2ff6188df34f35487c45a103da75f742
"P6-10",paintball/runs/P610_t1_A3_20365645/ereq_f1293441-9c72-4c81-adec-1e8f2174a033-policy_agent_11.zip,1024730,7ae4eb24e9834b896232f925fc47d536
"P6-10",paintball/runs/P610_t1_A3_20470374/ereq_70b5546d-2433-4be4-b799-831bfb83cd1f-policy_agent_10.art.log,34742003,3d85fdc6ed70c26283dd5fd2dbaef964
"P6-10",paintball/runs/P610_t1_A3_20470374/ereq_70b5546d-2433-4be4-b799-831bfb83cd1f-policy_agent_10.zip,944915,c055d629cab5e4ed16408238f0eb8f51
"P6-10",paintball/runs/P610_t1_A3_20470374/ereq_70b5546d-2433-4be4-b799-831bfb83cd1f-policy_agent_11.art.log,40886510,ab15dacfdcb0c811582eca9481064cbb
"P6-10",paintball/runs/P610_t1_A3_20470374/ereq_70b5546d-2433-4be4-b799-831bfb83cd1f-policy_agent_11.zip,1169527,d80689ac12ab6ea1f8b315911b3c277c
"P6-10",paintball/runs/P610_t1_A3_20575103/ereq_e641d480-bccd-4bbf-84d1-dd9f67947589-policy_agent_10.art.log,6406493,0e42b8e530017dd3a3396b6e7b5c885c
"P6-10",paintball/runs/P610_t1_A3_20575103/ereq_e641d480-bccd-4bbf-84d1-dd9f67947589-policy_agent_10.zip,193513,ce7f4975b464bebfb75b490e02548ea9
"P6-10",paintball/runs/P610_t1_A3_20575103/ereq_e641d480-bccd-4bbf-84d1-dd9f67947589-policy_agent_11.art.log,36396022,c6757a7ae46ef98ee54282a90a7c33bc
"P6-10",paintball/runs/P610_t1_A3_20575103/ereq_e641d480-bccd-4bbf-84d1-dd9f67947589-policy_agent_11.zip,1634354,418781e697413c8428057fa8609a4597
"P6-10",paintball/runs/P610_t1_A3_20679832/ereq_8fea8709-68f6-429b-aeea-8956ddc9e376-policy_agent_10.art.log,33304495,97b80e55cd61aa938d4e7ffb62d6bdb2
"P6-10",paintball/runs/P610_t1_A3_20679832/ereq_8fea8709-68f6-429b-aeea-8956ddc9e376-policy_agent_10.zip,1145671,d079e89697a6cd2fa32d2bfd50b2b99a
"P6-10",paintball/runs/P610_t1_A3_20679832/ereq_8fea8709-68f6-429b-aeea-8956ddc9e376-policy_agent_11.art.log,29532958,a9b84d97807be6b401c38eaf077b95ce
"P6-10",paintball/runs/P610_t1_A3_20679832/ereq_8fea8709-68f6-429b-aeea-8956ddc9e376-policy_agent_11.zip,952877,d874436d14dc4b237b9a6ef52f556e6f
"P6-10",paintball/runs/P610_t1_A3_20784561/ereq_370b5896-fc2c-4771-af1f-3117dae80e9c-policy_agent_10.art.log,38574772,5906c54eb3e68cd5b91bdc63d8456f07
"P6-10",paintball/runs/P610_t1_A3_20784561/ereq_370b5896-fc2c-4771-af1f-3117dae80e9c-policy_agent_10.zip,1178363,92df5f1e2671ea59792b6a60661aeb19
"P6-10",paintball/runs/P610_t1_A3_20784561/ereq_370b5896-fc2c-4771-af1f-3117dae80e9c-policy_agent_11.art.log,39165162,27aa0d4d2aa8f33bf0d9935fa10c2979
"P6-10",paintball/runs/P610_t1_A3_20784561/ereq_370b5896-fc2c-4771-af1f-3117dae80e9c-policy_agent_11.zip,1213446,5f8046864da6c86bc3f24d3d57fd186f
"P6-10",paintball/runs/P610_t1_A3_20889290/ereq_1afa3291-a734-4c23-9187-8744c1b320a5-policy_agent_10.art.log,40112006,cae33a69c939ebf11a097a7591df70d0
"P6-10",paintball/runs/P610_t1_A3_20889290/ereq_1afa3291-a734-4c23-9187-8744c1b320a5-policy_agent_10.zip,1203959,50350dac41314ab1b86e90ea03561255
"P6-10",paintball/runs/P610_t1_A3_20889290/ereq_1afa3291-a734-4c23-9187-8744c1b320a5-policy_agent_11.art.log,38252605,7c6376cfba43a889e3b31190654ca139
"P6-10",paintball/runs/P610_t1_A3_20889290/ereq_1afa3291-a734-4c23-9187-8744c1b320a5-policy_agent_11.zip,1130992,903ab3ebe9983bc4f9a040bece1878da
"P6-10",paintball/runs/P610_t1_A3_20994019/ereq_49d76931-9961-497f-96bb-69e14933ef93-policy_agent_10.art.log,40873062,93b25728d82ec0b018b9ecdbca288481
"P6-10",paintball/runs/P610_t1_A3_20994019/ereq_49d76931-9961-497f-96bb-69e14933ef93-policy_agent_10.zip,1062390,992e043dc06491e49db5275b77ce1c00
"P6-10",paintball/runs/P610_t1_A3_20994019/ereq_49d76931-9961-497f-96bb-69e14933ef93-policy_agent_11.art.log,40607394,f782dffb1af71cd960a45cd6605743c5
"P6-10",paintball/runs/P610_t1_A3_20994019/ereq_49d76931-9961-497f-96bb-69e14933ef93-policy_agent_11.zip,1023282,f6a5b1b9a15e28e49867a2239cc85be0
"P6-10",paintball/runs/P610_t1_A3_21098748/ereq_e99e8b2b-1e54-472c-ac04-8727f8e1705f-policy_agent_10.art.log,33149876,a18295679aea6d24410b9dd3ab1f6586
"P6-10",paintball/runs/P610_t1_A3_21098748/ereq_e99e8b2b-1e54-472c-ac04-8727f8e1705f-policy_agent_10.zip,995148,cf85e52d7f8da5c5d00e38c25c6f6e85
"P6-10",paintball/runs/P610_t1_A3_21098748/ereq_e99e8b2b-1e54-472c-ac04-8727f8e1705f-policy_agent_11.art.log,32957641,5b7bb5a16e7fda3d32f6393674ea5145
"P6-10",paintball/runs/P610_t1_A3_21098748/ereq_e99e8b2b-1e54-472c-ac04-8727f8e1705f-policy_agent_11.zip,964792,49d63179d0d35df37f7d1db294ed8c2f
"P6-10",paintball/runs/P610_t1_A3_21203477/ereq_ef001f73-0781-4415-a6e8-d02c716f9217-policy_agent_10.art.log,40446762,a0ecbadf69d143b57dd1e2b27a81b880
"P6-10",paintball/runs/P610_t1_A3_21203477/ereq_ef001f73-0781-4415-a6e8-d02c716f9217-policy_agent_10.zip,1113960,58494ad570ca64bd37b8b083ab385644
"P6-10",paintball/runs/P610_t1_A3_21203477/ereq_ef001f73-0781-4415-a6e8-d02c716f9217-policy_agent_11.art.log,40747304,30905f8dc6f513e9ee4b1554a1e80545
"P6-10",paintball/runs/P610_t1_A3_21203477/ereq_ef001f73-0781-4415-a6e8-d02c716f9217-policy_agent_11.zip,1160707,540c9bbfbb8803556de237a86945ec29
"P6-10",paintball/runs/P610_t2_A3_21308206/ereq_611f861c-4261-4f38-a447-4f9cac095b38-policy_agent_10.art.log,38379641,b1eb592cf6bd48499b889d0a832ec0d3
"P6-10",paintball/runs/P610_t2_A3_21308206/ereq_611f861c-4261-4f38-a447-4f9cac095b38-policy_agent_10.zip,1119571,33c6586b5aed177417eb9c7ca450eccf
"P6-10",paintball/runs/P610_t2_A3_21308206/ereq_611f861c-4261-4f38-a447-4f9cac095b38-policy_agent_11.art.log,35460664,20cd52257cf0d46061b7a023d31ec64f
"P6-10",paintball/runs/P610_t2_A3_21308206/ereq_611f861c-4261-4f38-a447-4f9cac095b38-policy_agent_11.zip,1166045,bb6942a14d58b3fdef93eec62c9c6519
"P6-10",paintball/runs/P610_t2_A3_21412935/ereq_7f7c2c52-03aa-4af8-8160-6b3866eb0057-policy_agent_10.art.log,31701103,93e26867e133e04285d1045d3b60946a
"P6-10",paintball/runs/P610_t2_A3_21412935/ereq_7f7c2c52-03aa-4af8-8160-6b3866eb0057-policy_agent_10.zip,987450,582f8b165bd0ba51ed2a713996ebee50
"P6-10",paintball/runs/P610_t2_A3_21412935/ereq_7f7c2c52-03aa-4af8-8160-6b3866eb0057-policy_agent_11.art.log,41157999,b91dc7ec6dcf530a91350ac4deb0f8ac
"P6-10",paintball/runs/P610_t2_A3_21412935/ereq_7f7c2c52-03aa-4af8-8160-6b3866eb0057-policy_agent_11.zip,1211897,eadf2a6d84291c22686d230e8b4854d1
"P6-10",paintball/runs/P610_t2_A3_21517664/ereq_55cf91e3-6831-4cc9-83c0-62d68c97c809-policy_agent_10.art.log,39767967,15a9d441f9a7bc9ca91f7144eb156bd6
"P6-10",paintball/runs/P610_t2_A3_21517664/ereq_55cf91e3-6831-4cc9-83c0-62d68c97c809-policy_agent_10.zip,1343838,f8d19459392cd7fd74e0f99595a93f80
"P6-10",paintball/runs/P610_t2_A3_21517664/ereq_55cf91e3-6831-4cc9-83c0-62d68c97c809-policy_agent_11.art.log,34047025,541aa982e1a10c283b0e16da1261a13c
"P6-10",paintball/runs/P610_t2_A3_21517664/ereq_55cf91e3-6831-4cc9-83c0-62d68c97c809-policy_agent_11.zip,1170148,a933685e8f000f488b243c706663e36a
"P6-10",paintball/runs/P610_t2_A3_21622393/ereq_7efbf452-cb76-4369-9954-5c72176ab29f-policy_agent_10.art.log,35493990,b75131e271d6d1843c753231566713ce
"P6-10",paintball/runs/P610_t2_A3_21622393/ereq_7efbf452-cb76-4369-9954-5c72176ab29f-policy_agent_10.zip,991329,1ef3f6b0c64451ceb28480b3a801b4b9
"P6-10",paintball/runs/P610_t2_A3_21622393/ereq_7efbf452-cb76-4369-9954-5c72176ab29f-policy_agent_11.art.log,30698829,6736532f41737a4603ea2c9e059ece71
"P6-10",paintball/runs/P610_t2_A3_21622393/ereq_7efbf452-cb76-4369-9954-5c72176ab29f-policy_agent_11.zip,931112,22ac95f340112ec0b47acc9135eafb27
"P6-10",paintball/runs/P610_t2_A3_21727122/ereq_b12198be-33e9-46b4-a155-0211a8309861-policy_agent_10.art.log,36483852,2654219263ca2e7180a55034f35ae9f4
"P6-10",paintball/runs/P610_t2_A3_21727122/ereq_b12198be-33e9-46b4-a155-0211a8309861-policy_agent_10.zip,1009218,30794ce7c3d13c118d7382eaed5cb891
"P6-10",paintball/runs/P610_t2_A3_21727122/ereq_b12198be-33e9-46b4-a155-0211a8309861-policy_agent_11.art.log,37113077,436be18023a0e20db5867a8ebb90e6b4
"P6-10",paintball/runs/P610_t2_A3_21727122/ereq_b12198be-33e9-46b4-a155-0211a8309861-policy_agent_11.zip,1046143,5c047fa8065cc49b53c2d655107a64d7
"P6-10",paintball/runs/P610_t2_A3_21831851/ereq_5002f710-463d-4a84-9840-2a6d74fc6d35-policy_agent_10.art.log,42708155,b2b4148a0cdbb65a6e7ed8f79e4da4ed
"P6-10",paintball/runs/P610_t2_A3_21831851/ereq_5002f710-463d-4a84-9840-2a6d74fc6d35-policy_agent_10.zip,1094413,4d23dad9f22bdbba9d9215a2017d9642
"P6-10",paintball/runs/P610_t2_A3_21831851/ereq_5002f710-463d-4a84-9840-2a6d74fc6d35-policy_agent_11.art.log,43111914,25f0d124a2bd90a9962d40c2eaf42a65
"P6-10",paintball/runs/P610_t2_A3_21831851/ereq_5002f710-463d-4a84-9840-2a6d74fc6d35-policy_agent_11.zip,1123292,93c5a266d4256798b79cb0c9eb74ce9a
"P6-10",paintball/runs/P610_t2_A3_21936580/ereq_16376682-9425-4311-bfd8-ba36e89040f3-policy_agent_10.art.log,33998079,ca2236d1488f13cf4e2842ebcf593ec6
"P6-10",paintball/runs/P610_t2_A3_21936580/ereq_16376682-9425-4311-bfd8-ba36e89040f3-policy_agent_10.zip,1065318,b1c293271c49aef1930d2b550b2837f4
"P6-10",paintball/runs/P610_t2_A3_21936580/ereq_16376682-9425-4311-bfd8-ba36e89040f3-policy_agent_11.art.log,30995800,17611c2b211283c1c103889672a90351
"P6-10",paintball/runs/P610_t2_A3_21936580/ereq_16376682-9425-4311-bfd8-ba36e89040f3-policy_agent_11.zip,927748,a22836f17e8b108f210c530d6d09b1a9
"P6-10",paintball/runs/P610_t2_A3_22041309/ereq_26a60872-c716-4766-82f7-dfee75bf96ce-policy_agent_10.art.log,14355429,f8e80bfa41bb9747e1ca14b48bd4352f
"P6-10",paintball/runs/P610_t2_A3_22041309/ereq_26a60872-c716-4766-82f7-dfee75bf96ce-policy_agent_10.zip,462303,29aafbbbf18ede6e57b20d91c6b44dfc
"P6-10",paintball/runs/P610_t2_A3_22041309/ereq_26a60872-c716-4766-82f7-dfee75bf96ce-policy_agent_11.art.log,32734841,0b3a139e9df4b111f23801cd1c8b9f7a
"P6-10",paintball/runs/P610_t2_A3_22041309/ereq_26a60872-c716-4766-82f7-dfee75bf96ce-policy_agent_11.zip,1158048,0f99f6572b4fecd0304fcbf19f82d1bc
"P6-10",paintball/runs/P610_t2_A3_22146038/ereq_f1c79643-65ed-456d-92ef-a8a2ab43a4be-policy_agent_10.art.log,31663037,283d84204effd09f33968b267276f371
"P6-10",paintball/runs/P610_t2_A3_22146038/ereq_f1c79643-65ed-456d-92ef-a8a2ab43a4be-policy_agent_10.zip,1048859,6e062c7345522b973b6ce9a7e158e5f7
"P6-10",paintball/runs/P610_t2_A3_22146038/ereq_f1c79643-65ed-456d-92ef-a8a2ab43a4be-policy_agent_11.art.log,31583701,58718f2f44e28d8fa7183d2063873019
"P6-10",paintball/runs/P610_t2_A3_22146038/ereq_f1c79643-65ed-456d-92ef-a8a2ab43a4be-policy_agent_11.zip,1053689,2328d889d507d52cf78818274b723d14
"P6-10",paintball/runs/P610_t2_A3_22250767/ereq_4e7e9f67-03ca-46de-b964-1824c82ac06c-policy_agent_10.art.log,34379954,b2c0b928e2604be841979b3722674204
"P6-10",paintball/runs/P610_t2_A3_22250767/ereq_4e7e9f67-03ca-46de-b964-1824c82ac06c-policy_agent_10.zip,995014,e7e83c765f04cadfa1134fd96c86b6f0
"P6-10",paintball/runs/P610_t2_A3_22250767/ereq_4e7e9f67-03ca-46de-b964-1824c82ac06c-policy_agent_11.art.log,35517049,1af370dcc51cce123359b454487906b2
"P6-10",paintball/runs/P610_t2_A3_22250767/ereq_4e7e9f67-03ca-46de-b964-1824c82ac06c-policy_agent_11.zip,1062506,6c2b2d47a882a91ba74e80aae72cfd3f
"P6-11",paintball/runs/P611_t1_A4_20260916/ereq_2c2e5ffe-bfc8-49fc-ab3d-c307f5e9f810-policy_agent_10.art.log,32471904,d5a69516ef1a66505b27aef709d88be4
"P6-11",paintball/runs/P611_t1_A4_20260916/ereq_2c2e5ffe-bfc8-49fc-ab3d-c307f5e9f810-policy_agent_10.zip,1017813,11646f9a8d250a6a92d4ecea5d99c56b
"P6-11",paintball/runs/P611_t1_A4_20260916/ereq_2c2e5ffe-bfc8-49fc-ab3d-c307f5e9f810-policy_agent_11.art.log,36073037,7141876a8adf8ff0d0de000ef5f44896
"P6-11",paintball/runs/P611_t1_A4_20260916/ereq_2c2e5ffe-bfc8-49fc-ab3d-c307f5e9f810-policy_agent_11.zip,1094898,d8183e5c44b7702f52d27cfce26de67c
"P6-11",paintball/runs/P611_t1_A4_20365645/ereq_a2fbacd4-6ad9-4448-8ac7-47b8eeb55fe1-policy_agent_10.art.log,30593227,21a69dd610a138f3e3b8689ff249b1e3
"P6-11",paintball/runs/P611_t1_A4_20365645/ereq_a2fbacd4-6ad9-4448-8ac7-47b8eeb55fe1-policy_agent_10.zip,916252,8efbb312bf89789f6bf1a4b5db490b1f
"P6-11",paintball/runs/P611_t1_A4_20365645/ereq_a2fbacd4-6ad9-4448-8ac7-47b8eeb55fe1-policy_agent_11.art.log,30983075,b8783dfbe2f7c684af2d6c93002a9692
"P6-11",paintball/runs/P611_t1_A4_20365645/ereq_a2fbacd4-6ad9-4448-8ac7-47b8eeb55fe1-policy_agent_11.zip,941372,33c2da823c67c54f3344c5075e3e3809
"P6-11",paintball/runs/P611_t1_A4_20470374/ereq_aaae5a50-0852-45d6-85fc-7239bb4ea8ca-policy_agent_10.art.log,40693829,77058334f97d4982e013f2498618eb26
"P6-11",paintball/runs/P611_t1_A4_20470374/ereq_aaae5a50-0852-45d6-85fc-7239bb4ea8ca-policy_agent_10.zip,1039934,85eda075b80bfaa1f2219b3d46249961
"P6-11",paintball/runs/P611_t1_A4_20470374/ereq_aaae5a50-0852-45d6-85fc-7239bb4ea8ca-policy_agent_11.art.log,39736626,9830d98580c2fef95206e29a0e1c7896
"P6-11",paintball/runs/P611_t1_A4_20470374/ereq_aaae5a50-0852-45d6-85fc-7239bb4ea8ca-policy_agent_11.zip,1100812,937027b9641b1639981aa0a3bb241119
"P6-11",paintball/runs/P611_t1_A4_20575103/ereq_6661c096-5267-4a68-a873-19748cb256b6-policy_agent_10.art.log,33510205,11a557472bdda29eb86f62efcf33e713
"P6-11",paintball/runs/P611_t1_A4_20575103/ereq_6661c096-5267-4a68-a873-19748cb256b6-policy_agent_10.zip,1009184,e244d76f3521e4de5027478ed2a4c819
"P6-11",paintball/runs/P611_t1_A4_20575103/ereq_6661c096-5267-4a68-a873-19748cb256b6-policy_agent_11.art.log,34034235,f6899ca4c0403051d3bcac281cb05820
"P6-11",paintball/runs/P611_t1_A4_20575103/ereq_6661c096-5267-4a68-a873-19748cb256b6-policy_agent_11.zip,1022235,bb64bea7ec1da510b64e30ab557eb5e9
"P6-11",paintball/runs/P611_t1_A4_20679832/ereq_d8ca2275-4089-4666-be5f-47e386239fdf-policy_agent_10.art.log,34509373,91b1d5a7047d7a148178eea7f50e00d9
"P6-11",paintball/runs/P611_t1_A4_20679832/ereq_d8ca2275-4089-4666-be5f-47e386239fdf-policy_agent_10.zip,1049287,2ff326382a2c72c3f9ad4d9f77ecd89e
"P6-11",paintball/runs/P611_t1_A4_20679832/ereq_d8ca2275-4089-4666-be5f-47e386239fdf-policy_agent_11.art.log,36446556,f02c8d6ae92da26d984656dd19e3e39f
"P6-11",paintball/runs/P611_t1_A4_20679832/ereq_d8ca2275-4089-4666-be5f-47e386239fdf-policy_agent_11.zip,1164633,4f301f75e2984929d4686dee770d2fc9
"P6-11",paintball/runs/P611_t1_A4_20784561/ereq_0e79d937-6088-40e1-b889-47972ef56c82-policy_agent_10.art.log,38193731,b6023b1a5c834d62400e3c5caf4f0d47
"P6-11",paintball/runs/P611_t1_A4_20784561/ereq_0e79d937-6088-40e1-b889-47972ef56c82-policy_agent_10.zip,1255365,eb27d38b111274d27339012a8c63d4f9
"P6-11",paintball/runs/P611_t1_A4_20784561/ereq_0e79d937-6088-40e1-b889-47972ef56c82-policy_agent_11.art.log,32341587,4f94ab94582efb68fc99ca81172961d6
"P6-11",paintball/runs/P611_t1_A4_20784561/ereq_0e79d937-6088-40e1-b889-47972ef56c82-policy_agent_11.zip,1044773,67a107335fdd5446ad864365d85d4af2
"P6-11",paintball/runs/P611_t1_A4_20889290/ereq_ee82b0f8-4c3f-4511-a56c-477e47ea2d8f-policy_agent_10.art.log,35829451,24a97735618fd4925e09bfcd6c065862
"P6-11",paintball/runs/P611_t1_A4_20889290/ereq_ee82b0f8-4c3f-4511-a56c-477e47ea2d8f-policy_agent_10.zip,1125481,02da4fcb40f8c61c95466a468bc44a3e
"P6-11",paintball/runs/P611_t1_A4_20889290/ereq_ee82b0f8-4c3f-4511-a56c-477e47ea2d8f-policy_agent_11.art.log,40910416,1ab14b1d6932b085787b34740a0d0a6e
"P6-11",paintball/runs/P611_t1_A4_20889290/ereq_ee82b0f8-4c3f-4511-a56c-477e47ea2d8f-policy_agent_11.zip,1367924,01958659c47c8491594ff647f4ad8f21
"P6-11",paintball/runs/P611_t1_A4_20994019/ereq_c0e1845e-2e4c-47da-a29f-fd3187ff00aa-policy_agent_10.art.log,39001569,eee75cc4cdd0a46f718d01d181245994
"P6-11",paintball/runs/P611_t1_A4_20994019/ereq_c0e1845e-2e4c-47da-a29f-fd3187ff00aa-policy_agent_10.zip,1033920,1fc6d8f10e9cca161b301859ef2bd3ff
"P6-11",paintball/runs/P611_t1_A4_20994019/ereq_c0e1845e-2e4c-47da-a29f-fd3187ff00aa-policy_agent_11.art.log,38198092,88b66b8a48e94aed5d9a9e0cebfb7329
"P6-11",paintball/runs/P611_t1_A4_20994019/ereq_c0e1845e-2e4c-47da-a29f-fd3187ff00aa-policy_agent_11.zip,1017480,1f6b6e05f6f5df848db2f7ed19f9cf5b
"P6-11",paintball/runs/P611_t1_A4_21098748/ereq_4429f73a-8ec9-49aa-ae72-c804fcbbf431-policy_agent_10.art.log,37082370,7e95d7ac5be9552f4d45d86db90222f8
"P6-11",paintball/runs/P611_t1_A4_21098748/ereq_4429f73a-8ec9-49aa-ae72-c804fcbbf431-policy_agent_10.zip,1121925,8299a4f4a9a2d029dd7cb6e922d50f76
"P6-11",paintball/runs/P611_t1_A4_21098748/ereq_4429f73a-8ec9-49aa-ae72-c804fcbbf431-policy_agent_11.art.log,32401499,e0366a62ecc8254aa91c5531079c58d9
"P6-11",paintball/runs/P611_t1_A4_21098748/ereq_4429f73a-8ec9-49aa-ae72-c804fcbbf431-policy_agent_11.zip,956214,1e15f2a61813470846be8c4d66bcf079
"P6-11",paintball/runs/P611_t1_A4_21203477/ereq_e013e70e-674d-4113-a9be-37bd2b1fc46a-policy_agent_10.art.log,37143448,75eaa431edaec7f7d7bd652a8a43c9b5
"P6-11",paintball/runs/P611_t1_A4_21203477/ereq_e013e70e-674d-4113-a9be-37bd2b1fc46a-policy_agent_10.zip,1252277,3d0feb717706d1f8dde1fdad0b8bc7c4
"P6-11",paintball/runs/P611_t1_A4_21203477/ereq_e013e70e-674d-4113-a9be-37bd2b1fc46a-policy_agent_11.art.log,30795495,49f22d78f470ac37a56491c1ccd5a35c
"P6-11",paintball/runs/P611_t1_A4_21203477/ereq_e013e70e-674d-4113-a9be-37bd2b1fc46a-policy_agent_11.zip,1007621,0fea9f2f21e519c5ca25b1548279dad1
"P6-11",paintball/runs/P611_t2_A4_21308206/ereq_862c6e7c-3d7c-4de9-a82e-ee8d9bdde40e-policy_agent_10.art.log,37767152,8a240513450811242b922eed59371da9
"P6-11",paintball/runs/P611_t2_A4_21308206/ereq_862c6e7c-3d7c-4de9-a82e-ee8d9bdde40e-policy_agent_10.zip,1095788,d821b3182a05b181b690bfbe0cf9a793
"P6-11",paintball/runs/P611_t2_A4_21308206/ereq_862c6e7c-3d7c-4de9-a82e-ee8d9bdde40e-policy_agent_11.art.log,43950079,7f985af73425ef002819201859b58a6a
"P6-11",paintball/runs/P611_t2_A4_21308206/ereq_862c6e7c-3d7c-4de9-a82e-ee8d9bdde40e-policy_agent_11.zip,1364835,0aac70012d860dd102ef67a1d53cb3f4
"P6-11",paintball/runs/P611_t2_A4_21412935/ereq_3a3232e1-a174-4a16-9549-662d0b0332a8-policy_agent_10.art.log,38505121,5cbd41706f89e12d5d3d492cf3f26fae
"P6-11",paintball/runs/P611_t2_A4_21412935/ereq_3a3232e1-a174-4a16-9549-662d0b0332a8-policy_agent_10.zip,1123296,779dcb90cc1b9ba1c819687c4c2aa3c5
"P6-11",paintball/runs/P611_t2_A4_21412935/ereq_3a3232e1-a174-4a16-9549-662d0b0332a8-policy_agent_11.art.log,37325269,01aea4f3e094d7fac2bad9529336e328
"P6-11",paintball/runs/P611_t2_A4_21412935/ereq_3a3232e1-a174-4a16-9549-662d0b0332a8-policy_agent_11.zip,1068215,fb732d6af41d7fa774339b94cbb9ef90
"P6-11",paintball/runs/P611_t2_A4_21517664/ereq_5389933a-3971-405b-af47-978691e45ad2-policy_agent_10.art.log,42870561,c1a015792cc537d1e8c3335fbad98a04
"P6-11",paintball/runs/P611_t2_A4_21517664/ereq_5389933a-3971-405b-af47-978691e45ad2-policy_agent_10.zip,1334445,e3996d559062dec2e73571e64824f213
"P6-11",paintball/runs/P611_t2_A4_21517664/ereq_5389933a-3971-405b-af47-978691e45ad2-policy_agent_11.art.log,40084125,df1045aa1cc5526caef56b09bb3803a1
"P6-11",paintball/runs/P611_t2_A4_21517664/ereq_5389933a-3971-405b-af47-978691e45ad2-policy_agent_11.zip,1338100,d79e5d6e8a35f854cbbf669fd2de2edc
"P6-11",paintball/runs/P611_t2_A4_21622393/ereq_026e7cf5-caed-4bf6-a87c-cfeb674fa504-policy_agent_10.art.log,5461949,777262131556a42d60ba43727c3042b2
"P6-11",paintball/runs/P611_t2_A4_21622393/ereq_026e7cf5-caed-4bf6-a87c-cfeb674fa504-policy_agent_10.zip,197063,3d3d36bb684111cc192ab24d85dfb4c4
"P6-11",paintball/runs/P611_t2_A4_21622393/ereq_026e7cf5-caed-4bf6-a87c-cfeb674fa504-policy_agent_11.art.log,4188530,7ef5acf5b7e90820c64f09ced3fa3883
"P6-11",paintball/runs/P611_t2_A4_21622393/ereq_026e7cf5-caed-4bf6-a87c-cfeb674fa504-policy_agent_11.zip,142899,4f67160c9559ccb436f47ca698956dca
"P6-11",paintball/runs/P611_t2_A4_21727122/ereq_535b13e1-117a-4631-a5d6-820b8088ea72-policy_agent_10.art.log,30960657,387a3d1e8736d1e3a83a3c1a26c372a3
"P6-11",paintball/runs/P611_t2_A4_21727122/ereq_535b13e1-117a-4631-a5d6-820b8088ea72-policy_agent_10.zip,1021403,23bcb4bf2a2231e5c94b1afd76c64519
"P6-11",paintball/runs/P611_t2_A4_21727122/ereq_535b13e1-117a-4631-a5d6-820b8088ea72-policy_agent_11.art.log,29620147,dbbe9eeb0feda5e03a260424cfa300e5
"P6-11",paintball/runs/P611_t2_A4_21727122/ereq_535b13e1-117a-4631-a5d6-820b8088ea72-policy_agent_11.zip,984376,9ab33029f67d55aa49415acdb0072373
"P6-11",paintball/runs/P611_t2_A4_21831851/ereq_937acc30-ae28-4285-87d0-e9eeb61a047b-policy_agent_10.art.log,34369229,e156529266a797591bd974164cf39378
"P6-11",paintball/runs/P611_t2_A4_21831851/ereq_937acc30-ae28-4285-87d0-e9eeb61a047b-policy_agent_10.zip,1034303,a33679da88a91c96f1a35a3bc38cdbdc
"P6-11",paintball/runs/P611_t2_A4_21831851/ereq_937acc30-ae28-4285-87d0-e9eeb61a047b-policy_agent_11.art.log,34040009,b92a3751211c29a08b18f13e1e4c8598
"P6-11",paintball/runs/P611_t2_A4_21831851/ereq_937acc30-ae28-4285-87d0-e9eeb61a047b-policy_agent_11.zip,993451,21333c465c40d7e4b5a1c538a41256bd
"P6-11",paintball/runs/P611_t2_A4_21936580/ereq_058786a5-752d-4093-8e9f-f234fa7f04a3-policy_agent_10.art.log,38128201,f22572ba6d291d7c3df59aef08a3e69b
"P6-11",paintball/runs/P611_t2_A4_21936580/ereq_058786a5-752d-4093-8e9f-f234fa7f04a3-policy_agent_10.zip,1013881,55061c6ffa076ef1bf375895f828581e
"P6-11",paintball/runs/P611_t2_A4_21936580/ereq_058786a5-752d-4093-8e9f-f234fa7f04a3-policy_agent_11.art.log,43810286,a4368b5e44ed9a60e2d19381fb931b7d
"P6-11",paintball/runs/P611_t2_A4_21936580/ereq_058786a5-752d-4093-8e9f-f234fa7f04a3-policy_agent_11.zip,1190998,36d62b13293336fc7b2c7fc7f8a322aa
"P6-11",paintball/runs/P611_t2_A4_22041309/ereq_f00ecb56-1ee9-4bd7-9a5a-81c7c5cbde32-policy_agent_10.art.log,38685684,65d138b447d629e898af6a2c6d3c6cbb
"P6-11",paintball/runs/P611_t2_A4_22041309/ereq_f00ecb56-1ee9-4bd7-9a5a-81c7c5cbde32-policy_agent_10.zip,1226522,f81c71e4150d830cfe5c08dcb435c6ab
"P6-11",paintball/runs/P611_t2_A4_22041309/ereq_f00ecb56-1ee9-4bd7-9a5a-81c7c5cbde32-policy_agent_11.art.log,30719715,a31cca61f9754952622871cdb6a528c3
"P6-11",paintball/runs/P611_t2_A4_22041309/ereq_f00ecb56-1ee9-4bd7-9a5a-81c7c5cbde32-policy_agent_11.zip,1006385,08b374a9292efc210b8792e4a12f1c26
"P6-11",paintball/runs/P611_t2_A4_22146038/ereq_8418c316-8b6b-444e-a7f3-86c21a78a453-policy_agent_10.art.log,31704589,7cc6602b0d9c27923792161cd21a0b8a
"P6-11",paintball/runs/P611_t2_A4_22146038/ereq_8418c316-8b6b-444e-a7f3-86c21a78a453-policy_agent_10.zip,1060205,1a63f00e85868006e1fd196e489e6a10
"P6-11",paintball/runs/P611_t2_A4_22146038/ereq_8418c316-8b6b-444e-a7f3-86c21a78a453-policy_agent_11.art.log,36356562,c561675ba5e398a43ce59490b7527191
"P6-11",paintball/runs/P611_t2_A4_22146038/ereq_8418c316-8b6b-444e-a7f3-86c21a78a453-policy_agent_11.zip,1259430,52fe2c76c7f43c62fb3b8ef93041f7b6
"P6-11",paintball/runs/P611_t2_A4_22250767/ereq_12a34286-1b53-4ce0-9b6d-f31c558f7252-policy_agent_10.art.log,41120607,acee50dd41ed70635c1aa619e942261e
"P6-11",paintball/runs/P611_t2_A4_22250767/ereq_12a34286-1b53-4ce0-9b6d-f31c558f7252-policy_agent_10.zip,1193937,c6c370d0c31fce42efcdbfd3b9a721ec
"P6-11",paintball/runs/P611_t2_A4_22250767/ereq_12a34286-1b53-4ce0-9b6d-f31c558f7252-policy_agent_11.art.log,36941339,be3c870e19fa9cc0fc6f67ab164ff98d
"P6-11",paintball/runs/P611_t2_A4_22250767/ereq_12a34286-1b53-4ce0-9b6d-f31c558f7252-policy_agent_11.zip,978133,d4dc82adbff96e34b4eca5916feb8174
"GIF (P6)",cantera/paper6/P6_13_anillo.gif,705194,429bac8db1c8a6935d093daf9a73acdf
"GIF (P6)",cantera/paper6/P6_14_plan.gif,596943,fc3fa6df0d153e1bd29f677cc6675834
"GIF (P6)",cantera/paper6/P6_15_tres_caminos.gif,629715,c5d3e00748cdef50cf03916ee918e191
"GIF (P6)",cantera/paper6/P6_2_pareja.gif,2500763,80247a6d0e8c8e7879dbd0454734186c
"GIF (P6)",cantera/paper6/P6_4_contado.gif,2161238,5ac219ba528a4e0d1de6eba0ac27888f
"GIF (P6)",cantera/paper6/P6_7_muerte.gif,251597,454f1d14f05d68b3777f95f53d4d21df
"JSON > 10 MB (P6)",cantera/paper6/P6_14_planes.json,23314707,35d31019ed44da9934ab800d28871835
"JSON > 10 MB (P6)",cantera/paper6/P6_15_planes.json,37444536,f8fbd259a9ffb2f4f28137c60cd72f92
"JSON > 10 MB (P6)",cantera/paper6/P6_2_bruto.json,40041423,60d44479c7cbeb14ded23508592ebd7a
"P6-16",paintball/runs/P616_t0_A5h_20260916/ereq_ec841ad3-db0d-4a0d-b3e5-99b7fc2347a2-policy_agent_10.art.log,8467333,c5d25e95c8f7f5db062d429e22567072
"P6-16",paintball/runs/P616_t0_A5h_20260916/ereq_ec841ad3-db0d-4a0d-b3e5-99b7fc2347a2-policy_agent_10.zip,309008,f12d0a880ab75844a8d1cb5bf5e005ed
"P6-16",paintball/runs/P616_t0_A5h_20260916/ereq_ec841ad3-db0d-4a0d-b3e5-99b7fc2347a2-policy_agent_11.art.log,9502604,abde3ee0f13a85e6b20c821e90c4c2b9
"P6-16",paintball/runs/P616_t0_A5h_20260916/ereq_ec841ad3-db0d-4a0d-b3e5-99b7fc2347a2-policy_agent_11.zip,332925,ff931a3be8772493c1c43041370c4cdf
"P6-16",paintball/runs/P616_t0_A5v_20260916/ereq_74226896-7106-4357-a9e5-bc2998c8fec2-policy_agent_10.art.log,10089971,f65adc21c4f2d8fddb36a2dcf11b4e55
"P6-16",paintball/runs/P616_t0_A5v_20260916/ereq_74226896-7106-4357-a9e5-bc2998c8fec2-policy_agent_10.zip,354544,e0a50264d90cdb8a433fa22aae13c6b1
"P6-16",paintball/runs/P616_t0_A5v_20260916/ereq_74226896-7106-4357-a9e5-bc2998c8fec2-policy_agent_11.art.log,10318519,8616fe36eeb91c22c50a5f89b80093c4
"P6-16",paintball/runs/P616_t0_A5v_20260916/ereq_74226896-7106-4357-a9e5-bc2998c8fec2-policy_agent_11.zip,354848,e25ed023035db8d6b856465338679ae1
"P6-16",paintball/runs/P616_t1_A5v_20260916/ereq_aedc00c3-7e46-4dce-b700-74535192f23c-policy_agent_10.art.log,37153541,6a753b65421eee8a8286fa4371dfc5aa
"P6-16",paintball/runs/P616_t1_A5v_20260916/ereq_aedc00c3-7e46-4dce-b700-74535192f23c-policy_agent_10.zip,1295758,c0343165910d72052c3e21e8f8401387
"P6-16",paintball/runs/P616_t1_A5v_20260916/ereq_aedc00c3-7e46-4dce-b700-74535192f23c-policy_agent_11.art.log,37582766,03db130f715e640ab3c91722343d9671
"P6-16",paintball/runs/P616_t1_A5v_20260916/ereq_aedc00c3-7e46-4dce-b700-74535192f23c-policy_agent_11.zip,1216840,dfa0b650f3423cf1278578e9a1ae3bab
"P6-16",paintball/runs/P616_t1_A5v_20365645/ereq_5bdd6e4e-b265-4218-962f-8f9a601eeee3-policy_agent_10.art.log,37512401,0e05a41f3e50e07272287f01a3a4025c
"P6-16",paintball/runs/P616_t1_A5v_20365645/ereq_5bdd6e4e-b265-4218-962f-8f9a601eeee3-policy_agent_10.zip,1039409,bc7c39b499c4924f0208bbb589c5ecc5
"P6-16",paintball/runs/P616_t1_A5v_20365645/ereq_5bdd6e4e-b265-4218-962f-8f9a601eeee3-policy_agent_11.art.log,37388609,50b2a5b4c2a669d09b0f05be3b5f66b6
"P6-16",paintball/runs/P616_t1_A5v_20365645/ereq_5bdd6e4e-b265-4218-962f-8f9a601eeee3-policy_agent_11.zip,948776,964966360d8efbdf0968a436e2dc5cde
"P6-16",paintball/runs/P616_t1_A5v_20470374/ereq_89ada7a0-4361-470f-97d1-bd883cfadf6f-policy_agent_10.art.log,37853848,aa2bf60cc3a544d5c78dc350883eccd8
"P6-16",paintball/runs/P616_t1_A5v_20470374/ereq_89ada7a0-4361-470f-97d1-bd883cfadf6f-policy_agent_10.zip,1303926,0368255675eb3f338349e8635cb692f6
"P6-16",paintball/runs/P616_t1_A5v_20470374/ereq_89ada7a0-4361-470f-97d1-bd883cfadf6f-policy_agent_11.art.log,35140943,84affd7a404775b7a8fbd2d4c3c3352a
"P6-16",paintball/runs/P616_t1_A5v_20470374/ereq_89ada7a0-4361-470f-97d1-bd883cfadf6f-policy_agent_11.zip,1124307,aa746fed2bba99c2f2e98a1186b28c76
"P6-16",paintball/runs/P616_t1_A5v_20575103/ereq_9ce5f876-8c49-46c4-af78-038977843b5b-policy_agent_10.art.log,34328221,0ec47e73e01308056fe2ed8668382317
"P6-16",paintball/runs/P616_t1_A5v_20575103/ereq_9ce5f876-8c49-46c4-af78-038977843b5b-policy_agent_10.zip,1290775,e1951df3036497b5e407a684c99d64f1
"P6-16",paintball/runs/P616_t1_A5v_20575103/ereq_9ce5f876-8c49-46c4-af78-038977843b5b-policy_agent_11.art.log,31533091,cb8e82887018f6648ca461022b4a76b2
"P6-16",paintball/runs/P616_t1_A5v_20575103/ereq_9ce5f876-8c49-46c4-af78-038977843b5b-policy_agent_11.zip,1195097,5239845f4dbf9064bc06ed46b83c33d1
"P6-16",paintball/runs/P616_t1_A5v_20679832/ereq_7ab0d9ad-86d6-4e7a-8955-bb74fa896a10-policy_agent_10.art.log,43445925,40b6e56a2d5180067c9ef9c69afa09d2
"P6-16",paintball/runs/P616_t1_A5v_20679832/ereq_7ab0d9ad-86d6-4e7a-8955-bb74fa896a10-policy_agent_10.zip,1345354,72d2fe59bc7de5cdedbcfae9e3f4f661
"P6-16",paintball/runs/P616_t1_A5v_20679832/ereq_7ab0d9ad-86d6-4e7a-8955-bb74fa896a10-policy_agent_11.art.log,42931832,af1d5dcb93b924d46893ed88a6a21dd7
"P6-16",paintball/runs/P616_t1_A5v_20679832/ereq_7ab0d9ad-86d6-4e7a-8955-bb74fa896a10-policy_agent_11.zip,1290650,c108b100b9920699d14ff0a65a48e760
"P6-16",paintball/runs/P616_t1_A5v_20784561/ereq_5bd9e0c4-76f4-4c75-b71c-48b42eb749b3-policy_agent_10.art.log,39338425,c3d1a7d9c56b689962bbaf935668d9d4
"P6-16",paintball/runs/P616_t1_A5v_20784561/ereq_5bd9e0c4-76f4-4c75-b71c-48b42eb749b3-policy_agent_10.zip,1124506,0946127a15f22607047c108bcf9311d5
"P6-16",paintball/runs/P616_t1_A5v_20784561/ereq_5bd9e0c4-76f4-4c75-b71c-48b42eb749b3-policy_agent_11.art.log,43697282,83024618eca31f78e5efd5a4c5fe36e0
"P6-16",paintball/runs/P616_t1_A5v_20784561/ereq_5bd9e0c4-76f4-4c75-b71c-48b42eb749b3-policy_agent_11.zip,1335708,f65e9ad839b216fbd282050add3fb737
"P6-16",paintball/runs/P616_t1_A5v_20889290/ereq_d1b254f0-d578-49df-ae18-e92919ea097f-policy_agent_10.art.log,33432102,83010ad52794cb9d4eb474a4bc62dd94
"P6-16",paintball/runs/P616_t1_A5v_20889290/ereq_d1b254f0-d578-49df-ae18-e92919ea097f-policy_agent_10.zip,1114573,a8edc0c15a30c58eecdaf65b4a57dda4
"P6-16",paintball/runs/P616_t1_A5v_20889290/ereq_d1b254f0-d578-49df-ae18-e92919ea097f-policy_agent_11.art.log,41369079,6841ecac23681cb692764674a366d36a
"P6-16",paintball/runs/P616_t1_A5v_20889290/ereq_d1b254f0-d578-49df-ae18-e92919ea097f-policy_agent_11.zip,1520580,3116bfbf6f7fa61aa0aa8c060003d485
"P6-16",paintball/runs/P616_t1_A5v_20994019/ereq_0274f087-4cb0-4745-9cf3-7b98b62640cf-policy_agent_10.art.log,42783955,7bbc5a0021de4ac8111b48034876c6d5
"P6-16",paintball/runs/P616_t1_A5v_20994019/ereq_0274f087-4cb0-4745-9cf3-7b98b62640cf-policy_agent_10.zip,1416563,f9a18d9879ce32affe8ea69dbd348919
"P6-16",paintball/runs/P616_t1_A5v_20994019/ereq_0274f087-4cb0-4745-9cf3-7b98b62640cf-policy_agent_11.art.log,37917978,251498e5f2905f51a72db325a163892d
"P6-16",paintball/runs/P616_t1_A5v_20994019/ereq_0274f087-4cb0-4745-9cf3-7b98b62640cf-policy_agent_11.zip,1108928,98f85f9f2b91fe9c5278380ead013ab4
"P6-16",paintball/runs/P616_t1_A5v_21098748/ereq_647d3d92-67fc-4ef4-821c-1a7440e96f37-policy_agent_10.art.log,34979473,572ffa6a5ae8514f7427eae93ea2d9b6
"P6-16",paintball/runs/P616_t1_A5v_21098748/ereq_647d3d92-67fc-4ef4-821c-1a7440e96f37-policy_agent_10.zip,1232590,c0b617dd44f5de4e90a68bfdaf236d17
"P6-16",paintball/runs/P616_t1_A5v_21098748/ereq_647d3d92-67fc-4ef4-821c-1a7440e96f37-policy_agent_11.art.log,34768870,eed545590613a188e89161de9a32e29d
"P6-16",paintball/runs/P616_t1_A5v_21098748/ereq_647d3d92-67fc-4ef4-821c-1a7440e96f37-policy_agent_11.zip,1251018,1e6428f95e16125f2583b4dd2fddbf1f
"P6-16",paintball/runs/P616_t1_A5v_21203477/ereq_2f66a2d7-86c8-4aa7-bff5-562da0a12fb0-policy_agent_10.art.log,40872573,7468bbf69bfba1f274fbb89e75bf64e3
"P6-16",paintball/runs/P616_t1_A5v_21203477/ereq_2f66a2d7-86c8-4aa7-bff5-562da0a12fb0-policy_agent_10.zip,1266065,a75a779ac174a14a8e824623e1e4609b
"P6-16",paintball/runs/P616_t1_A5v_21203477/ereq_2f66a2d7-86c8-4aa7-bff5-562da0a12fb0-policy_agent_11.art.log,39568900,5b9258d381615b08d9992dc30603a38b
"P6-16",paintball/runs/P616_t1_A5v_21203477/ereq_2f66a2d7-86c8-4aa7-bff5-562da0a12fb0-policy_agent_11.zip,1241060,70834632d9fe5a195bae90db07db4c7f
"P6-16",paintball/runs/P616_t1_A5v_21308206/ereq_dae56dba-44c1-45e4-bbf1-54fa970fe7cd-policy_agent_10.art.log,40755645,2ee721aad54f1f291fa294f4fa661597
"P6-16",paintball/runs/P616_t1_A5v_21308206/ereq_dae56dba-44c1-45e4-bbf1-54fa970fe7cd-policy_agent_10.zip,1461727,d2a7ad25f520f504c1124a881039ad7d
"P6-16",paintball/runs/P616_t1_A5v_21308206/ereq_dae56dba-44c1-45e4-bbf1-54fa970fe7cd-policy_agent_11.art.log,33930796,0bea6c4bf272f19af2901e2c6b122376
"P6-16",paintball/runs/P616_t1_A5v_21308206/ereq_dae56dba-44c1-45e4-bbf1-54fa970fe7cd-policy_agent_11.zip,1204217,ddc6673fa41e68f5782a050246b81745
"P6-16",paintball/runs/P616_t1_A5v_21412935/ereq_f95cc0de-846f-4c6e-a1a5-c7e971ca46e1-policy_agent_10.art.log,38816840,3cedeeec5d679fe8fb8b9fca3492517a
"P6-16",paintball/runs/P616_t1_A5v_21412935/ereq_f95cc0de-846f-4c6e-a1a5-c7e971ca46e1-policy_agent_10.zip,1311692,c17947a5a935281872fede46a0c9714e
"P6-16",paintball/runs/P616_t1_A5v_21412935/ereq_f95cc0de-846f-4c6e-a1a5-c7e971ca46e1-policy_agent_11.art.log,35277988,f8860ce0aa41b56afb6a8470b8d63f4c
"P6-16",paintball/runs/P616_t1_A5v_21412935/ereq_f95cc0de-846f-4c6e-a1a5-c7e971ca46e1-policy_agent_11.zip,1140299,6100b02569a1be3b3f23f04e5fba3523
"P6-16",paintball/runs/P616_t1_A5v_21517664/ereq_f1c47cd2-c8e5-4766-bf32-e6eda73c4822-policy_agent_10.art.log,39616895,46dea570ab8dd3911ee0e656614cf2da
"P6-16",paintball/runs/P616_t1_A5v_21517664/ereq_f1c47cd2-c8e5-4766-bf32-e6eda73c4822-policy_agent_10.zip,1529806,efedbe6cc13e61e83c891c4999d80387
"P6-16",paintball/runs/P616_t1_A5v_21517664/ereq_f1c47cd2-c8e5-4766-bf32-e6eda73c4822-policy_agent_11.art.log,34120324,822de1cf06ada84b2d7bd29c1061ef25
"P6-16",paintball/runs/P616_t1_A5v_21517664/ereq_f1c47cd2-c8e5-4766-bf32-e6eda73c4822-policy_agent_11.zip,1296047,b5ebe766fed2775bf9adab7e90adafe4
"P6-16",paintball/runs/P616_t1_A5v_21622393/ereq_77218ff1-9190-4ef2-b74e-fd3fd23e7bb8-policy_agent_10.art.log,36723943,1989cc42914dc4e05ceb2ca44661aeb0
"P6-16",paintball/runs/P616_t1_A5v_21622393/ereq_77218ff1-9190-4ef2-b74e-fd3fd23e7bb8-policy_agent_10.zip,1251797,6cfca8e73480c849ca7d8f8da322d9d0
"P6-16",paintball/runs/P616_t1_A5v_21622393/ereq_77218ff1-9190-4ef2-b74e-fd3fd23e7bb8-policy_agent_11.art.log,36832788,4011fa42da3db2a5a5f1f936fbb06e05
"P6-16",paintball/runs/P616_t1_A5v_21622393/ereq_77218ff1-9190-4ef2-b74e-fd3fd23e7bb8-policy_agent_11.zip,1301807,a8f9ac03ac0f7c7e59d2b704bcb61eaf
"P6-16",paintball/runs/P616_t1_A5v_21727122/ereq_95a98658-1d6c-4473-a1ae-c69b2b28e754-policy_agent_10.art.log,34538414,742c1850c4264e95994c291b6b9ad54e
"P6-16",paintball/runs/P616_t1_A5v_21727122/ereq_95a98658-1d6c-4473-a1ae-c69b2b28e754-policy_agent_10.zip,1313687,945c07db734b18015f68ffc546de0c47
"P6-16",paintball/runs/P616_t1_A5v_21727122/ereq_95a98658-1d6c-4473-a1ae-c69b2b28e754-policy_agent_11.art.log,34087684,d724c472beabf133fc06e1a10fe03100
"P6-16",paintball/runs/P616_t1_A5v_21727122/ereq_95a98658-1d6c-4473-a1ae-c69b2b28e754-policy_agent_11.zip,1305014,893afe48b0e222454f3c5cc3b32fb4f3
"P6-16",paintball/runs/P616_t1_A5v_21831851/ereq_248548a7-b009-4949-89db-4a53751288e9-policy_agent_10.art.log,41988747,cf6b843a2cebad33e0106c4d11422e83
"P6-16",paintball/runs/P616_t1_A5v_21831851/ereq_248548a7-b009-4949-89db-4a53751288e9-policy_agent_10.zip,1172018,a2030cf30b1b1a9e9b82eb893b389813
"P6-16",paintball/runs/P616_t1_A5v_21831851/ereq_248548a7-b009-4949-89db-4a53751288e9-policy_agent_11.art.log,39193536,80ff3ff7a0630684a57498dca72342cf
"P6-16",paintball/runs/P616_t1_A5v_21831851/ereq_248548a7-b009-4949-89db-4a53751288e9-policy_agent_11.zip,1101003,9cba16d08d1766f02b81e106a20c52f0
"P6-16",paintball/runs/P616_t1_A5v_21936580/ereq_43712a67-43d5-4cf7-b0b1-4da31d384c0b-policy_agent_10.art.log,44230656,78b167e48c9cd928e335b452ad62ed6a
"P6-16",paintball/runs/P616_t1_A5v_21936580/ereq_43712a67-43d5-4cf7-b0b1-4da31d384c0b-policy_agent_10.zip,1450993,a92bcd6aa47096913d3938b8240d6246
"P6-16",paintball/runs/P616_t1_A5v_21936580/ereq_43712a67-43d5-4cf7-b0b1-4da31d384c0b-policy_agent_11.art.log,36845952,932f2e66e84f0fdbd71fcedbcd625f50
"P6-16",paintball/runs/P616_t1_A5v_21936580/ereq_43712a67-43d5-4cf7-b0b1-4da31d384c0b-policy_agent_11.zip,1084794,3eeee178f8c496f46676b09b7b29c0e0
"P6-16",paintball/runs/P616_t1_A5v_22041309/ereq_3359c16c-4d4d-4453-9390-80c9150984e9-policy_agent_10.art.log,37491378,4d5cb151ffb92c6c9229246414b8f859
"P6-16",paintball/runs/P616_t1_A5v_22041309/ereq_3359c16c-4d4d-4453-9390-80c9150984e9-policy_agent_10.zip,1318732,687225cd37e63a3de3e9cfab643bc468
"P6-16",paintball/runs/P616_t1_A5v_22041309/ereq_3359c16c-4d4d-4453-9390-80c9150984e9-policy_agent_11.art.log,34731069,5d001baa9ac76c0563c7766e71a04568
"P6-16",paintball/runs/P616_t1_A5v_22041309/ereq_3359c16c-4d4d-4453-9390-80c9150984e9-policy_agent_11.zip,1328451,58d6500dd3c1865b0e691cef5d39ffec
"P6-16",paintball/runs/P616_t1_A5v_22146038/ereq_19d5ab93-2e43-41c3-bd24-953fa8b7d2a6-policy_agent_10.art.log,30729584,e635c4005929a38ad8ffba5effa34e32
"P6-16",paintball/runs/P616_t1_A5v_22146038/ereq_19d5ab93-2e43-41c3-bd24-953fa8b7d2a6-policy_agent_10.zip,1088246,781caa2723362c6600648ded84eb184c
"P6-16",paintball/runs/P616_t1_A5v_22146038/ereq_19d5ab93-2e43-41c3-bd24-953fa8b7d2a6-policy_agent_11.art.log,33473897,d9e4761ee8378aad5bb6f419ed425296
"P6-16",paintball/runs/P616_t1_A5v_22146038/ereq_19d5ab93-2e43-41c3-bd24-953fa8b7d2a6-policy_agent_11.zip,1297685,c14c314ca3293ce7b1ade1f689e9d692
"P6-16",paintball/runs/P616_t1_A5v_22250767/ereq_dbb941cc-1db3-4ef2-8ae2-9c32980b9530-policy_agent_10.art.log,36322920,4e82affffd507cb25fd3e54d84f6be0c
"P6-16",paintball/runs/P616_t1_A5v_22250767/ereq_dbb941cc-1db3-4ef2-8ae2-9c32980b9530-policy_agent_10.zip,1180115,869a859493532939bc2904d67de65397
"P6-16",paintball/runs/P616_t1_A5v_22250767/ereq_dbb941cc-1db3-4ef2-8ae2-9c32980b9530-policy_agent_11.art.log,39587329,d5ac776a74dc935948d8efd9a96978a1
"P6-16",paintball/runs/P616_t1_A5v_22250767/ereq_dbb941cc-1db3-4ef2-8ae2-9c32980b9530-policy_agent_11.zip,1274680,ace0842f39f7eb000015119a20bd8959
"P6-16",paintball/runs/P616_t2_A5h_20260916/ereq_f3e3ef11-46ff-4050-85e0-f8966a7accb7-policy_agent_10.art.log,30139831,57aa8255d0570299d4bee58d8bdda365
"P6-16",paintball/runs/P616_t2_A5h_20260916/ereq_f3e3ef11-46ff-4050-85e0-f8966a7accb7-policy_agent_10.zip,1007224,7d35e969eb46996734397765cf3f227c
"P6-16",paintball/runs/P616_t2_A5h_20260916/ereq_f3e3ef11-46ff-4050-85e0-f8966a7accb7-policy_agent_11.art.log,28616584,29a8c1dc8391216d537d46aaac7afcdb
"P6-16",paintball/runs/P616_t2_A5h_20260916/ereq_f3e3ef11-46ff-4050-85e0-f8966a7accb7-policy_agent_11.zip,921033,24c4fa89f1907228a1c1e9b961b7190c
"P6-16",paintball/runs/P616_t2_A5h_20365645/ereq_f3339ed5-ffbc-4afd-b0e6-50b2d7f898d6-policy_agent_10.art.log,36054800,90f59d834f0ca1b5db2f3adb53721356
"P6-16",paintball/runs/P616_t2_A5h_20365645/ereq_f3339ed5-ffbc-4afd-b0e6-50b2d7f898d6-policy_agent_10.zip,1142594,e878c87d60c652939fe5e5d8542e7fb2
"P6-16",paintball/runs/P616_t2_A5h_20365645/ereq_f3339ed5-ffbc-4afd-b0e6-50b2d7f898d6-policy_agent_11.art.log,34784789,d359fd9bd3dd7a727241b3c208368fcc
"P6-16",paintball/runs/P616_t2_A5h_20365645/ereq_f3339ed5-ffbc-4afd-b0e6-50b2d7f898d6-policy_agent_11.zip,1110744,ff4b1be7f69d8774929200b76ce15196
"P6-16",paintball/runs/P616_t2_A5h_20470374/ereq_877bcd4c-9926-47e7-93b5-12345766f111-policy_agent_10.art.log,40073210,8a536f21ae8924f6defae76bba329c53
"P6-16",paintball/runs/P616_t2_A5h_20470374/ereq_877bcd4c-9926-47e7-93b5-12345766f111-policy_agent_10.zip,1282441,2138dde734ecfc52dd54c1823d47ed8f
"P6-16",paintball/runs/P616_t2_A5h_20470374/ereq_877bcd4c-9926-47e7-93b5-12345766f111-policy_agent_11.art.log,40631596,0d9798f39fb6f0fa2d0cc10cf4d71b91
"P6-16",paintball/runs/P616_t2_A5h_20470374/ereq_877bcd4c-9926-47e7-93b5-12345766f111-policy_agent_11.zip,1231038,4b8e4f7980c3ca05bbed4bb8a80b3c34
"P6-16",paintball/runs/P616_t2_A5h_20575103/ereq_9770acc7-3b0e-4dd5-9c23-9aff0de11b32-policy_agent_10.art.log,34623306,0a9d942e4077f7b8b000f04605c8b26b
"P6-16",paintball/runs/P616_t2_A5h_20575103/ereq_9770acc7-3b0e-4dd5-9c23-9aff0de11b32-policy_agent_10.zip,1243272,517a11d111e9aefe875f400224d9811c
"P6-16",paintball/runs/P616_t2_A5h_20575103/ereq_9770acc7-3b0e-4dd5-9c23-9aff0de11b32-policy_agent_11.art.log,41827159,583f1c8604c1f1801b702cc93e94899f
"P6-16",paintball/runs/P616_t2_A5h_20575103/ereq_9770acc7-3b0e-4dd5-9c23-9aff0de11b32-policy_agent_11.zip,1337119,5d61196a9c8b94c95ef6bb96b06fa4e2
"P6-16",paintball/runs/P616_t2_A5h_20679832/ereq_fcc1ddef-6a3e-485b-82b0-c205792a7f90-policy_agent_10.art.log,34821337,f2bc51434e5758a171d0cb4645d55432
"P6-16",paintball/runs/P616_t2_A5h_20679832/ereq_fcc1ddef-6a3e-485b-82b0-c205792a7f90-policy_agent_10.zip,1240470,274329e75295fbf7c63ac5ff6475ce66
"P6-16",paintball/runs/P616_t2_A5h_20679832/ereq_fcc1ddef-6a3e-485b-82b0-c205792a7f90-policy_agent_11.art.log,34646040,ad77413806c5c1e278161528d7547500
"P6-16",paintball/runs/P616_t2_A5h_20679832/ereq_fcc1ddef-6a3e-485b-82b0-c205792a7f90-policy_agent_11.zip,1232687,69040e5803b3ef3be307cd27ee58fc42
"P6-16",paintball/runs/P616_t2_A5h_20784561/ereq_8de02df4-8137-438c-ae1d-8536760bc461-policy_agent_10.art.log,41525024,07195fbbefc64068bf16ba5cd3ef7b15
"P6-16",paintball/runs/P616_t2_A5h_20784561/ereq_8de02df4-8137-438c-ae1d-8536760bc461-policy_agent_10.zip,1503694,4791dd087b2d09f6265d7a2d7e4f2c76
"P6-16",paintball/runs/P616_t2_A5h_20784561/ereq_8de02df4-8137-438c-ae1d-8536760bc461-policy_agent_11.art.log,37773735,4bbac1c721c198698ba8ede772889af8
"P6-16",paintball/runs/P616_t2_A5h_20784561/ereq_8de02df4-8137-438c-ae1d-8536760bc461-policy_agent_11.zip,1255903,fcafa28b17defa12dad250d24617095f
"P6-16",paintball/runs/P616_t2_A5h_20889290/ereq_77cda74c-f90f-4639-9258-9d07f42d5927-policy_agent_10.art.log,45656595,2045e67d5cfe350a6faa77f09e85838f
"P6-16",paintball/runs/P616_t2_A5h_20889290/ereq_77cda74c-f90f-4639-9258-9d07f42d5927-policy_agent_10.zip,1365438,68a8bc15e955448bfada7c499d89213c
"P6-16",paintball/runs/P616_t2_A5h_20889290/ereq_77cda74c-f90f-4639-9258-9d07f42d5927-policy_agent_11.art.log,46070973,cd53ffd1074ca4ffe589dbadf3d0967d
"P6-16",paintball/runs/P616_t2_A5h_20889290/ereq_77cda74c-f90f-4639-9258-9d07f42d5927-policy_agent_11.zip,1318429,e79675f2828a8068bb0b1c6d95e7d0be
"P6-16",paintball/runs/P616_t2_A5h_20994019/ereq_2c350ee2-5f3e-4137-b0fb-9945890127de-policy_agent_10.art.log,28843072,b8b8774b8dc14ae24b84d29528e06a64
"P6-16",paintball/runs/P616_t2_A5h_20994019/ereq_2c350ee2-5f3e-4137-b0fb-9945890127de-policy_agent_10.zip,1109973,5bc7abb1991923bba1a52e5256e8991a
"P6-16",paintball/runs/P616_t2_A5h_20994019/ereq_2c350ee2-5f3e-4137-b0fb-9945890127de-policy_agent_11.art.log,14458231,71697f9e07b1cda1c3c2f1b594879b75
"P6-16",paintball/runs/P616_t2_A5h_20994019/ereq_2c350ee2-5f3e-4137-b0fb-9945890127de-policy_agent_11.zip,433997,5dfb543b43cb710353599583c6457709
"P6-16",paintball/runs/P616_t2_A5h_21098748/ereq_c91c9417-349b-4ddd-a6ba-1f0baa2c4540-policy_agent_10.art.log,39275912,2893e04b5ac16987d2c25d46f3337ef7
"P6-16",paintball/runs/P616_t2_A5h_21098748/ereq_c91c9417-349b-4ddd-a6ba-1f0baa2c4540-policy_agent_10.zip,1324679,8e7eb337e802cb5a99d0d666237357a7
"P6-16",paintball/runs/P616_t2_A5h_21098748/ereq_c91c9417-349b-4ddd-a6ba-1f0baa2c4540-policy_agent_11.art.log,38583602,e8329e1353ce298e2710c843584e7eff
"P6-16",paintball/runs/P616_t2_A5h_21098748/ereq_c91c9417-349b-4ddd-a6ba-1f0baa2c4540-policy_agent_11.zip,1292888,2b36bf105e95182bdc89f53145b697c0
"P6-16",paintball/runs/P616_t2_A5h_21203477/ereq_55b2507a-616e-4fa8-86b8-7239d7e8ab8c-policy_agent_10.art.log,35717544,cdd458f1f99bd117a275898d7bfed129
"P6-16",paintball/runs/P616_t2_A5h_21203477/ereq_55b2507a-616e-4fa8-86b8-7239d7e8ab8c-policy_agent_10.zip,1097593,7844857b85ff85f7faeb22bd3e458008
"P6-16",paintball/runs/P616_t2_A5h_21203477/ereq_55b2507a-616e-4fa8-86b8-7239d7e8ab8c-policy_agent_11.art.log,43231688,4766d12e2845a8850c8cbacda52e48d4
"P6-16",paintball/runs/P616_t2_A5h_21203477/ereq_55b2507a-616e-4fa8-86b8-7239d7e8ab8c-policy_agent_11.zip,1388472,1433c8eff8b6df6069e4a9fe3fd484f3
"P6-16",paintball/runs/P616_t2_A5h_21308206/ereq_b173d161-6de3-4564-b6ca-5121664153ed-policy_agent_10.art.log,39075780,4a02a3f9210e34b7890010054cdff0cc
"P6-16",paintball/runs/P616_t2_A5h_21308206/ereq_b173d161-6de3-4564-b6ca-5121664153ed-policy_agent_10.zip,1246992,159a5397955be134d2336897703c6f71
"P6-16",paintball/runs/P616_t2_A5h_21308206/ereq_b173d161-6de3-4564-b6ca-5121664153ed-policy_agent_11.art.log,46893496,a6a0f6c58de74f0e52fd0c413140d808
"P6-16",paintball/runs/P616_t2_A5h_21308206/ereq_b173d161-6de3-4564-b6ca-5121664153ed-policy_agent_11.zip,1468545,22146fd34657c69e035dbe0a19b3fd98
"P6-16",paintball/runs/P616_t2_A5h_21412935/ereq_7c24ad3d-542f-479a-bec7-d72dcb75d595-policy_agent_10.art.log,39788058,4eda4dee111ca6dec2e3f82fbb1f81d8
"P6-16",paintball/runs/P616_t2_A5h_21412935/ereq_7c24ad3d-542f-479a-bec7-d72dcb75d595-policy_agent_10.zip,1210269,1f2b267d646cdd43e9e4b09a19e9c10f
"P6-16",paintball/runs/P616_t2_A5h_21412935/ereq_7c24ad3d-542f-479a-bec7-d72dcb75d595-policy_agent_11.art.log,39247748,9569146a6e4aaf90e274cf2c6e822a19
"P6-16",paintball/runs/P616_t2_A5h_21412935/ereq_7c24ad3d-542f-479a-bec7-d72dcb75d595-policy_agent_11.zip,1212462,cab6c78c66115528b5664f03460bee76
"P6-16",paintball/runs/P616_t2_A5h_21517664/ereq_5affa145-db5a-442d-bb09-adabe3c01da3-policy_agent_10.art.log,39358348,20b6e73b16e1ad8b6e5f13387768036a
"P6-16",paintball/runs/P616_t2_A5h_21517664/ereq_5affa145-db5a-442d-bb09-adabe3c01da3-policy_agent_10.zip,1370389,2660f09b4ec622bef378a46b2aceebc1
"P6-16",paintball/runs/P616_t2_A5h_21517664/ereq_5affa145-db5a-442d-bb09-adabe3c01da3-policy_agent_11.art.log,37263100,71583ae1f9011f40d8a262b4e04bd144
"P6-16",paintball/runs/P616_t2_A5h_21517664/ereq_5affa145-db5a-442d-bb09-adabe3c01da3-policy_agent_11.zip,1319853,dec77001e54263861cdf36fd8f2ec095
"P6-16",paintball/runs/P616_t2_A5h_21622393/ereq_faddb2b2-3a69-42ee-8ce0-396643db8115-policy_agent_10.art.log,39096498,94ae4ac1daca8b65db77791b8ae29cf7
"P6-16",paintball/runs/P616_t2_A5h_21622393/ereq_faddb2b2-3a69-42ee-8ce0-396643db8115-policy_agent_10.zip,1337195,197295fdd53191944b0b76652dd6f8e9
"P6-16",paintball/runs/P616_t2_A5h_21622393/ereq_faddb2b2-3a69-42ee-8ce0-396643db8115-policy_agent_11.art.log,34806553,be73a18ae681413010f2c9fa9d566b13
"P6-16",paintball/runs/P616_t2_A5h_21622393/ereq_faddb2b2-3a69-42ee-8ce0-396643db8115-policy_agent_11.zip,1239381,8c875de1afedfe336145ded6d45e6e8c
"P6-16",paintball/runs/P616_t2_A5h_21727122/ereq_129fbde0-eabc-4fc3-937b-42c2097aac60-policy_agent_10.art.log,34417497,bd82c2a461d0b9c76d112563f6f9fa11
"P6-16",paintball/runs/P616_t2_A5h_21727122/ereq_129fbde0-eabc-4fc3-937b-42c2097aac60-policy_agent_10.zip,1255451,e2dac65095e35fa6a0dd474c630cb8c8
"P6-16",paintball/runs/P616_t2_A5h_21727122/ereq_129fbde0-eabc-4fc3-937b-42c2097aac60-policy_agent_11.art.log,33985770,6e4c845a6fc74465cf17555b357fe2ff
"P6-16",paintball/runs/P616_t2_A5h_21727122/ereq_129fbde0-eabc-4fc3-937b-42c2097aac60-policy_agent_11.zip,1248223,494a97010f1af0dd9d9569d238b353e3
"P6-16",paintball/runs/P616_t2_A5h_21831851/ereq_5ebb8108-bee6-47cb-9f31-c08333488eac-policy_agent_10.art.log,39753299,beb74785db3816181326dc6015f7b178
"P6-16",paintball/runs/P616_t2_A5h_21831851/ereq_5ebb8108-bee6-47cb-9f31-c08333488eac-policy_agent_10.zip,1230939,17da33937d6892d46c04624e5b0a754e
"P6-16",paintball/runs/P616_t2_A5h_21831851/ereq_5ebb8108-bee6-47cb-9f31-c08333488eac-policy_agent_11.art.log,38037248,aeb6d4d3bafb205b103354e54f5f47ea
"P6-16",paintball/runs/P616_t2_A5h_21831851/ereq_5ebb8108-bee6-47cb-9f31-c08333488eac-policy_agent_11.zip,1145332,4c405c90950c4fe84a7d951b65904b91
"P6-16",paintball/runs/P616_t2_A5h_21936580/ereq_b0f9ee12-72ca-458c-8ec3-1682077155fd-policy_agent_10.art.log,35810969,13f3810bcd78b0341e3b4e3904a55e55
"P6-16",paintball/runs/P616_t2_A5h_21936580/ereq_b0f9ee12-72ca-458c-8ec3-1682077155fd-policy_agent_10.zip,1120024,eb3c97f36d354f870ff761f906c55f87
"P6-16",paintball/runs/P616_t2_A5h_21936580/ereq_b0f9ee12-72ca-458c-8ec3-1682077155fd-policy_agent_11.art.log,34195756,f25b620cc71a2c358baf90301e9199f4
"P6-16",paintball/runs/P616_t2_A5h_21936580/ereq_b0f9ee12-72ca-458c-8ec3-1682077155fd-policy_agent_11.zip,1066266,bf0e711ce8124b8889fc0c294f1f6fba
"P6-16",paintball/runs/P616_t2_A5h_22041309/ereq_9540ea4e-473c-497a-ba50-4734aef86bad-policy_agent_10.art.log,35316398,ea84b640427762cc56e8fc9ee7e366ff
"P6-16",paintball/runs/P616_t2_A5h_22041309/ereq_9540ea4e-473c-497a-ba50-4734aef86bad-policy_agent_10.zip,1379421,0782e3a22674eda24bee5219d618a770
"P6-16",paintball/runs/P616_t2_A5h_22041309/ereq_9540ea4e-473c-497a-ba50-4734aef86bad-policy_agent_11.art.log,32372147,d945dbcd54069f4f43a9c267803c8833
"P6-16",paintball/runs/P616_t2_A5h_22041309/ereq_9540ea4e-473c-497a-ba50-4734aef86bad-policy_agent_11.zip,1212484,b29499fcd594693d2260d09bb79406ca
"P6-16",paintball/runs/P616_t2_A5h_22146038/ereq_a6d20b0c-331a-46fd-9067-a4eedf74cd1d-policy_agent_10.art.log,34598559,184512da4cad77434100db48aea2f00b
"P6-16",paintball/runs/P616_t2_A5h_22146038/ereq_a6d20b0c-331a-46fd-9067-a4eedf74cd1d-policy_agent_10.zip,1373919,aa230f38a0e7afa130682787d76e2630
"P6-16",paintball/runs/P616_t2_A5h_22146038/ereq_a6d20b0c-331a-46fd-9067-a4eedf74cd1d-policy_agent_11.art.log,32805483,fda827e52d3e237aa33ca92e732aad4f
"P6-16",paintball/runs/P616_t2_A5h_22146038/ereq_a6d20b0c-331a-46fd-9067-a4eedf74cd1d-policy_agent_11.zip,1230303,bc8807c318659109f84d2504b2529c3b
"P6-16",paintball/runs/P616_t2_A5h_22250767/ereq_61c524c1-318e-4811-9d85-d4ec13af7550-policy_agent_10.art.log,38162032,2dee754110989114f9aa27a520f41af2
"P6-16",paintball/runs/P616_t2_A5h_22250767/ereq_61c524c1-318e-4811-9d85-d4ec13af7550-policy_agent_10.zip,1109367,85c5e93a69c8bc0e88a38028f630cdd2
"P6-16",paintball/runs/P616_t2_A5h_22250767/ereq_61c524c1-318e-4811-9d85-d4ec13af7550-policy_agent_11.art.log,40366828,44a3a1dc0279b134a43ccd88c189d157
"P6-16",paintball/runs/P616_t2_A5h_22250767/ereq_61c524c1-318e-4811-9d85-d4ec13af7550-policy_agent_11.zip,1229577,d5b5f064a6834c338c385826f1effdad
"GIF (P6)",cantera/paper6/P6_16_puente.gif,711126,5d4ac2faa314ea1bb7e0e0ab81164695
"P6-18",paintball/runs/P618_t0_A6_20260916/ereq_fbc26f48-54b8-43b0-bb35-8e761f6affe2-policy_agent_10.art.log,9899629,883d049a0efa80d89fa0a18adddca1a6
"P6-18",paintball/runs/P618_t0_A6_20260916/ereq_fbc26f48-54b8-43b0-bb35-8e761f6affe2-policy_agent_10.zip,355499,7c948b1301f9e8989541a0dfe4ea72c4
"P6-18",paintball/runs/P618_t0_A6_20260916/ereq_fbc26f48-54b8-43b0-bb35-8e761f6affe2-policy_agent_11.art.log,10116875,c677ccff1c6222a44e2bc050fd68f311
"P6-18",paintball/runs/P618_t0_A6_20260916/ereq_fbc26f48-54b8-43b0-bb35-8e761f6affe2-policy_agent_11.zip,354353,2963a8cabc3ad55ed5c53460a0895d49
"P6-18",paintball/runs/P618_t1_A6_20260916/ereq_b0dd510f-31d3-499f-a89c-d996d15b4390-policy_agent_10.art.log,43922191,db09dfdad9753ffed7d4942f41282382
"P6-18",paintball/runs/P618_t1_A6_20260916/ereq_b0dd510f-31d3-499f-a89c-d996d15b4390-policy_agent_10.zip,1362763,c81e026db9d2d54a218fd71f4ba4cfd0
"P6-18",paintball/runs/P618_t1_A6_20260916/ereq_b0dd510f-31d3-499f-a89c-d996d15b4390-policy_agent_11.art.log,44908967,ef64e66a7938d75ff63ea2785664f3ad
"P6-18",paintball/runs/P618_t1_A6_20260916/ereq_b0dd510f-31d3-499f-a89c-d996d15b4390-policy_agent_11.zip,1351985,cb9484a8cfa3424f3370757165827ce0
"P6-18",paintball/runs/P618_t1_A6_20365645/ereq_b843cb7c-64a4-44aa-a114-06712b0e5ab2-policy_agent_10.art.log,41256420,7dc3c2a04466b23d1437c85009e3aa6c
"P6-18",paintball/runs/P618_t1_A6_20365645/ereq_b843cb7c-64a4-44aa-a114-06712b0e5ab2-policy_agent_10.zip,1208063,15254906a476be58ad7d1ada24bd8bb8
"P6-18",paintball/runs/P618_t1_A6_20365645/ereq_b843cb7c-64a4-44aa-a114-06712b0e5ab2-policy_agent_11.art.log,36550118,4886b38f3f0296adeb82002e0a5d63db
"P6-18",paintball/runs/P618_t1_A6_20365645/ereq_b843cb7c-64a4-44aa-a114-06712b0e5ab2-policy_agent_11.zip,995463,0e0f124d120174a8359193b4338f85a1
"P6-18",paintball/runs/P618_t1_A6_20470374/ereq_74ad0a2e-c8a4-4fbd-afca-f72d26f986fb-policy_agent_10.art.log,29278621,d5559fc865de256798cfedb674e866e3
"P6-18",paintball/runs/P618_t1_A6_20470374/ereq_74ad0a2e-c8a4-4fbd-afca-f72d26f986fb-policy_agent_10.zip,824525,3b991e2adc58bf22644f7943854cb53e
"P6-18",paintball/runs/P618_t1_A6_20470374/ereq_74ad0a2e-c8a4-4fbd-afca-f72d26f986fb-policy_agent_11.art.log,34625340,326410c1db8677c6ff3ed53707adbe54
"P6-18",paintball/runs/P618_t1_A6_20470374/ereq_74ad0a2e-c8a4-4fbd-afca-f72d26f986fb-policy_agent_11.zip,1111878,e4a5beb5b0c06be17621b78a88718741
"P6-18",paintball/runs/P618_t1_A6_20575103/ereq_e6cf22d7-a324-487a-b09f-3a1d48d6e15f-policy_agent_10.art.log,28484427,b8225598a1b2c33b1a8f428f7b6077b1
"P6-18",paintball/runs/P618_t1_A6_20575103/ereq_e6cf22d7-a324-487a-b09f-3a1d48d6e15f-policy_agent_10.zip,1030125,b684be59617290d317625cdaa92dfa90
"P6-18",paintball/runs/P618_t1_A6_20575103/ereq_e6cf22d7-a324-487a-b09f-3a1d48d6e15f-policy_agent_11.art.log,30806483,f0ebbc3062511b0c068e870ce9eb669b
"P6-18",paintball/runs/P618_t1_A6_20575103/ereq_e6cf22d7-a324-487a-b09f-3a1d48d6e15f-policy_agent_11.zip,1149888,a6b5e0602a054f1d668c1acf4bd7e40a
"P6-18",paintball/runs/P618_t1_A6_20679832/ereq_75eb120f-96b4-4904-8de6-9ca342ff3e42-policy_agent_10.art.log,37939561,77faf69d6ab27bfdfb98eb313b153c31
"P6-18",paintball/runs/P618_t1_A6_20679832/ereq_75eb120f-96b4-4904-8de6-9ca342ff3e42-policy_agent_10.zip,1329401,f9b9d673afd2318b66585ae5cbad0476
"P6-18",paintball/runs/P618_t1_A6_20679832/ereq_75eb120f-96b4-4904-8de6-9ca342ff3e42-policy_agent_11.art.log,41404115,4e1bb1347fc13d5148cf7c4ef444545d
"P6-18",paintball/runs/P618_t1_A6_20679832/ereq_75eb120f-96b4-4904-8de6-9ca342ff3e42-policy_agent_11.zip,1429134,8eaef657697953a9fb54018ceee38ecf
"P6-18",paintball/runs/P618_t1_A6_20784561/ereq_f44f3e28-d150-4a78-97c9-776affabf3e1-policy_agent_10.art.log,32758049,0fc8b244cf697d3854dc6ed50fbbe5b6
"P6-18",paintball/runs/P618_t1_A6_20784561/ereq_f44f3e28-d150-4a78-97c9-776affabf3e1-policy_agent_10.zip,957172,918d4c3f9ac2d0d9ac23f8df59c7bf64
"P6-18",paintball/runs/P618_t1_A6_20784561/ereq_f44f3e28-d150-4a78-97c9-776affabf3e1-policy_agent_11.art.log,36124941,ccfe3679eca6ef7c044d1af879851bb4
"P6-18",paintball/runs/P618_t1_A6_20784561/ereq_f44f3e28-d150-4a78-97c9-776affabf3e1-policy_agent_11.zip,1140714,0a9b538231a334aa15a15d5c5f7b09a0
"P6-18",paintball/runs/P618_t1_A6_20889290/ereq_2a3a4837-926c-4e8d-b90b-7ddaeabf1237-policy_agent_10.art.log,45647229,7d3af1d1a555831f4f8e167101fd51a8
"P6-18",paintball/runs/P618_t1_A6_20889290/ereq_2a3a4837-926c-4e8d-b90b-7ddaeabf1237-policy_agent_10.zip,1552239,8490a793e98dc4ef8be5f9e8a74280dd
"P6-18",paintball/runs/P618_t1_A6_20889290/ereq_2a3a4837-926c-4e8d-b90b-7ddaeabf1237-policy_agent_11.art.log,38873480,d275f5f85d97cf541f7564e8867a0d7d
"P6-18",paintball/runs/P618_t1_A6_20889290/ereq_2a3a4837-926c-4e8d-b90b-7ddaeabf1237-policy_agent_11.zip,1280272,67d84e9e66bc82eba00bcf3f118896bc
"P6-18",paintball/runs/P618_t1_A6_20994019/ereq_5f4382e6-9de0-4d9a-b307-decfb4e71573-policy_agent_10.art.log,45192019,3b895606191ef176a08218919e8ec75d
"P6-18",paintball/runs/P618_t1_A6_20994019/ereq_5f4382e6-9de0-4d9a-b307-decfb4e71573-policy_agent_10.zip,1354641,375f68f11370e1d631d52730b16717d3
"P6-18",paintball/runs/P618_t1_A6_20994019/ereq_5f4382e6-9de0-4d9a-b307-decfb4e71573-policy_agent_11.art.log,41137360,a44b34b7de874c6686b6b089e51d82ed
"P6-18",paintball/runs/P618_t1_A6_20994019/ereq_5f4382e6-9de0-4d9a-b307-decfb4e71573-policy_agent_11.zip,1150647,b3be5959d89f830c5d21335f40629e61
"P6-18",paintball/runs/P618_t1_A6_21098748/ereq_ea27be50-b288-431e-85e0-a25ba612dcf6-policy_agent_10.art.log,36636350,dcac89d855c47c2f8db1a2500be84942
"P6-18",paintball/runs/P618_t1_A6_21098748/ereq_ea27be50-b288-431e-85e0-a25ba612dcf6-policy_agent_10.zip,1276019,f1fa395a4a5101e9b9f4e8e011989b33
"P6-18",paintball/runs/P618_t1_A6_21098748/ereq_ea27be50-b288-431e-85e0-a25ba612dcf6-policy_agent_11.art.log,36319651,fe15ebeccc39a6d02d939aa5dab99fae
"P6-18",paintball/runs/P618_t1_A6_21098748/ereq_ea27be50-b288-431e-85e0-a25ba612dcf6-policy_agent_11.zip,1228695,76e8a2a2b008dd19a9091f4b448434ff
"P6-18",paintball/runs/P618_t1_A6_21203477/ereq_5c204fb2-f606-4b21-b0b9-170d0d87b339-policy_agent_10.art.log,39362749,5b99a0a9c55835164164cf9b2aa51be0
"P6-18",paintball/runs/P618_t1_A6_21203477/ereq_5c204fb2-f606-4b21-b0b9-170d0d87b339-policy_agent_10.zip,1417805,f774fff4242193f2db26865f1c03a93c
"P6-18",paintball/runs/P618_t1_A6_21203477/ereq_5c204fb2-f606-4b21-b0b9-170d0d87b339-policy_agent_11.art.log,40856208,5b8e93a059e0129710f93f68131fff3c
"P6-18",paintball/runs/P618_t1_A6_21203477/ereq_5c204fb2-f606-4b21-b0b9-170d0d87b339-policy_agent_11.zip,1486275,aae85ebdccbf3e64c6bd935e955b278f
"P6-18",paintball/runs/P618_t1_A6_21308206/ereq_34a8e270-0e6d-4e4b-a185-33a3f3c9f242-policy_agent_10.art.log,44189951,de56ca64b7ccce1b2735e9124639db29
"P6-18",paintball/runs/P618_t1_A6_21308206/ereq_34a8e270-0e6d-4e4b-a185-33a3f3c9f242-policy_agent_10.zip,1546666,cc3514d70d17c64acb0bc901fdb6c138
"P6-18",paintball/runs/P618_t1_A6_21308206/ereq_34a8e270-0e6d-4e4b-a185-33a3f3c9f242-policy_agent_11.art.log,42449778,ec8279c4cd4c69aab15a786e5fe626e9
"P6-18",paintball/runs/P618_t1_A6_21308206/ereq_34a8e270-0e6d-4e4b-a185-33a3f3c9f242-policy_agent_11.zip,1451059,4edad7d31eab552da73657f14088ee09
"P6-18",paintball/runs/P618_t1_A6_21412935/ereq_1343c6f7-a4b2-43bd-b2aa-0603f7853168-policy_agent_10.art.log,34518616,0e54e8371fd8c7f347acb2b0f926d999
"P6-18",paintball/runs/P618_t1_A6_21412935/ereq_1343c6f7-a4b2-43bd-b2aa-0603f7853168-policy_agent_10.zip,1125752,3447a7f9188b7bd241e050c87cd33ddf
"P6-18",paintball/runs/P618_t1_A6_21412935/ereq_1343c6f7-a4b2-43bd-b2aa-0603f7853168-policy_agent_11.art.log,37196241,3c821e0f846cedc4f9fd3b4755fd29eb
"P6-18",paintball/runs/P618_t1_A6_21412935/ereq_1343c6f7-a4b2-43bd-b2aa-0603f7853168-policy_agent_11.zip,1268515,880d6a37b8e87c9343e4153fc3b247e1
"P6-18",paintball/runs/P618_t1_A6_21517664/ereq_bb35aa73-5597-46f2-bdfa-4958df8a2c33-policy_agent_10.art.log,40544776,b1644388ce364de025444b43417c2521
"P6-18",paintball/runs/P618_t1_A6_21517664/ereq_bb35aa73-5597-46f2-bdfa-4958df8a2c33-policy_agent_10.zip,1472457,5c9d0dd2ad938f475be71d02ec44f919
"P6-18",paintball/runs/P618_t1_A6_21517664/ereq_bb35aa73-5597-46f2-bdfa-4958df8a2c33-policy_agent_11.art.log,34247653,1495c5d4b97bdf02c66ddd81b7419013
"P6-18",paintball/runs/P618_t1_A6_21517664/ereq_bb35aa73-5597-46f2-bdfa-4958df8a2c33-policy_agent_11.zip,1208551,bd7375d6e27a38689e098e192f2d2e71
"P6-18",paintball/runs/P618_t1_A6_21622393/ereq_8e72eb2a-ce84-4238-b1f7-69a182f1cdc5-policy_agent_10.art.log,43833391,924fceb6e31c82508a8149cd2d5c53bf
"P6-18",paintball/runs/P618_t1_A6_21622393/ereq_8e72eb2a-ce84-4238-b1f7-69a182f1cdc5-policy_agent_10.zip,1431512,28776ef12bc6224aee1f3d8f966cd18a
"P6-18",paintball/runs/P618_t1_A6_21622393/ereq_8e72eb2a-ce84-4238-b1f7-69a182f1cdc5-policy_agent_11.art.log,42632663,188768b6fd7ddb950685c7e2247986dc
"P6-18",paintball/runs/P618_t1_A6_21622393/ereq_8e72eb2a-ce84-4238-b1f7-69a182f1cdc5-policy_agent_11.zip,1487776,4ec56824eda0ac4cb592753dba07c0cd
"P6-18",paintball/runs/P618_t1_A6_21727122/ereq_b153a9ad-bf77-4244-bcd5-d0baedbbcfa5-policy_agent_10.art.log,43391170,d3ea5ba60350c17d83e3b0bbc075f75d
"P6-18",paintball/runs/P618_t1_A6_21727122/ereq_b153a9ad-bf77-4244-bcd5-d0baedbbcfa5-policy_agent_10.zip,1366936,b09083f6c76e8154cc0939c3144a59ef
"P6-18",paintball/runs/P618_t1_A6_21727122/ereq_b153a9ad-bf77-4244-bcd5-d0baedbbcfa5-policy_agent_11.art.log,34569446,99062bb7e3059e408f59770a5c61a5fd
"P6-18",paintball/runs/P618_t1_A6_21727122/ereq_b153a9ad-bf77-4244-bcd5-d0baedbbcfa5-policy_agent_11.zip,1054620,288d1adb984328101479cddb968d45fc
"P6-18",paintball/runs/P618_t1_A6_21831851/ereq_b8a395c3-f93c-4d51-b536-9d6e26a68558-policy_agent_10.art.log,42806151,1793098dbcdaa162ca644c61596ff5f6
"P6-18",paintball/runs/P618_t1_A6_21831851/ereq_b8a395c3-f93c-4d51-b536-9d6e26a68558-policy_agent_10.zip,1441731,6f580c285c7522f4a100acd88cabfb32
"P6-18",paintball/runs/P618_t1_A6_21831851/ereq_b8a395c3-f93c-4d51-b536-9d6e26a68558-policy_agent_11.art.log,42547079,90aa177468c9b6db3d7c9671bb240f46
"P6-18",paintball/runs/P618_t1_A6_21831851/ereq_b8a395c3-f93c-4d51-b536-9d6e26a68558-policy_agent_11.zip,1402709,a608c6a1e9adfdf592ba5938022cf442
"P6-18",paintball/runs/P618_t1_A6_21936580/ereq_eee1002e-827d-4529-9aa4-9321cba2c5b0-policy_agent_10.art.log,35945703,9ed925d3322e540cafd32476a5bd8b84
"P6-18",paintball/runs/P618_t1_A6_21936580/ereq_eee1002e-827d-4529-9aa4-9321cba2c5b0-policy_agent_10.zip,1126393,4ee758f0ecb87dc72c5e59a4f55c1dd3
"P6-18",paintball/runs/P618_t1_A6_21936580/ereq_eee1002e-827d-4529-9aa4-9321cba2c5b0-policy_agent_11.art.log,39101628,525c6d61ab1c0d2f9ede7206a8a380ab
"P6-18",paintball/runs/P618_t1_A6_21936580/ereq_eee1002e-827d-4529-9aa4-9321cba2c5b0-policy_agent_11.zip,1302854,1bcf26c3765e45995baa16e6794d1e3b
"P6-18",paintball/runs/P618_t1_A6_22041309/ereq_82233b94-780c-473d-9656-019391ca2fcc-policy_agent_10.art.log,40695544,e900b3b3c23de11ce296491537de8f7b
"P6-18",paintball/runs/P618_t1_A6_22041309/ereq_82233b94-780c-473d-9656-019391ca2fcc-policy_agent_10.zip,1473089,9d8021437d94d81fda83a0872a424523
"P6-18",paintball/runs/P618_t1_A6_22041309/ereq_82233b94-780c-473d-9656-019391ca2fcc-policy_agent_11.art.log,47920095,df60e448658276e5562422575855151c
"P6-18",paintball/runs/P618_t1_A6_22041309/ereq_82233b94-780c-473d-9656-019391ca2fcc-policy_agent_11.zip,1510447,7a13a2c4fd2df78c3f340c549a6ce554
"P6-18",paintball/runs/P618_t1_A6_22146038/ereq_44b42ac1-cd7a-4204-be9a-33ff6da88a27-policy_agent_10.art.log,37304253,104ce6117425c7ae2003cee2cef8a4d7
"P6-18",paintball/runs/P618_t1_A6_22146038/ereq_44b42ac1-cd7a-4204-be9a-33ff6da88a27-policy_agent_10.zip,1298922,c5b8e9eb7c2d83cc4827a4bab4d5a32a
"P6-18",paintball/runs/P618_t1_A6_22146038/ereq_44b42ac1-cd7a-4204-be9a-33ff6da88a27-policy_agent_11.art.log,38109908,eff0a3921760e57f7d6a620ad0ba82a9
"P6-18",paintball/runs/P618_t1_A6_22146038/ereq_44b42ac1-cd7a-4204-be9a-33ff6da88a27-policy_agent_11.zip,1362436,265d56be0cc2aa13aeb9d5a795b869cd
"P6-18",paintball/runs/P618_t1_A6_22250767/ereq_695e8cbe-2bd4-4a4a-9924-3d79316a34c6-policy_agent_10.art.log,45243769,dccab473ca637c62b384cf9c551f59f3
"P6-18",paintball/runs/P618_t1_A6_22250767/ereq_695e8cbe-2bd4-4a4a-9924-3d79316a34c6-policy_agent_10.zip,1433295,ec9fd9d7570345c2e294a14939b32626
"P6-18",paintball/runs/P618_t1_A6_22250767/ereq_695e8cbe-2bd4-4a4a-9924-3d79316a34c6-policy_agent_11.art.log,45956551,3d03e83bae7764056b098810b8fd949c
"P6-18",paintball/runs/P618_t1_A6_22250767/ereq_695e8cbe-2bd4-4a4a-9924-3d79316a34c6-policy_agent_11.zip,1446140,62d10b4066a5ca1e506ee569e3693912
"GIF (P6)",cantera/paper6/P6_18_quedarse.gif,650939,3bc244690cfb5b968c242ec36d43ba2e
"P6-22",paintball/runs/P622_t0_A6p_20260916/ereq_de0f88fe-300c-45b2-bffc-724c81dc6110-policy_agent_10.art.log,9938765,8e43ca2bc607aa048b32bf954e7243f2
"P6-22",paintball/runs/P622_t0_A6p_20260916/ereq_de0f88fe-300c-45b2-bffc-724c81dc6110-policy_agent_10.zip,327170,0aad9b062ed34d0e795c95bf72e67139
"P6-22",paintball/runs/P622_t0_A6p_20260916/ereq_de0f88fe-300c-45b2-bffc-724c81dc6110-policy_agent_11.art.log,9992174,a9778da4183c8eea28d0dedbd24bf69c
"P6-22",paintball/runs/P622_t0_A6p_20260916/ereq_de0f88fe-300c-45b2-bffc-724c81dc6110-policy_agent_11.zip,328556,89077cb3af69a095060e12bf69a69ef3
"P6-22",paintball/runs/P622_t0_A6p_20365645/ereq_7e3b410c-7e50-4aa7-b08d-5c5ada0f7397-policy_agent_10.art.log,10208065,8e1cab797a3587972e45eb6f134f04e9
"P6-22",paintball/runs/P622_t0_A6p_20365645/ereq_7e3b410c-7e50-4aa7-b08d-5c5ada0f7397-policy_agent_10.zip,353393,d3d430ca6ec81e6c38df344c67b6d39d
"P6-22",paintball/runs/P622_t0_A6p_20365645/ereq_7e3b410c-7e50-4aa7-b08d-5c5ada0f7397-policy_agent_11.art.log,9442778,87d5df72b03dc98eaa6798a71b28e546
"P6-22",paintball/runs/P622_t0_A6p_20365645/ereq_7e3b410c-7e50-4aa7-b08d-5c5ada0f7397-policy_agent_11.zip,324951,52470b58d28cc33b00c25dc384cf88af
"P6-23",paintball/runs/P623_t0_A7h_20260916/ereq_92a07042-a3c4-48e9-b190-ab4a8c466c3b-policy_agent_10.art.log,9906646,fe6b494a2b367ec23c88855fa228a45a
"P6-23",paintball/runs/P623_t0_A7h_20260916/ereq_92a07042-a3c4-48e9-b190-ab4a8c466c3b-policy_agent_10.zip,340389,af174e447f1646a18fe35760961a62ef
"P6-23",paintball/runs/P623_t0_A7h_20260916/ereq_92a07042-a3c4-48e9-b190-ab4a8c466c3b-policy_agent_11.art.log,10151276,ca0065389007357abb80f7cd42eaef2b
"P6-23",paintball/runs/P623_t0_A7h_20260916/ereq_92a07042-a3c4-48e9-b190-ab4a8c466c3b-policy_agent_11.zip,360843,43cba8da4886bc066aefe7fd8b4f1d39
"P6-23",paintball/runs/P623_t0_A7h_20365645/ereq_b7484d17-47d8-4473-b1b9-875ed4a9d879-policy_agent_10.art.log,9753580,bbd6fa0a690a63534090481dccd73378
"P6-23",paintball/runs/P623_t0_A7h_20365645/ereq_b7484d17-47d8-4473-b1b9-875ed4a9d879-policy_agent_10.zip,348957,dbd8a7bca77878ca29c688e98fa592a0
"P6-23",paintball/runs/P623_t0_A7h_20365645/ereq_b7484d17-47d8-4473-b1b9-875ed4a9d879-policy_agent_11.art.log,9648064,43c7f561ecea8ffddc36a1a1066a0baf
"P6-23",paintball/runs/P623_t0_A7h_20365645/ereq_b7484d17-47d8-4473-b1b9-875ed4a9d879-policy_agent_11.zip,331084,18e84d09ff30ebf2bf7aaf9c9d897cbe
"P6-23",paintball/runs/P623_t1_A7v_20260916/ereq_c22e7649-bb15-47ca-a6e3-e3c3a964f416-policy_agent_10.art.log,40035555,eff04ba294bc226e64fb28c5191d40b5
"P6-23",paintball/runs/P623_t1_A7v_20260916/ereq_c22e7649-bb15-47ca-a6e3-e3c3a964f416-policy_agent_10.zip,1246631,159a46e4e7bdf6cd4d7a762646f13483
"P6-23",paintball/runs/P623_t1_A7v_20260916/ereq_c22e7649-bb15-47ca-a6e3-e3c3a964f416-policy_agent_11.art.log,40930680,50bc3f50f8eb99e2f2fe22d6436ee7c1
"P6-23",paintball/runs/P623_t1_A7v_20260916/ereq_c22e7649-bb15-47ca-a6e3-e3c3a964f416-policy_agent_11.zip,1321077,2ad01e46885bc2261087aaa396f9e80b
"P6-23",paintball/runs/P623_t1_A7v_20365645/ereq_999f40f9-032f-4b2a-b527-9609dbdbfa08-policy_agent_10.art.log,43690285,b0c18c1a58eeba0ec827272662635b14
"P6-23",paintball/runs/P623_t1_A7v_20365645/ereq_999f40f9-032f-4b2a-b527-9609dbdbfa08-policy_agent_10.zip,1516065,ff2447f5ec258c1d8be430b0b2eeb461
"P6-23",paintball/runs/P623_t1_A7v_20365645/ereq_999f40f9-032f-4b2a-b527-9609dbdbfa08-policy_agent_11.art.log,36063512,92b6e7481a46977177dbf041f66f0851
"P6-23",paintball/runs/P623_t1_A7v_20365645/ereq_999f40f9-032f-4b2a-b527-9609dbdbfa08-policy_agent_11.zip,1182209,8940d5f634a9465edaf7d5b8841a799a
"P6-23",paintball/runs/P623_t1_A7v_20470374/ereq_3f70e6d9-4124-4273-b59e-58a5e7c12ba6-policy_agent_10.art.log,40634076,660924938b9d4afa08120fff29a18d80
"P6-23",paintball/runs/P623_t1_A7v_20470374/ereq_3f70e6d9-4124-4273-b59e-58a5e7c12ba6-policy_agent_10.zip,1377595,062ecef67df3f2c3a6df8259ab032767
"P6-23",paintball/runs/P623_t1_A7v_20470374/ereq_3f70e6d9-4124-4273-b59e-58a5e7c12ba6-policy_agent_11.art.log,41283294,aa3351e1146cd3b0ce2f279d10d80581
"P6-23",paintball/runs/P623_t1_A7v_20470374/ereq_3f70e6d9-4124-4273-b59e-58a5e7c12ba6-policy_agent_11.zip,1410866,a5f0658eb203eadf99e1237848e1336d
"P6-23",paintball/runs/P623_t1_A7v_20575103/ereq_5564cb87-3c7b-4ea6-b8cb-61deb4e794f1-policy_agent_10.art.log,35012202,9aa3b55ff3d8a26aadcfa5bdea7a5166
"P6-23",paintball/runs/P623_t1_A7v_20575103/ereq_5564cb87-3c7b-4ea6-b8cb-61deb4e794f1-policy_agent_10.zip,1238192,71da2c7b7e84889dd6bc1656ef70d66d
"P6-23",paintball/runs/P623_t1_A7v_20575103/ereq_5564cb87-3c7b-4ea6-b8cb-61deb4e794f1-policy_agent_11.art.log,41477797,f8e56fb4e62867abade685fa21c238ab
"P6-23",paintball/runs/P623_t1_A7v_20575103/ereq_5564cb87-3c7b-4ea6-b8cb-61deb4e794f1-policy_agent_11.zip,1498132,54642b70e7a26825fb47e624c3b7f654
"P6-23",paintball/runs/P623_t1_A7v_20679832/ereq_ee5d97a0-c8c5-4627-a032-c7458fe2dff8-policy_agent_10.art.log,37995025,c3fa7486d05faff49cb718adc10b800d
"P6-23",paintball/runs/P623_t1_A7v_20679832/ereq_ee5d97a0-c8c5-4627-a032-c7458fe2dff8-policy_agent_10.zip,1292692,fd9e110f7c5d02099f0039bd1308c77f
"P6-23",paintball/runs/P623_t1_A7v_20679832/ereq_ee5d97a0-c8c5-4627-a032-c7458fe2dff8-policy_agent_11.art.log,37953188,eb1c59b42feb7f1d3ac591f73ba9d8e3
"P6-23",paintball/runs/P623_t1_A7v_20679832/ereq_ee5d97a0-c8c5-4627-a032-c7458fe2dff8-policy_agent_11.zip,1272480,72b1034460be79354b0e45a674f22c67
"P6-23",paintball/runs/P623_t1_A7v_20784561/ereq_6fc2c3e5-e116-4e19-94e1-96541d974e11-policy_agent_10.art.log,34142062,9e2ff165d6f708ce4c4ff73040d562fb
"P6-23",paintball/runs/P623_t1_A7v_20784561/ereq_6fc2c3e5-e116-4e19-94e1-96541d974e11-policy_agent_10.zip,942860,2cdc461e1a877b22a9b7305a06705bc6
"P6-23",paintball/runs/P623_t1_A7v_20784561/ereq_6fc2c3e5-e116-4e19-94e1-96541d974e11-policy_agent_11.art.log,42321938,d2642d319bbc31d580603d36556e1f0a
"P6-23",paintball/runs/P623_t1_A7v_20784561/ereq_6fc2c3e5-e116-4e19-94e1-96541d974e11-policy_agent_11.zip,1390746,54f51c1c93195d4032680918760a21ee
"P6-23",paintball/runs/P623_t1_A7v_20889290/ereq_2744689b-b877-4d88-abbb-fe788febc8b5-policy_agent_10.art.log,39588723,fcc96028005fcfe754fcf1eae79d3a67
"P6-23",paintball/runs/P623_t1_A7v_20889290/ereq_2744689b-b877-4d88-abbb-fe788febc8b5-policy_agent_10.zip,1386198,54e861c711d815adf5025deb5b9a6929
"P6-23",paintball/runs/P623_t1_A7v_20889290/ereq_2744689b-b877-4d88-abbb-fe788febc8b5-policy_agent_11.art.log,42658876,7659e8ffde60a4daa1060b8a51540702
"P6-23",paintball/runs/P623_t1_A7v_20889290/ereq_2744689b-b877-4d88-abbb-fe788febc8b5-policy_agent_11.zip,1381724,c8d87d5ff776778ee2e1b7ba5e6f9363
"P6-23",paintball/runs/P623_t1_A7v_20994019/ereq_2ee190f6-4d32-4253-81c1-23e8dfcdee66-policy_agent_10.art.log,43512056,72e1a3e42d17ea8c01a793799352ca0c
"P6-23",paintball/runs/P623_t1_A7v_20994019/ereq_2ee190f6-4d32-4253-81c1-23e8dfcdee66-policy_agent_10.zip,1382797,7c605a0d653e112850f4b146145363b3
"P6-23",paintball/runs/P623_t1_A7v_20994019/ereq_2ee190f6-4d32-4253-81c1-23e8dfcdee66-policy_agent_11.art.log,39745917,0697986931e01400a7935598a53b447c
"P6-23",paintball/runs/P623_t1_A7v_20994019/ereq_2ee190f6-4d32-4253-81c1-23e8dfcdee66-policy_agent_11.zip,1127796,d53cf76e72686e1eea16968cfeb35bf0
"P6-23",paintball/runs/P623_t1_A7v_21098748/ereq_6dac358e-5a60-4200-bc50-3a48f86e92f0-policy_agent_10.art.log,35798138,127fc2f1f421abd976a133e7616e39ff
"P6-23",paintball/runs/P623_t1_A7v_21098748/ereq_6dac358e-5a60-4200-bc50-3a48f86e92f0-policy_agent_10.zip,1250973,b8d4e05d80210dbd1e6838e1efe80cc0
"P6-23",paintball/runs/P623_t1_A7v_21098748/ereq_6dac358e-5a60-4200-bc50-3a48f86e92f0-policy_agent_11.art.log,39937284,6854985dc50f31d004a641bff050cb7f
"P6-23",paintball/runs/P623_t1_A7v_21098748/ereq_6dac358e-5a60-4200-bc50-3a48f86e92f0-policy_agent_11.zip,1451111,9d2ff992c50412d297b72bea0057c7db
"P6-23",paintball/runs/P623_t1_A7v_21203477/ereq_bb4b3b37-9b59-4206-afdb-741ef085c810-policy_agent_10.art.log,40297767,33456c18aa60e2b313911f456d77e45d
"P6-23",paintball/runs/P623_t1_A7v_21203477/ereq_bb4b3b37-9b59-4206-afdb-741ef085c810-policy_agent_10.zip,1242690,2167f2fefd77ecd47362143fdd4b45ae
"P6-23",paintball/runs/P623_t1_A7v_21203477/ereq_bb4b3b37-9b59-4206-afdb-741ef085c810-policy_agent_11.art.log,43009945,f984793a25db897c2af786603e7b703f
"P6-23",paintball/runs/P623_t1_A7v_21203477/ereq_bb4b3b37-9b59-4206-afdb-741ef085c810-policy_agent_11.zip,1310058,23418121948d2f81919b2ebd25663cfe
"P6-23",paintball/runs/P623_t1_A7v_21308206/ereq_12516ece-dca5-4462-bf2a-61fd3745e61d-policy_agent_10.art.log,34990823,5b08b87c0fe0e89410045c497485639a
"P6-23",paintball/runs/P623_t1_A7v_21308206/ereq_12516ece-dca5-4462-bf2a-61fd3745e61d-policy_agent_10.zip,1053368,750b09c0a167767d01c3ff3dcb05604c
"P6-23",paintball/runs/P623_t1_A7v_21308206/ereq_12516ece-dca5-4462-bf2a-61fd3745e61d-policy_agent_11.art.log,40910272,3f0e64731d271727de57bc6b4afad7e8
"P6-23",paintball/runs/P623_t1_A7v_21308206/ereq_12516ece-dca5-4462-bf2a-61fd3745e61d-policy_agent_11.zip,1224954,f295994b82e1c117c0d320cb1f1927d1
"P6-23",paintball/runs/P623_t1_A7v_21412935/ereq_79de7c49-2779-4b42-88c3-cd854bd98a88-policy_agent_10.art.log,37269479,909083c6328078b33c4556dcfa1a2bc1
"P6-23",paintball/runs/P623_t1_A7v_21412935/ereq_79de7c49-2779-4b42-88c3-cd854bd98a88-policy_agent_10.zip,1108215,f4f67a0824f6f3b4a48dd02baaf4eee5
"P6-23",paintball/runs/P623_t1_A7v_21412935/ereq_79de7c49-2779-4b42-88c3-cd854bd98a88-policy_agent_11.art.log,36656899,887c40a293e7f04271f24d3838837f95
"P6-23",paintball/runs/P623_t1_A7v_21412935/ereq_79de7c49-2779-4b42-88c3-cd854bd98a88-policy_agent_11.zip,1101126,96666bee01d1601e311e993aca0b1a8c
"P6-23",paintball/runs/P623_t1_A7v_21517664/ereq_d73d5984-7c41-4ba1-b97e-58d24df94cfa-policy_agent_10.art.log,31025776,257ac575af4834ff89c239a94874df12
"P6-23",paintball/runs/P623_t1_A7v_21517664/ereq_d73d5984-7c41-4ba1-b97e-58d24df94cfa-policy_agent_10.zip,1154177,a97de779f2eba99140de4c8fd3165fde
"P6-23",paintball/runs/P623_t1_A7v_21517664/ereq_d73d5984-7c41-4ba1-b97e-58d24df94cfa-policy_agent_11.art.log,29208063,50688b3708f790770961b782a1d3efaf
"P6-23",paintball/runs/P623_t1_A7v_21517664/ereq_d73d5984-7c41-4ba1-b97e-58d24df94cfa-policy_agent_11.zip,1234892,22881e26094345b535cdae08d1a44e46
"P6-23",paintball/runs/P623_t1_A7v_21622393/ereq_5e44839e-ab5a-4d0b-9d97-2e5fdbbf8f0e-policy_agent_10.art.log,43938260,d0114611c94ce0f5059d97aed2ce3de9
"P6-23",paintball/runs/P623_t1_A7v_21622393/ereq_5e44839e-ab5a-4d0b-9d97-2e5fdbbf8f0e-policy_agent_10.zip,1311713,8b52a9c152778f621332fea733d042c0
"P6-23",paintball/runs/P623_t1_A7v_21622393/ereq_5e44839e-ab5a-4d0b-9d97-2e5fdbbf8f0e-policy_agent_11.art.log,41367185,f48a1f3f37fc7d5d212b253ddaa34bdf
"P6-23",paintball/runs/P623_t1_A7v_21622393/ereq_5e44839e-ab5a-4d0b-9d97-2e5fdbbf8f0e-policy_agent_11.zip,1332832,88aecf75b27b073bb9430f5221f5caf0
"P6-23",paintball/runs/P623_t1_A7v_21727122/ereq_c8e0796b-0b5d-489b-8634-763e68da659c-policy_agent_10.art.log,38364503,2ca29417f26a6fa32cfca5c724a783c2
"P6-23",paintball/runs/P623_t1_A7v_21727122/ereq_c8e0796b-0b5d-489b-8634-763e68da659c-policy_agent_10.zip,1435712,9123cd1bc26bbe1974f9182cad771fa3
"P6-23",paintball/runs/P623_t1_A7v_21727122/ereq_c8e0796b-0b5d-489b-8634-763e68da659c-policy_agent_11.art.log,36208893,7c408b1a5917c20473fee095f78af571
"P6-23",paintball/runs/P623_t1_A7v_21727122/ereq_c8e0796b-0b5d-489b-8634-763e68da659c-policy_agent_11.zip,1352033,9419a1f1940669886246e74136df7e19
"P6-23",paintball/runs/P623_t1_A7v_21831851/ereq_1fee03b4-59a2-4f3f-9ca7-53b0fa94c9ab-policy_agent_10.art.log,44246048,fbadb04ddb94ea19698cd7fa54f33f4f
"P6-23",paintball/runs/P623_t1_A7v_21831851/ereq_1fee03b4-59a2-4f3f-9ca7-53b0fa94c9ab-policy_agent_10.zip,1332495,3154c0986c56b67b29080f27b257f1cc
"P6-23",paintball/runs/P623_t1_A7v_21831851/ereq_1fee03b4-59a2-4f3f-9ca7-53b0fa94c9ab-policy_agent_11.art.log,44734630,d74ede75289aa0cb4380096f0488f8e8
"P6-23",paintball/runs/P623_t1_A7v_21831851/ereq_1fee03b4-59a2-4f3f-9ca7-53b0fa94c9ab-policy_agent_11.zip,1283142,0730aadb9d32c1061d94533e846002b7
"P6-23",paintball/runs/P623_t1_A7v_21936580/ereq_3ae67f74-a65f-4f1b-92a6-73a23578b59d-policy_agent_10.art.log,41282877,011a8f3910bdce03890debc9ff7f275d
"P6-23",paintball/runs/P623_t1_A7v_21936580/ereq_3ae67f74-a65f-4f1b-92a6-73a23578b59d-policy_agent_10.zip,1354192,40801ff74be796c2ddd6c99a2670bc16
"P6-23",paintball/runs/P623_t1_A7v_21936580/ereq_3ae67f74-a65f-4f1b-92a6-73a23578b59d-policy_agent_11.art.log,38848164,c42409dadb95f1c6b5864ed3706f9061
"P6-23",paintball/runs/P623_t1_A7v_21936580/ereq_3ae67f74-a65f-4f1b-92a6-73a23578b59d-policy_agent_11.zip,1390946,607b0bb59367de98dd5b6f42ed8cf557
"P6-23",paintball/runs/P623_t1_A7v_22041309/ereq_c2185ecb-8332-455a-a47a-f31fb7be7365-policy_agent_10.art.log,38656163,c47bead5597ef41cea20e4ce0e7de85e
"P6-23",paintball/runs/P623_t1_A7v_22041309/ereq_c2185ecb-8332-455a-a47a-f31fb7be7365-policy_agent_10.zip,1406648,d959f2611742e601b01496c1d0d1986d
"P6-23",paintball/runs/P623_t1_A7v_22041309/ereq_c2185ecb-8332-455a-a47a-f31fb7be7365-policy_agent_11.art.log,36546326,1b6b3ca15c0bace990ff6b4e0b7a7195
"P6-23",paintball/runs/P623_t1_A7v_22041309/ereq_c2185ecb-8332-455a-a47a-f31fb7be7365-policy_agent_11.zip,1338710,9ae8e36294d9ac99adcb4a25f14ab2dd
"P6-23",paintball/runs/P623_t1_A7v_22146038/ereq_22e6323f-8931-4da5-8fd0-55fd118167e0-policy_agent_10.art.log,36897977,64b040002e2a32e2a612258c81cdf94b
"P6-23",paintball/runs/P623_t1_A7v_22146038/ereq_22e6323f-8931-4da5-8fd0-55fd118167e0-policy_agent_10.zip,1380181,969af8b1acbd39f19460ee46072f7e42
"P6-23",paintball/runs/P623_t1_A7v_22146038/ereq_22e6323f-8931-4da5-8fd0-55fd118167e0-policy_agent_11.art.log,36606734,255c9e94e4d9309f383e414de327be0e
"P6-23",paintball/runs/P623_t1_A7v_22146038/ereq_22e6323f-8931-4da5-8fd0-55fd118167e0-policy_agent_11.zip,1337181,a7eec21c39c5ca329b7e26a7ddae45a6
"P6-23",paintball/runs/P623_t1_A7v_22250767/ereq_3471f0cf-614e-47a6-8317-d4691ca2e564-policy_agent_10.art.log,43455916,f384044f9e51c0c4dbdb921f0050141e
"P6-23",paintball/runs/P623_t1_A7v_22250767/ereq_3471f0cf-614e-47a6-8317-d4691ca2e564-policy_agent_10.zip,1309625,da208906eec67f0163b2229f631415ed
"P6-23",paintball/runs/P623_t1_A7v_22250767/ereq_3471f0cf-614e-47a6-8317-d4691ca2e564-policy_agent_11.art.log,42162634,48defd4b49dfb8bad64d36fa23e648e2
"P6-23",paintball/runs/P623_t1_A7v_22250767/ereq_3471f0cf-614e-47a6-8317-d4691ca2e564-policy_agent_11.zip,1338934,3b68a8717b53ea73cedc9986883fae98
"P6-23",paintball/runs/P623_t2_A7h_20260916/ereq_790b560b-e0e5-4a81-945b-59391578c127-policy_agent_10.art.log,43805296,25761a93eafa120294c537df451b147e
"P6-23",paintball/runs/P623_t2_A7h_20260916/ereq_790b560b-e0e5-4a81-945b-59391578c127-policy_agent_10.zip,1479749,3ae4e048830467565c21b704b372340d
"P6-23",paintball/runs/P623_t2_A7h_20260916/ereq_790b560b-e0e5-4a81-945b-59391578c127-policy_agent_11.art.log,45396966,b060b8255af5ea7cd2a4b2a2d44801de
"P6-23",paintball/runs/P623_t2_A7h_20260916/ereq_790b560b-e0e5-4a81-945b-59391578c127-policy_agent_11.zip,1527413,0540e1241cd95f4600c6fa2ced6da494
"P6-23",paintball/runs/P623_t2_A7h_20365645/ereq_d31906d6-29f2-4d29-be6b-43821b2e85b1-policy_agent_10.art.log,47809520,6a4a1ed59ee18c9891d1ec75e7a0e45b
"P6-23",paintball/runs/P623_t2_A7h_20365645/ereq_d31906d6-29f2-4d29-be6b-43821b2e85b1-policy_agent_10.zip,1319466,6cc17d465a26b3ef446716fbf7c1229b
"P6-23",paintball/runs/P623_t2_A7h_20365645/ereq_d31906d6-29f2-4d29-be6b-43821b2e85b1-policy_agent_11.art.log,40389299,01675a99fff5628b64e3e7eb4a542901
"P6-23",paintball/runs/P623_t2_A7h_20365645/ereq_d31906d6-29f2-4d29-be6b-43821b2e85b1-policy_agent_11.zip,1093581,37e9fa9979b41ebd5974b5b59c5af63f
"P6-23",paintball/runs/P623_t2_A7h_20470374/ereq_c4c9b7b7-c1c7-4652-8907-0374207fa17a-policy_agent_10.art.log,39086543,744a67d11c416d099a8f5bf1cfb3b225
"P6-23",paintball/runs/P623_t2_A7h_20470374/ereq_c4c9b7b7-c1c7-4652-8907-0374207fa17a-policy_agent_10.zip,1215694,10d11c1dc4641de3e8e57acb0325ec9a
"P6-23",paintball/runs/P623_t2_A7h_20470374/ereq_c4c9b7b7-c1c7-4652-8907-0374207fa17a-policy_agent_11.art.log,41087693,36768198db426689d0763e43c52d85e8
"P6-23",paintball/runs/P623_t2_A7h_20470374/ereq_c4c9b7b7-c1c7-4652-8907-0374207fa17a-policy_agent_11.zip,1296516,56ae1df3e99d9045675591b8ae07779c
"P6-23",paintball/runs/P623_t2_A7h_20575103/ereq_ef7a5b20-dfa7-4940-adcc-f3994a0d51f7-policy_agent_10.art.log,38223869,a083fafffe54782e94a7c2f9b8291159
"P6-23",paintball/runs/P623_t2_A7h_20575103/ereq_ef7a5b20-dfa7-4940-adcc-f3994a0d51f7-policy_agent_10.zip,1357599,933fc76291d83203b3db25de46b3e50d
"P6-23",paintball/runs/P623_t2_A7h_20575103/ereq_ef7a5b20-dfa7-4940-adcc-f3994a0d51f7-policy_agent_11.art.log,39520353,1364d62da739f388f52dab7255f88f6d
"P6-23",paintball/runs/P623_t2_A7h_20575103/ereq_ef7a5b20-dfa7-4940-adcc-f3994a0d51f7-policy_agent_11.zip,1429267,3a74e1abcda7775e915ff635cfc9286b
"P6-23",paintball/runs/P623_t2_A7h_20679832/ereq_9f05e333-fbd9-4121-afee-c94002ad3829-policy_agent_10.art.log,37739792,80ad85849caea69e46758cd01e2bebcb
"P6-23",paintball/runs/P623_t2_A7h_20679832/ereq_9f05e333-fbd9-4121-afee-c94002ad3829-policy_agent_10.zip,1346513,ce672db089fb08a50b0b34be8a134664
"P6-23",paintball/runs/P623_t2_A7h_20679832/ereq_9f05e333-fbd9-4121-afee-c94002ad3829-policy_agent_11.art.log,40561140,9e336097283963f40dd52902815b0c79
"P6-23",paintball/runs/P623_t2_A7h_20679832/ereq_9f05e333-fbd9-4121-afee-c94002ad3829-policy_agent_11.zip,1474890,c21ba35d5e0cfe011c6cc4d8a42dfb5f
"P6-23",paintball/runs/P623_t2_A7h_20784561/ereq_37047b48-1e1f-4e51-965a-0eb53e3be0c1-policy_agent_10.art.log,43231236,40387f8bf1bd97d25298fa1431b094e8
"P6-23",paintball/runs/P623_t2_A7h_20784561/ereq_37047b48-1e1f-4e51-965a-0eb53e3be0c1-policy_agent_10.zip,1401700,99a9e7f4dcf901c9eba09db5b09660ae
"P6-23",paintball/runs/P623_t2_A7h_20784561/ereq_37047b48-1e1f-4e51-965a-0eb53e3be0c1-policy_agent_11.art.log,45251187,b0171c954100863a501588865b2ab8b1
"P6-23",paintball/runs/P623_t2_A7h_20784561/ereq_37047b48-1e1f-4e51-965a-0eb53e3be0c1-policy_agent_11.zip,1443746,c098e39da13dbcf0c2139ccb1d2508df
"P6-23",paintball/runs/P623_t2_A7h_20889290/ereq_7dd3a7c0-5ae5-45c9-9cba-0e9275c82b19-policy_agent_10.art.log,44977950,b412eae787eea888e22a40cc0c02a2b5
"P6-23",paintball/runs/P623_t2_A7h_20889290/ereq_7dd3a7c0-5ae5-45c9-9cba-0e9275c82b19-policy_agent_10.zip,1612811,67de2405ca78e63db145b3bda26647cd
"P6-23",paintball/runs/P623_t2_A7h_20889290/ereq_7dd3a7c0-5ae5-45c9-9cba-0e9275c82b19-policy_agent_11.art.log,35854160,8f463c12950ac08b0cfd3a281c17980e
"P6-23",paintball/runs/P623_t2_A7h_20889290/ereq_7dd3a7c0-5ae5-45c9-9cba-0e9275c82b19-policy_agent_11.zip,1225024,f1994d8143e60143226a2e122e2fe5b3
"P6-23",paintball/runs/P623_t2_A7h_20994019/ereq_9fe2806f-ea0e-4e25-ac38-0e854e9f045f-policy_agent_10.art.log,37439376,af13696d9407edee03958437bcba3639
"P6-23",paintball/runs/P623_t2_A7h_20994019/ereq_9fe2806f-ea0e-4e25-ac38-0e854e9f045f-policy_agent_10.zip,1227536,9325792318c6940895ad7af884415c21
"P6-23",paintball/runs/P623_t2_A7h_20994019/ereq_9fe2806f-ea0e-4e25-ac38-0e854e9f045f-policy_agent_11.art.log,32252137,719bdf1500fad76689481cee38f6ac01
"P6-23",paintball/runs/P623_t2_A7h_20994019/ereq_9fe2806f-ea0e-4e25-ac38-0e854e9f045f-policy_agent_11.zip,1165707,819e97face160f7f42eb345a0854e912
"P6-23",paintball/runs/P623_t2_A7h_21098748/ereq_ac4229c0-fff1-438b-9bb5-879949cfc77f-policy_agent_10.art.log,43979620,2f592777a0e9a11d2f9062066744f033
"P6-23",paintball/runs/P623_t2_A7h_21098748/ereq_ac4229c0-fff1-438b-9bb5-879949cfc77f-policy_agent_10.zip,1412383,b46a2fcc8a556b9b99bf92dd80f68a3e
"P6-23",paintball/runs/P623_t2_A7h_21098748/ereq_ac4229c0-fff1-438b-9bb5-879949cfc77f-policy_agent_11.art.log,42227191,825f4d66ebcd7c4b21847c7b2d08f862
"P6-23",paintball/runs/P623_t2_A7h_21098748/ereq_ac4229c0-fff1-438b-9bb5-879949cfc77f-policy_agent_11.zip,1410889,fc296832b0e167a4df72d77c8352b7f5
"P6-23",paintball/runs/P623_t2_A7h_21203477/ereq_c4fe52d0-6228-4c83-a0c3-bb0d81d2d8ef-policy_agent_10.art.log,44108674,bd36d64d6397d91a12d98485401de6e8
"P6-23",paintball/runs/P623_t2_A7h_21203477/ereq_c4fe52d0-6228-4c83-a0c3-bb0d81d2d8ef-policy_agent_10.zip,1131609,5a5b57ea21a954b8e412a7e179138378
"P6-23",paintball/runs/P623_t2_A7h_21203477/ereq_c4fe52d0-6228-4c83-a0c3-bb0d81d2d8ef-policy_agent_11.art.log,44372109,aa54761ca86087219978649052cc4204
"P6-23",paintball/runs/P623_t2_A7h_21203477/ereq_c4fe52d0-6228-4c83-a0c3-bb0d81d2d8ef-policy_agent_11.zip,1219673,65cc44edaf410bd27ac450d9596a16dc
"P6-23",paintball/runs/P623_t2_A7h_21308206/ereq_39acc5b0-8241-4b86-b74f-d0285540737e-policy_agent_10.art.log,38146022,de8aae19a2ebead5b3ee2cfcc481c18f
"P6-23",paintball/runs/P623_t2_A7h_21308206/ereq_39acc5b0-8241-4b86-b74f-d0285540737e-policy_agent_10.zip,1384475,c6aa4dceda55041170dbc60f4a92afe9
"P6-23",paintball/runs/P623_t2_A7h_21308206/ereq_39acc5b0-8241-4b86-b74f-d0285540737e-policy_agent_11.art.log,41776092,02962838b0b2ffc18a70eaef3a875ca2
"P6-23",paintball/runs/P623_t2_A7h_21308206/ereq_39acc5b0-8241-4b86-b74f-d0285540737e-policy_agent_11.zip,1345022,7eaee61a99f2f01b31d11cb25859a503
"P6-23",paintball/runs/P623_t2_A7h_21412935/ereq_2394faa5-a7a3-41a2-b575-11a9804b99bb-policy_agent_10.art.log,7585032,48b092cdbac57b3479a274a1e0a3ed13
"P6-23",paintball/runs/P623_t2_A7h_21412935/ereq_2394faa5-a7a3-41a2-b575-11a9804b99bb-policy_agent_10.zip,242702,e50f9b71bb4ca7416a90a294250d64ce
"P6-23",paintball/runs/P623_t2_A7h_21412935/ereq_2394faa5-a7a3-41a2-b575-11a9804b99bb-policy_agent_11.art.log,37927078,ad5ecbe4e623d0217388edc392eed2cc
"P6-23",paintball/runs/P623_t2_A7h_21412935/ereq_2394faa5-a7a3-41a2-b575-11a9804b99bb-policy_agent_11.zip,1822256,9d55f219aca0ff7d738a729b263a7fe4
"P6-23",paintball/runs/P623_t2_A7h_21517664/ereq_8646bff3-2d82-4027-a085-9160980005c4-policy_agent_10.art.log,33674298,bbf12b9dc2fbdd00b23c499a5d595393
"P6-23",paintball/runs/P623_t2_A7h_21517664/ereq_8646bff3-2d82-4027-a085-9160980005c4-policy_agent_10.zip,1153997,d3040c6dd829b4bd25d9b904c2d69fe3
"P6-23",paintball/runs/P623_t2_A7h_21517664/ereq_8646bff3-2d82-4027-a085-9160980005c4-policy_agent_11.art.log,31934691,84809def03f06a245fbb9746b7c98ab5
"P6-23",paintball/runs/P623_t2_A7h_21517664/ereq_8646bff3-2d82-4027-a085-9160980005c4-policy_agent_11.zip,1116823,3e615a0de6e9a31e073ba66a5be5a394
"P6-23",paintball/runs/P623_t2_A7h_21622393/ereq_ca719f5d-14ce-4548-a695-0ab4d8df3739-policy_agent_10.art.log,44152596,62ee7ac6d6661074cec95e95fe6d7f6f
"P6-23",paintball/runs/P623_t2_A7h_21622393/ereq_ca719f5d-14ce-4548-a695-0ab4d8df3739-policy_agent_10.zip,1414506,c56c9a2db5245d502c1af74d7f07a69d
"P6-23",paintball/runs/P623_t2_A7h_21622393/ereq_ca719f5d-14ce-4548-a695-0ab4d8df3739-policy_agent_11.art.log,42907402,94b47a8df5c8e76eb87f33025ac67a05
"P6-23",paintball/runs/P623_t2_A7h_21622393/ereq_ca719f5d-14ce-4548-a695-0ab4d8df3739-policy_agent_11.zip,1404972,a31165e13178ac1c6617e7ff9f80b240
"P6-23",paintball/runs/P623_t2_A7h_21727122/ereq_bce7b35c-5aa0-4103-8d02-3fea6c7dc34f-policy_agent_10.art.log,43129185,cb4fa82016c0b57ac4121bd0055182fa
"P6-23",paintball/runs/P623_t2_A7h_21727122/ereq_bce7b35c-5aa0-4103-8d02-3fea6c7dc34f-policy_agent_10.zip,1486187,4ad6c10f7c07764c7ca2b9d6ccc310b9
"P6-23",paintball/runs/P623_t2_A7h_21727122/ereq_bce7b35c-5aa0-4103-8d02-3fea6c7dc34f-policy_agent_11.art.log,43733493,7c6ef8f82ba7c6cc61f5c918538415b3
"P6-23",paintball/runs/P623_t2_A7h_21727122/ereq_bce7b35c-5aa0-4103-8d02-3fea6c7dc34f-policy_agent_11.zip,1529786,c9b88cf34959a8974495d5c0e821c9fb
"P6-23",paintball/runs/P623_t2_A7h_21831851/ereq_4853d5fc-889c-46a1-9a9d-3b06efd4f493-policy_agent_10.art.log,46035040,7733ab71541f87ceb4b7fa32881baffd
"P6-23",paintball/runs/P623_t2_A7h_21831851/ereq_4853d5fc-889c-46a1-9a9d-3b06efd4f493-policy_agent_10.zip,1325912,01520ee66b9b44b1a44a566928e85f76
"P6-23",paintball/runs/P623_t2_A7h_21831851/ereq_4853d5fc-889c-46a1-9a9d-3b06efd4f493-policy_agent_11.art.log,41794441,b53a14f7b4833ee1bf8e6f6a18311346
"P6-23",paintball/runs/P623_t2_A7h_21831851/ereq_4853d5fc-889c-46a1-9a9d-3b06efd4f493-policy_agent_11.zip,1253206,ab349feb1c86f275adf5c2f4a0c45b22
"P6-23",paintball/runs/P623_t2_A7h_21936580/ereq_0143cd34-2e1d-4e87-9f7c-cf994b4652cb-policy_agent_10.art.log,37423148,a7ef75dce66f3184b7e8ad20bb67fff7
"P6-23",paintball/runs/P623_t2_A7h_21936580/ereq_0143cd34-2e1d-4e87-9f7c-cf994b4652cb-policy_agent_10.zip,1142448,75dc7b135b45fe1ad6f1794e5e7ebd71
"P6-23",paintball/runs/P623_t2_A7h_21936580/ereq_0143cd34-2e1d-4e87-9f7c-cf994b4652cb-policy_agent_11.art.log,39348269,a3f65c955368dd2773541c8671aa45d8
"P6-23",paintball/runs/P623_t2_A7h_21936580/ereq_0143cd34-2e1d-4e87-9f7c-cf994b4652cb-policy_agent_11.zip,1209233,2ad5283bcddb7cf069ab8cacec3a3245
"P6-23",paintball/runs/P623_t2_A7h_22041309/ereq_b8b8e41f-6441-45d8-9b0d-f1e8201465b0-policy_agent_10.art.log,35499756,28fa14f34d325fbc1d48cc87419e489f
"P6-23",paintball/runs/P623_t2_A7h_22041309/ereq_b8b8e41f-6441-45d8-9b0d-f1e8201465b0-policy_agent_10.zip,1229337,b27bbf6e8e486d6276e27877be27b6c7
"P6-23",paintball/runs/P623_t2_A7h_22041309/ereq_b8b8e41f-6441-45d8-9b0d-f1e8201465b0-policy_agent_11.art.log,30892554,84b703496f8d90fdbbbc81e05842f10c
"P6-23",paintball/runs/P623_t2_A7h_22041309/ereq_b8b8e41f-6441-45d8-9b0d-f1e8201465b0-policy_agent_11.zip,1134560,873adfe875eb89408ff52bae04f9d2f2
"P6-23",paintball/runs/P623_t2_A7h_22146038/ereq_6f023bbc-1138-4fd6-9d64-34f0ffd5c496-policy_agent_10.art.log,34771285,d66ac9bb65e010393f1cf30080d32d9f
"P6-23",paintball/runs/P623_t2_A7h_22146038/ereq_6f023bbc-1138-4fd6-9d64-34f0ffd5c496-policy_agent_10.zip,1248703,360ef9bc181872bfe4e1717207370576
"P6-23",paintball/runs/P623_t2_A7h_22146038/ereq_6f023bbc-1138-4fd6-9d64-34f0ffd5c496-policy_agent_11.art.log,41845059,3c961f0862e69443af55ed25a1c278ed
"P6-23",paintball/runs/P623_t2_A7h_22146038/ereq_6f023bbc-1138-4fd6-9d64-34f0ffd5c496-policy_agent_11.zip,1577862,efbe617ae6d13c242b0739a9a31d083e
"P6-23",paintball/runs/P623_t2_A7h_22250767/ereq_28456064-49e0-4bcb-94f0-5fcd08030c7b-policy_agent_10.art.log,41099313,d6a4b1761253bb2b777b8ffd79911865
"P6-23",paintball/runs/P623_t2_A7h_22250767/ereq_28456064-49e0-4bcb-94f0-5fcd08030c7b-policy_agent_10.zip,1353149,ddc5849ad92735a17a1d87ca24b3de1d
"P6-23",paintball/runs/P623_t2_A7h_22250767/ereq_28456064-49e0-4bcb-94f0-5fcd08030c7b-policy_agent_11.art.log,35263610,9380329a6da4ad6c59e620fa6aaae9ae
"P6-23",paintball/runs/P623_t2_A7h_22250767/ereq_28456064-49e0-4bcb-94f0-5fcd08030c7b-policy_agent_11.zip,1012245,11b76d20a2f3f21363e71855b7eb9132
"GIF (P6)",cantera/paper6/P6_23_quedarse.gif,701370,62641768b139f255da51757d4ff84c9e
"P6-24",paintball/runs/P624_t0_A4_24450076/ereq_65daf48d-c84b-4e17-b312-9aa728990de5-policy_agent_10.art.log,8598906,565fbf6b13833239278e544c0afba04d
"P6-24",paintball/runs/P624_t0_A4_24450076/ereq_65daf48d-c84b-4e17-b312-9aa728990de5-policy_agent_10.zip,273158,2a97b79e0a39e278fef8234f2f92ad9a
"P6-24",paintball/runs/P624_t0_A4_24450076/ereq_65daf48d-c84b-4e17-b312-9aa728990de5-policy_agent_11.art.log,8197612,cb69372e5d6e822d5adbcd46aa935e67
"P6-24",paintball/runs/P624_t0_A4_24450076/ereq_65daf48d-c84b-4e17-b312-9aa728990de5-policy_agent_11.zip,266123,01f66ba4fb9d00d00e4c17b54738025c
"P6-24",paintball/runs/P624_t0_A7h_24450076/ereq_e61ae506-cdf7-41f7-a7bf-4246ca32a83a-policy_agent_10.art.log,10025221,08e5a8214bc48985002f4e0442254ac9
"P6-24",paintball/runs/P624_t0_A7h_24450076/ereq_e61ae506-cdf7-41f7-a7bf-4246ca32a83a-policy_agent_10.zip,336665,5dad048d3f346ec366c1a357760a96d0
"P6-24",paintball/runs/P624_t0_A7h_24450076/ereq_e61ae506-cdf7-41f7-a7bf-4246ca32a83a-policy_agent_11.art.log,9927030,f50ecad6ee88f619691062796beae90c
"P6-24",paintball/runs/P624_t0_A7h_24450076/ereq_e61ae506-cdf7-41f7-a7bf-4246ca32a83a-policy_agent_11.zip,354794,d177aa89d1feb62b3f18f6335d790692
"P6-24",paintball/runs/P624_t1_A4_24450076/ereq_f656f43e-334d-4cb0-9120-4461d1b7ef16-policy_agent_10.art.log,36156048,32c1a926f55e296d5e54989d82611132
"P6-24",paintball/runs/P624_t1_A4_24450076/ereq_f656f43e-334d-4cb0-9120-4461d1b7ef16-policy_agent_10.zip,926460,31259ce61f7d4ed6df5b8ee5b988c309
"P6-24",paintball/runs/P624_t1_A4_24450076/ereq_f656f43e-334d-4cb0-9120-4461d1b7ef16-policy_agent_11.art.log,32808100,6838c1c2dbfd2da113a49805e1347aaa
"P6-24",paintball/runs/P624_t1_A4_24450076/ereq_f656f43e-334d-4cb0-9120-4461d1b7ef16-policy_agent_11.zip,959219,2b5c53dfa36b25968718caf155abbd80
"P6-24",paintball/runs/P624_t1_A4_24554805/ereq_2b6b1e5d-07a5-47e4-9a86-0f7d30645207-policy_agent_10.art.log,34285840,7ff70842737e76dadd4421baa04a063e
"P6-24",paintball/runs/P624_t1_A4_24554805/ereq_2b6b1e5d-07a5-47e4-9a86-0f7d30645207-policy_agent_10.zip,1047804,581fe383d4d4dbebf4b7760821c76777
"P6-24",paintball/runs/P624_t1_A4_24554805/ereq_2b6b1e5d-07a5-47e4-9a86-0f7d30645207-policy_agent_11.art.log,36684505,27575b33d0e348343ed1a4dc1197fa1b
"P6-24",paintball/runs/P624_t1_A4_24554805/ereq_2b6b1e5d-07a5-47e4-9a86-0f7d30645207-policy_agent_11.zip,1150809,c8965fa196831cab1a39f1958572db37
"P6-24",paintball/runs/P624_t1_A4_24659534/ereq_f10be2c3-ffaf-4f7d-8a9c-52f1e3433d3a-policy_agent_10.art.log,29502725,05465efb28ef083b8697bf1259f1879b
"P6-24",paintball/runs/P624_t1_A4_24659534/ereq_f10be2c3-ffaf-4f7d-8a9c-52f1e3433d3a-policy_agent_10.zip,978386,41b3fe81d7e81da85375051ad77f96c9
"P6-24",paintball/runs/P624_t1_A4_24659534/ereq_f10be2c3-ffaf-4f7d-8a9c-52f1e3433d3a-policy_agent_11.art.log,34303432,651206041697754823e75b93eb783a42
"P6-24",paintball/runs/P624_t1_A4_24659534/ereq_f10be2c3-ffaf-4f7d-8a9c-52f1e3433d3a-policy_agent_11.zip,1098038,f420a317676eddc1f1a8e6a1b545a188
"P6-24",paintball/runs/P624_t1_A4_24764263/ereq_7f3489f6-afba-4e00-a3cb-5e7bf23a568e-policy_agent_10.art.log,44182829,e2d4acd09c1bce69eb0d686b50a769e9
"P6-24",paintball/runs/P624_t1_A4_24764263/ereq_7f3489f6-afba-4e00-a3cb-5e7bf23a568e-policy_agent_10.zip,1182597,50cf893bacb2238741c80791ec6ff6fc
"P6-24",paintball/runs/P624_t1_A4_24764263/ereq_7f3489f6-afba-4e00-a3cb-5e7bf23a568e-policy_agent_11.art.log,42584592,7da04ea0dbcdb0bf474b42277c240e0d
"P6-24",paintball/runs/P624_t1_A4_24764263/ereq_7f3489f6-afba-4e00-a3cb-5e7bf23a568e-policy_agent_11.zip,1134514,6eec5c0981bfa67c4bdcdd874d1c24d5
"P6-24",paintball/runs/P624_t1_A4_24868992/ereq_0f748ad4-556a-43b5-a910-99ec291e5359-policy_agent_10.art.log,32548160,491400783ef0e51785809c1dba53e136
"P6-24",paintball/runs/P624_t1_A4_24868992/ereq_0f748ad4-556a-43b5-a910-99ec291e5359-policy_agent_10.zip,918272,3ec8278cea04e0e9df6a99477003eda6
"P6-24",paintball/runs/P624_t1_A4_24868992/ereq_0f748ad4-556a-43b5-a910-99ec291e5359-policy_agent_11.art.log,33816550,324bb36976c5713feeea41fd00b8949c
"P6-24",paintball/runs/P624_t1_A4_24868992/ereq_0f748ad4-556a-43b5-a910-99ec291e5359-policy_agent_11.zip,1026739,ce6241fe9823909c5257a772de698cc7
"P6-24",paintball/runs/P624_t1_A4_24973721/ereq_404be784-da73-4c83-9221-420fe6190713-policy_agent_10.art.log,33194287,9efc45181b8b9f331c79f86508b50e38
"P6-24",paintball/runs/P624_t1_A4_24973721/ereq_404be784-da73-4c83-9221-420fe6190713-policy_agent_10.zip,933139,ae3ec5957fd562944b56a94314559034
"P6-24",paintball/runs/P624_t1_A4_24973721/ereq_404be784-da73-4c83-9221-420fe6190713-policy_agent_11.art.log,28415503,3aa33690764f10e6d7b1eebdfc01a3bb
"P6-24",paintball/runs/P624_t1_A4_24973721/ereq_404be784-da73-4c83-9221-420fe6190713-policy_agent_11.zip,996745,e0e9d75f77d478a19fb0cd8fa8fa44a2
"P6-24",paintball/runs/P624_t1_A4_25078450/ereq_4eea418c-7e76-4829-95ab-ec2d11e2e502-policy_agent_10.art.log,37860998,587e125217c54990068c9b63f2e76c95
"P6-24",paintball/runs/P624_t1_A4_25078450/ereq_4eea418c-7e76-4829-95ab-ec2d11e2e502-policy_agent_10.zip,1197235,0e82215bf42bddb9f972252640c07925
"P6-24",paintball/runs/P624_t1_A4_25078450/ereq_4eea418c-7e76-4829-95ab-ec2d11e2e502-policy_agent_11.art.log,35667549,c4ceb7357a3c689cc7f768582de564f6
"P6-24",paintball/runs/P624_t1_A4_25078450/ereq_4eea418c-7e76-4829-95ab-ec2d11e2e502-policy_agent_11.zip,1190286,da044858cc6590acc8584c24de5f0f70
"P6-24",paintball/runs/P624_t1_A4_25183179/ereq_e8be4954-0604-430d-b012-13e355fc6e99-policy_agent_10.art.log,29348345,124944b3a36854ed9c91fa5823140234
"P6-24",paintball/runs/P624_t1_A4_25183179/ereq_e8be4954-0604-430d-b012-13e355fc6e99-policy_agent_10.zip,1011885,7433940c708bfcc040cd31dcf18fdb8b
"P6-24",paintball/runs/P624_t1_A4_25183179/ereq_e8be4954-0604-430d-b012-13e355fc6e99-policy_agent_11.art.log,31775340,83cf6073712755f22271fc855184469e
"P6-24",paintball/runs/P624_t1_A4_25183179/ereq_e8be4954-0604-430d-b012-13e355fc6e99-policy_agent_11.zip,1046632,a6368091518c80c1c627b0330ee8992d
"P6-24",paintball/runs/P624_t1_A4_25287908/ereq_768f1285-3ab5-460c-abf9-77f6ddb11c32-policy_agent_10.art.log,33147442,a7043b06484c85147cded8a00e201af4
"P6-24",paintball/runs/P624_t1_A4_25287908/ereq_768f1285-3ab5-460c-abf9-77f6ddb11c32-policy_agent_10.zip,986848,9b4791e2e016687931e848bbf63dcc1c
"P6-24",paintball/runs/P624_t1_A4_25287908/ereq_768f1285-3ab5-460c-abf9-77f6ddb11c32-policy_agent_11.art.log,35356943,b8c57a804fc34bf2062b328fe29507b4
"P6-24",paintball/runs/P624_t1_A4_25287908/ereq_768f1285-3ab5-460c-abf9-77f6ddb11c32-policy_agent_11.zip,1140939,62ea240114a1a10cab2bb26cbe2e955c
"P6-24",paintball/runs/P624_t1_A4_25392637/ereq_1e4ad439-fc94-4724-92ed-46e2d1650239-policy_agent_10.art.log,34437486,9e137eec3ea8f988d647cb0f50d5894c
"P6-24",paintball/runs/P624_t1_A4_25392637/ereq_1e4ad439-fc94-4724-92ed-46e2d1650239-policy_agent_10.zip,1101893,61db4e199f1f9be5d0739eb7572cdd4c
"P6-24",paintball/runs/P624_t1_A4_25392637/ereq_1e4ad439-fc94-4724-92ed-46e2d1650239-policy_agent_11.art.log,35814769,d94c335e3ae289a7bdc6d3c3cf8c3b7d
"P6-24",paintball/runs/P624_t1_A4_25392637/ereq_1e4ad439-fc94-4724-92ed-46e2d1650239-policy_agent_11.zip,1198576,d594b63a33ca6f3dfd435c0d463b00df
"P6-24",paintball/runs/P624_t1_A4_25497366/ereq_7bcdf46d-882d-4669-98de-eebadcafd831-policy_agent_10.art.log,32014458,bcb1029484c8699e5851e6973d0e8d8a
"P6-24",paintball/runs/P624_t1_A4_25497366/ereq_7bcdf46d-882d-4669-98de-eebadcafd831-policy_agent_10.zip,1012436,a2650ca8e5e36076ee349a6a1fe624cb
"P6-24",paintball/runs/P624_t1_A4_25497366/ereq_7bcdf46d-882d-4669-98de-eebadcafd831-policy_agent_11.art.log,37689681,181ed5507d1a1811832ce480b6eca87f
"P6-24",paintball/runs/P624_t1_A4_25497366/ereq_7bcdf46d-882d-4669-98de-eebadcafd831-policy_agent_11.zip,1287958,203bd7076914ad87833c5344399a8146
"P6-24",paintball/runs/P624_t1_A4_25602095/ereq_f8a35472-a074-4495-8f73-296de5f04539-policy_agent_10.art.log,37152746,2a912a44d1728ec9ad4b6e7a2893fa46
"P6-24",paintball/runs/P624_t1_A4_25602095/ereq_f8a35472-a074-4495-8f73-296de5f04539-policy_agent_10.zip,1071042,c820a98bbeb3cf5ecacce1577f4b5c41
"P6-24",paintball/runs/P624_t1_A4_25602095/ereq_f8a35472-a074-4495-8f73-296de5f04539-policy_agent_11.art.log,36165898,72c253ea062486756d41f5726db7d656
"P6-24",paintball/runs/P624_t1_A4_25602095/ereq_f8a35472-a074-4495-8f73-296de5f04539-policy_agent_11.zip,1030478,5e09995b66994f9fd80bdb40422a46fd
"P6-24",paintball/runs/P624_t1_A4_25706824/ereq_b47ef1bb-3074-44fa-a032-dfff0b0e0632-policy_agent_10.art.log,41681890,4ee219014a31b2708100558f3eab211c
"P6-24",paintball/runs/P624_t1_A4_25706824/ereq_b47ef1bb-3074-44fa-a032-dfff0b0e0632-policy_agent_10.zip,1325932,defb2f6f20b8669aecf3e7187674c1c9
"P6-24",paintball/runs/P624_t1_A4_25706824/ereq_b47ef1bb-3074-44fa-a032-dfff0b0e0632-policy_agent_11.art.log,36448089,62669245e7b5d10c4a6303d8b2322a58
"P6-24",paintball/runs/P624_t1_A4_25706824/ereq_b47ef1bb-3074-44fa-a032-dfff0b0e0632-policy_agent_11.zip,1049854,4b150acf26e86a30856358dd804ad1a8
"P6-24",paintball/runs/P624_t1_A4_25811553/ereq_0d33a18f-edb6-4d7e-8773-f5903df363fe-policy_agent_10.art.log,31098781,8a414efcbf1171ee8b185c6b2c2591ff
"P6-24",paintball/runs/P624_t1_A4_25811553/ereq_0d33a18f-edb6-4d7e-8773-f5903df363fe-policy_agent_10.zip,937505,ea3cef9bd388460c5e8456950f36bcbd
"P6-24",paintball/runs/P624_t1_A4_25811553/ereq_0d33a18f-edb6-4d7e-8773-f5903df363fe-policy_agent_11.art.log,37023975,edc91eef512a5955baebcb8d558fdade
"P6-24",paintball/runs/P624_t1_A4_25811553/ereq_0d33a18f-edb6-4d7e-8773-f5903df363fe-policy_agent_11.zip,1164197,9869fa44c7ed9875f3d35875f22f019d
"P6-24",paintball/runs/P624_t1_A4_25916282/ereq_0c36b3cd-4772-4546-8f6e-a3d0d7a56af6-policy_agent_10.art.log,35435121,8b266716b3446c202bc4b1b95062c8d4
"P6-24",paintball/runs/P624_t1_A4_25916282/ereq_0c36b3cd-4772-4546-8f6e-a3d0d7a56af6-policy_agent_10.zip,1302813,3a43060d91a0dcba33cb009a2c6a1461
"P6-24",paintball/runs/P624_t1_A4_25916282/ereq_0c36b3cd-4772-4546-8f6e-a3d0d7a56af6-policy_agent_11.art.log,31975162,2430d4c5fe9afa7e387c29ae29e021f3
"P6-24",paintball/runs/P624_t1_A4_25916282/ereq_0c36b3cd-4772-4546-8f6e-a3d0d7a56af6-policy_agent_11.zip,1130890,669af5aa35716c9725f6ade6b1ce260c
"P6-24",paintball/runs/P624_t1_A4_26021011/ereq_dc191c87-dc54-405c-bb45-115f22b66f99-policy_agent_10.art.log,33364349,06075382fe8ef8c773dec5daa4a52479
"P6-24",paintball/runs/P624_t1_A4_26021011/ereq_dc191c87-dc54-405c-bb45-115f22b66f99-policy_agent_10.zip,959286,dc5a67ac2b7266c7ec91997b362e3c0b
"P6-24",paintball/runs/P624_t1_A4_26021011/ereq_dc191c87-dc54-405c-bb45-115f22b66f99-policy_agent_11.art.log,35722868,ebbb92055dbde2200e22dbf7486a7b8b
"P6-24",paintball/runs/P624_t1_A4_26021011/ereq_dc191c87-dc54-405c-bb45-115f22b66f99-policy_agent_11.zip,1068920,e0cc96065307e8420dc8d2f86f09486e
"P6-24",paintball/runs/P624_t1_A4_26125740/ereq_08c0a597-7535-4811-ae80-b0f6b744fd76-policy_agent_10.art.log,38280417,02faae9422ded8843ab6fc4e18cc6417
"P6-24",paintball/runs/P624_t1_A4_26125740/ereq_08c0a597-7535-4811-ae80-b0f6b744fd76-policy_agent_10.zip,1153874,df46bdb97f876e2187eecd4d0de11a0b
"P6-24",paintball/runs/P624_t1_A4_26125740/ereq_08c0a597-7535-4811-ae80-b0f6b744fd76-policy_agent_11.art.log,33751213,5e48cecc675f95a0efbe47182c49a3e3
"P6-24",paintball/runs/P624_t1_A4_26125740/ereq_08c0a597-7535-4811-ae80-b0f6b744fd76-policy_agent_11.zip,1149418,b95271ba443aa90634758771e8677c75
"P6-24",paintball/runs/P624_t1_A4_26230469/ereq_19fc0ef7-19dc-40ee-970c-5c6430cb4e44-policy_agent_10.art.log,36992041,2d9b7425e8dde2faece932c67f94066e
"P6-24",paintball/runs/P624_t1_A4_26230469/ereq_19fc0ef7-19dc-40ee-970c-5c6430cb4e44-policy_agent_10.zip,1065702,6322ae03e8ebf6f0d6622d0347097073
"P6-24",paintball/runs/P624_t1_A4_26230469/ereq_19fc0ef7-19dc-40ee-970c-5c6430cb4e44-policy_agent_11.art.log,38065756,b5b233ed8397c0fddee47ba9ca1019a0
"P6-24",paintball/runs/P624_t1_A4_26230469/ereq_19fc0ef7-19dc-40ee-970c-5c6430cb4e44-policy_agent_11.zip,1043768,664dc3fa0bbaebaf5a006b883d7d48f3
"P6-24",paintball/runs/P624_t1_A4_26335198/ereq_5d345308-90d8-44bf-8117-72c2232aeb28-policy_agent_10.art.log,29685110,62200928b1d2f73c397c8132061ac5ac
"P6-24",paintball/runs/P624_t1_A4_26335198/ereq_5d345308-90d8-44bf-8117-72c2232aeb28-policy_agent_10.zip,949106,948c602280085264c54b53ed22e87071
"P6-24",paintball/runs/P624_t1_A4_26335198/ereq_5d345308-90d8-44bf-8117-72c2232aeb28-policy_agent_11.art.log,36315559,029bf42cf7e3ceb58a09cb4eed5332a3
"P6-24",paintball/runs/P624_t1_A4_26335198/ereq_5d345308-90d8-44bf-8117-72c2232aeb28-policy_agent_11.zip,1269697,727d5129e2f5c8015018e9b7bcd2a655
"P6-24",paintball/runs/P624_t1_A4_26439927/ereq_0ff1c4d3-5d53-4d79-b528-2dec15679394-policy_agent_10.art.log,42782587,6d2008971b538ce047b29c51aa6517ac
"P6-24",paintball/runs/P624_t1_A4_26439927/ereq_0ff1c4d3-5d53-4d79-b528-2dec15679394-policy_agent_10.zip,1213560,f8bcd1ec6285ae39d9b11913304ea1e4
"P6-24",paintball/runs/P624_t1_A4_26439927/ereq_0ff1c4d3-5d53-4d79-b528-2dec15679394-policy_agent_11.art.log,44781853,4a6c822be954f9423e8df17b2c889a01
"P6-24",paintball/runs/P624_t1_A4_26439927/ereq_0ff1c4d3-5d53-4d79-b528-2dec15679394-policy_agent_11.zip,1270481,817243bcb5f2c087e9efbea4d036fcfe
"P6-24",paintball/runs/P624_t2_A7h_24450076/ereq_c5a300fb-a330-45a1-932b-5932516428ba-policy_agent_10.art.log,44367095,07b89d50171119b24150d701a047fea6
"P6-24",paintball/runs/P624_t2_A7h_24450076/ereq_c5a300fb-a330-45a1-932b-5932516428ba-policy_agent_10.zip,1255102,58335afef767c9dd102ae56524661229
"P6-24",paintball/runs/P624_t2_A7h_24450076/ereq_c5a300fb-a330-45a1-932b-5932516428ba-policy_agent_11.art.log,44070261,75d2488ec57980edca47276887b7feed
"P6-24",paintball/runs/P624_t2_A7h_24450076/ereq_c5a300fb-a330-45a1-932b-5932516428ba-policy_agent_11.zip,1294497,0505c49012a96d680fcc0c9e2f6395bc
"P6-24",paintball/runs/P624_t2_A7h_24554805/ereq_a74775ff-4143-41d0-9475-ee118c05b66a-policy_agent_10.art.log,38909421,80754e5b2549e7c1d0fb811a9805283b
"P6-24",paintball/runs/P624_t2_A7h_24554805/ereq_a74775ff-4143-41d0-9475-ee118c05b66a-policy_agent_10.zip,1359341,1e592d5d61c7eb9899963e39b00600bd
"P6-24",paintball/runs/P624_t2_A7h_24554805/ereq_a74775ff-4143-41d0-9475-ee118c05b66a-policy_agent_11.art.log,39272000,d165d3aad595d7a13fdbaef9d07585b5
"P6-24",paintball/runs/P624_t2_A7h_24554805/ereq_a74775ff-4143-41d0-9475-ee118c05b66a-policy_agent_11.zip,1329756,e7ad04519f26d1bad6ff2ebdfe068c71
"P6-24",paintball/runs/P624_t2_A7h_24659534/ereq_f19a753a-493e-4e5b-9bc2-8c7e18dda6e6-policy_agent_10.art.log,32212167,a64e1a9f37da704f4e87d22acd55d408
"P6-24",paintball/runs/P624_t2_A7h_24659534/ereq_f19a753a-493e-4e5b-9bc2-8c7e18dda6e6-policy_agent_10.zip,1168798,fd6f4c47ac8f41d327c79e671fce1f82
"P6-24",paintball/runs/P624_t2_A7h_24659534/ereq_f19a753a-493e-4e5b-9bc2-8c7e18dda6e6-policy_agent_11.art.log,35017220,0dd2c7a80345c70f1ccc4788af484b55
"P6-24",paintball/runs/P624_t2_A7h_24659534/ereq_f19a753a-493e-4e5b-9bc2-8c7e18dda6e6-policy_agent_11.zip,1256515,b7c039e823d12a8fc61a609e33ba131f
"P6-24",paintball/runs/P624_t2_A7h_24764263/ereq_0de262f3-accd-479f-a0a5-7f5316bc1e01-policy_agent_10.art.log,41580563,fdc3a13e369c9f2151d9181264d83706
"P6-24",paintball/runs/P624_t2_A7h_24764263/ereq_0de262f3-accd-479f-a0a5-7f5316bc1e01-policy_agent_10.zip,1447283,5aff7a37224b73181281e75c968b48d9
"P6-24",paintball/runs/P624_t2_A7h_24764263/ereq_0de262f3-accd-479f-a0a5-7f5316bc1e01-policy_agent_11.art.log,34197696,13fa75f907e496805b554a8be20df1f5
"P6-24",paintball/runs/P624_t2_A7h_24764263/ereq_0de262f3-accd-479f-a0a5-7f5316bc1e01-policy_agent_11.zip,1099207,20e56bf843bbfd2d98623dd8e706565e
"P6-24",paintball/runs/P624_t2_A7h_24868992/ereq_0385d32a-ec07-43a8-ac76-798289d517db-policy_agent_10.art.log,40769850,a86b504faa289acecfce1e2b85f134af
"P6-24",paintball/runs/P624_t2_A7h_24868992/ereq_0385d32a-ec07-43a8-ac76-798289d517db-policy_agent_10.zip,1427195,726b398d6ea16c0dd0b2bd5510028189
"P6-24",paintball/runs/P624_t2_A7h_24868992/ereq_0385d32a-ec07-43a8-ac76-798289d517db-policy_agent_11.art.log,41120110,c2a67fadb7150337b80ed4f9541f31f4
"P6-24",paintball/runs/P624_t2_A7h_24868992/ereq_0385d32a-ec07-43a8-ac76-798289d517db-policy_agent_11.zip,1432214,55f6187de044e685bedf5763273c638f
"P6-24",paintball/runs/P624_t2_A7h_24973721/ereq_6a040736-16e9-40aa-a434-319171d1c259-policy_agent_10.art.log,34541669,cb21b5db4344c4c081cdcadee3592f3a
"P6-24",paintball/runs/P624_t2_A7h_24973721/ereq_6a040736-16e9-40aa-a434-319171d1c259-policy_agent_10.zip,1334869,abcb10b650f989fbb2de484380ff6640
"P6-24",paintball/runs/P624_t2_A7h_24973721/ereq_6a040736-16e9-40aa-a434-319171d1c259-policy_agent_11.art.log,28847881,2a5188b92a3347614e5693e88de66d15
"P6-24",paintball/runs/P624_t2_A7h_24973721/ereq_6a040736-16e9-40aa-a434-319171d1c259-policy_agent_11.zip,1112654,0eb4958374a4b1e64ab83da167959955
"P6-24",paintball/runs/P624_t2_A7h_25078450/ereq_f55d13ec-1aa2-4ba0-b6e2-c344404349c0-policy_agent_10.art.log,39018982,12f0843f13ed844323b4f2c67184b4ff
"P6-24",paintball/runs/P624_t2_A7h_25078450/ereq_f55d13ec-1aa2-4ba0-b6e2-c344404349c0-policy_agent_10.zip,1373101,f4052d6e0017e97cc40e2fb226f81992
"P6-24",paintball/runs/P624_t2_A7h_25078450/ereq_f55d13ec-1aa2-4ba0-b6e2-c344404349c0-policy_agent_11.art.log,38392569,8ae2235e18d75a7738163441fa8ee050
"P6-24",paintball/runs/P624_t2_A7h_25078450/ereq_f55d13ec-1aa2-4ba0-b6e2-c344404349c0-policy_agent_11.zip,1261755,245999f0d3e5236dd34a1a344a4cdaca
"P6-24",paintball/runs/P624_t2_A7h_25183179/ereq_63992acf-cc49-48bb-b5e5-36da0456ef83-policy_agent_10.art.log,31138149,02ef330f820cbc154f62dc45a7f6c873
"P6-24",paintball/runs/P624_t2_A7h_25183179/ereq_63992acf-cc49-48bb-b5e5-36da0456ef83-policy_agent_10.zip,1146979,8952e1f6e4e9459e1c3e5f5ec93d0ea2
"P6-24",paintball/runs/P624_t2_A7h_25183179/ereq_63992acf-cc49-48bb-b5e5-36da0456ef83-policy_agent_11.art.log,35334407,5d7b2c48e9e17e665647f1f0010084db
"P6-24",paintball/runs/P624_t2_A7h_25183179/ereq_63992acf-cc49-48bb-b5e5-36da0456ef83-policy_agent_11.zip,1238623,d9cde1c7bc121399f08dd7650b0e8ce8
"P6-24",paintball/runs/P624_t2_A7h_25287908/ereq_08f2589e-00f8-4953-939e-14966aed73b4-policy_agent_10.art.log,37050654,30d92ecdbec6bd8bb7f61a9874c66066
"P6-24",paintball/runs/P624_t2_A7h_25287908/ereq_08f2589e-00f8-4953-939e-14966aed73b4-policy_agent_10.zip,1370271,407a127c518c0e01c2718a4b927b95ca
"P6-24",paintball/runs/P624_t2_A7h_25287908/ereq_08f2589e-00f8-4953-939e-14966aed73b4-policy_agent_11.art.log,35673053,f27d1539bb31f9f444be0d4f4d13bdba
"P6-24",paintball/runs/P624_t2_A7h_25287908/ereq_08f2589e-00f8-4953-939e-14966aed73b4-policy_agent_11.zip,1333305,92c4798cde9ba835b29985816f83ba7a
"P6-24",paintball/runs/P624_t2_A7h_25392637/ereq_c975eda8-68c4-4783-920e-508ce89b55d5-policy_agent_10.art.log,35998304,0649a8e449d8564ddd96123bfd447f23
"P6-24",paintball/runs/P624_t2_A7h_25392637/ereq_c975eda8-68c4-4783-920e-508ce89b55d5-policy_agent_10.zip,1193527,b257c1abd1a438202fda4adf66b9b659
"P6-24",paintball/runs/P624_t2_A7h_25392637/ereq_c975eda8-68c4-4783-920e-508ce89b55d5-policy_agent_11.art.log,40357725,4bf1369db07c83fb79964faa4bfcc141
"P6-24",paintball/runs/P624_t2_A7h_25392637/ereq_c975eda8-68c4-4783-920e-508ce89b55d5-policy_agent_11.zip,1495341,b902f1f500fa0868c83aea3eb71c2292
"P6-24",paintball/runs/P624_t2_A7h_25497366/ereq_af6a3d5d-0f06-438d-84f9-667c0200851e-policy_agent_10.art.log,40659128,7673373580b7ea16cf40e393c64a5e29
"P6-24",paintball/runs/P624_t2_A7h_25497366/ereq_af6a3d5d-0f06-438d-84f9-667c0200851e-policy_agent_10.zip,1389851,bf55d4b67f61ec16a5ff6585096dfde2
"P6-24",paintball/runs/P624_t2_A7h_25497366/ereq_af6a3d5d-0f06-438d-84f9-667c0200851e-policy_agent_11.art.log,40468278,a0e8576678e13c531c2b6daea5d1a44c
"P6-24",paintball/runs/P624_t2_A7h_25497366/ereq_af6a3d5d-0f06-438d-84f9-667c0200851e-policy_agent_11.zip,1370772,fa88612305473ecf56680e18d5822287
"P6-24",paintball/runs/P624_t2_A7h_25602095/ereq_c32905d3-cef8-4898-9aaa-2d7c66d5d790-policy_agent_10.art.log,45635562,7195c795fb4f4beffb946b0bf97f1036
"P6-24",paintball/runs/P624_t2_A7h_25602095/ereq_c32905d3-cef8-4898-9aaa-2d7c66d5d790-policy_agent_10.zip,1514129,8739ca1ad7331cc109f07f6f5ffeab73
"P6-24",paintball/runs/P624_t2_A7h_25602095/ereq_c32905d3-cef8-4898-9aaa-2d7c66d5d790-policy_agent_11.art.log,47336437,8bc23262119329fd3142512a7bf2f6da
"P6-24",paintball/runs/P624_t2_A7h_25602095/ereq_c32905d3-cef8-4898-9aaa-2d7c66d5d790-policy_agent_11.zip,1549405,9f895ac39f8f1caae22524ceb373e938
"P6-24",paintball/runs/P624_t2_A7h_25706824/ereq_c48520c7-2127-41ab-b245-922a713ede5b-policy_agent_10.art.log,45077708,16ad6468fca2581dfea171df4d147d76
"P6-24",paintball/runs/P624_t2_A7h_25706824/ereq_c48520c7-2127-41ab-b245-922a713ede5b-policy_agent_10.zip,1476913,a4eed509af67b2698941f61ad36108fb
"P6-24",paintball/runs/P624_t2_A7h_25706824/ereq_c48520c7-2127-41ab-b245-922a713ede5b-policy_agent_11.art.log,46509550,26fd9e43993c4dc938fa4efbaca4b40b
"P6-24",paintball/runs/P624_t2_A7h_25706824/ereq_c48520c7-2127-41ab-b245-922a713ede5b-policy_agent_11.zip,1437304,96eb144989e9ab2272cd53748f89b858
"P6-24",paintball/runs/P624_t2_A7h_25811553/ereq_918fb8e4-a6f0-4fba-abdd-2af77d009b4d-policy_agent_10.art.log,35762695,c0cec261c2798bb3af7e2178bbadae19
"P6-24",paintball/runs/P624_t2_A7h_25811553/ereq_918fb8e4-a6f0-4fba-abdd-2af77d009b4d-policy_agent_10.zip,1331912,1710772338b11bd62da95c15e3b5537d
"P6-24",paintball/runs/P624_t2_A7h_25811553/ereq_918fb8e4-a6f0-4fba-abdd-2af77d009b4d-policy_agent_11.art.log,46023184,9f489b0399ee2f078894d39a3d11b6e8
"P6-24",paintball/runs/P624_t2_A7h_25811553/ereq_918fb8e4-a6f0-4fba-abdd-2af77d009b4d-policy_agent_11.zip,1543802,92702d325860f330c1dd91eaba140807
"P6-24",paintball/runs/P624_t2_A7h_25916282/ereq_ca3294f4-640a-4044-b61f-673b403d4245-policy_agent_10.art.log,40690993,abc38eab43c1e99700e7af50687ed59e
"P6-24",paintball/runs/P624_t2_A7h_25916282/ereq_ca3294f4-640a-4044-b61f-673b403d4245-policy_agent_10.zip,1551513,5d14d67c13c0dd79b91bf375c6f7a8e2
"P6-24",paintball/runs/P624_t2_A7h_25916282/ereq_ca3294f4-640a-4044-b61f-673b403d4245-policy_agent_11.art.log,38521136,a7dddef9347e397a5613e5596fd5c446
"P6-24",paintball/runs/P624_t2_A7h_25916282/ereq_ca3294f4-640a-4044-b61f-673b403d4245-policy_agent_11.zip,1397732,c745b75431b78531fcf10be626e14767
"P6-24",paintball/runs/P624_t2_A7h_26021011/ereq_1a5fc705-8271-4ab1-ae5a-00e9f2b1425b-policy_agent_10.art.log,34880276,2372f00ae9b72cc9851040f4f288c26f
"P6-24",paintball/runs/P624_t2_A7h_26021011/ereq_1a5fc705-8271-4ab1-ae5a-00e9f2b1425b-policy_agent_10.zip,1293486,8ba12aa89eb082b52a1e7338b391b97f
"P6-24",paintball/runs/P624_t2_A7h_26021011/ereq_1a5fc705-8271-4ab1-ae5a-00e9f2b1425b-policy_agent_11.art.log,40575656,077327fc45a2871fbc8d6967a6e64732
"P6-24",paintball/runs/P624_t2_A7h_26021011/ereq_1a5fc705-8271-4ab1-ae5a-00e9f2b1425b-policy_agent_11.zip,1429519,1a40057fe65940f3b1e93c810ea37427
"P6-24",paintball/runs/P624_t2_A7h_26125740/ereq_a8ea62d3-c476-4fde-8d84-bb48289d0448-policy_agent_10.art.log,41300353,5587c9f411ba6703824b54626a6b6b43
"P6-24",paintball/runs/P624_t2_A7h_26125740/ereq_a8ea62d3-c476-4fde-8d84-bb48289d0448-policy_agent_10.zip,1496769,8dc4af819684a41648bbf8a8379ec6e5
"P6-24",paintball/runs/P624_t2_A7h_26125740/ereq_a8ea62d3-c476-4fde-8d84-bb48289d0448-policy_agent_11.art.log,33989473,d2789fc14d4632053dd070673493bd91
"P6-24",paintball/runs/P624_t2_A7h_26125740/ereq_a8ea62d3-c476-4fde-8d84-bb48289d0448-policy_agent_11.zip,1267051,54c466e7d2e4023f3a1da24f08692c9b
"P6-24",paintball/runs/P624_t2_A7h_26230469/ereq_47d28be5-9c77-45ed-bdac-358b179c63b2-policy_agent_10.art.log,39487656,94ee5ce480aa54d9df597ee7ecdced90
"P6-24",paintball/runs/P624_t2_A7h_26230469/ereq_47d28be5-9c77-45ed-bdac-358b179c63b2-policy_agent_10.zip,1356397,993b58a87ca4e8132a13eed1dae31ff4
"P6-24",paintball/runs/P624_t2_A7h_26230469/ereq_47d28be5-9c77-45ed-bdac-358b179c63b2-policy_agent_11.art.log,40947761,d61384cbec38706bb94c46d999f8b236
"P6-24",paintball/runs/P624_t2_A7h_26230469/ereq_47d28be5-9c77-45ed-bdac-358b179c63b2-policy_agent_11.zip,1376531,ac546eaad4efeb548b641d45af15b94c
"P6-24",paintball/runs/P624_t2_A7h_26335198/ereq_70a7a374-5c9f-4b6b-a837-a96c33a2dbb5-policy_agent_10.art.log,34333387,4614bcdedf6087df82151d9aa70738fc
"P6-24",paintball/runs/P624_t2_A7h_26335198/ereq_70a7a374-5c9f-4b6b-a837-a96c33a2dbb5-policy_agent_10.zip,1290783,67fd657997be8b58cd76188a06b49f03
"P6-24",paintball/runs/P624_t2_A7h_26335198/ereq_70a7a374-5c9f-4b6b-a837-a96c33a2dbb5-policy_agent_11.art.log,36996797,01d48ae26fa3e101aeea1e67f0cf4127
"P6-24",paintball/runs/P624_t2_A7h_26335198/ereq_70a7a374-5c9f-4b6b-a837-a96c33a2dbb5-policy_agent_11.zip,1407608,d40590bd68e5f801020bfa9c24325e07
"P6-24",paintball/runs/P624_t2_A7h_26439927/ereq_32abc080-537d-43b5-bb17-647c8b24b2c0-policy_agent_10.art.log,44221212,d8da1817f24002aa9cd716024ef72627
"P6-24",paintball/runs/P624_t2_A7h_26439927/ereq_32abc080-537d-43b5-bb17-647c8b24b2c0-policy_agent_10.zip,1599494,32f225975908d4585d8034587e69e7b1
"P6-24",paintball/runs/P624_t2_A7h_26439927/ereq_32abc080-537d-43b5-bb17-647c8b24b2c0-policy_agent_11.art.log,36972904,20175d27d3dcfe680723cf6642f595a9
"P6-24",paintball/runs/P624_t2_A7h_26439927/ereq_32abc080-537d-43b5-bb17-647c8b24b2c0-policy_agent_11.zip,1248298,505c88efc86e9d8c8362354c932003a9
"P6-25 (crudas del razonador, fuera de git por *.jsonl)",cantera/paper6/P6_25_crudas_bucle2.jsonl,165341,4f99e3233c9f5bf097cb60b21e980174
"P6-25 (crudas del razonador, fuera de git por *.jsonl)",cantera/paper6/P6_25_crudas_bucle3.jsonl,127939,e173d0eb31138c524cee198cb91074cf
"P6-25 (crudas del razonador, fuera de git por *.jsonl)",cantera/paper6/P6_25_crudas_humo.jsonl,5299,9f9aa658c560238520cc652db3f45f3e
"P6-25 (crudas del razonador, fuera de git por *.jsonl)",cantera/paper6/P6_25_crudas_pareja.jsonl,309666,8542d7df53ed3c80dfb267e0e711ffb9
"P6-25 (crudas del razonador, fuera de git por *.jsonl)",cantera/paper6/P6_25_crudas_primera.jsonl,788039,518f0f463ff461d21ce926984c006417
"P6-26",paintball/runs/P626_t1_A8_20260916/ereq_1fa2d316-896c-4a1f-b8d3-626f334910d5-policy_agent_10.art.log,43502629,afd55f7cb3ef2d5af881256bd0f19819
"P6-26",paintball/runs/P626_t1_A8_20260916/ereq_1fa2d316-896c-4a1f-b8d3-626f334910d5-policy_agent_10.zip,1451354,7393060ff8e3b99c6bb9146318289af5
"P6-26",paintball/runs/P626_t1_A8_20260916/ereq_1fa2d316-896c-4a1f-b8d3-626f334910d5-policy_agent_11.art.log,38347243,5438b33c4ef7aa55a68930fd1fa691ff
"P6-26",paintball/runs/P626_t1_A8_20260916/ereq_1fa2d316-896c-4a1f-b8d3-626f334910d5-policy_agent_11.zip,1186278,8c2b69422fcf87593e9599fd54c48b74
"P6-26",paintball/runs/P626_t1_A8_20365645/ereq_249d46ac-43ea-4846-8824-099cee2eb90d-policy_agent_10.art.log,36362605,d7f483f96b75fa8b0b7f4e9464c2dc85
"P6-26",paintball/runs/P626_t1_A8_20365645/ereq_249d46ac-43ea-4846-8824-099cee2eb90d-policy_agent_10.zip,1225740,5f627cf201507315e6b83a6c1eb36eca
"P6-26",paintball/runs/P626_t1_A8_20365645/ereq_249d46ac-43ea-4846-8824-099cee2eb90d-policy_agent_11.art.log,36721030,e399410275ae692472e3e12b4d599c2c
"P6-26",paintball/runs/P626_t1_A8_20365645/ereq_249d46ac-43ea-4846-8824-099cee2eb90d-policy_agent_11.zip,1263752,ba01e8e2a24f2a3365de0df858216de3
"P6-27",paintball/runs/P627_t0_A8_20260916/ereq_d3c35df8-f478-4132-89c9-c7d614cc686e-policy_agent_10.art.log,38485672,d68552f0844c6df2bf63b0ffcb57bb65
"P6-27",paintball/runs/P627_t0_A8_20260916/ereq_d3c35df8-f478-4132-89c9-c7d614cc686e-policy_agent_10.zip,1252706,863bb1582921197882c78b25c79a2d28
"P6-27",paintball/runs/P627_t0_A8_20260916/ereq_d3c35df8-f478-4132-89c9-c7d614cc686e-policy_agent_11.art.log,39321078,9f09c62324a85d649f08574995bc96cc
"P6-27",paintball/runs/P627_t0_A8_20260916/ereq_d3c35df8-f478-4132-89c9-c7d614cc686e-policy_agent_11.zip,1277310,2b44ffda7cd97da4c634edbda6621bfc
"P6-27",paintball/runs/P627_t0_A8_20365645/ereq_88a4e065-a8a5-44be-bf96-141f4cedf2a8-policy_agent_10.art.log,41373582,ef4704137b2e3636de6033fb58dfd4f2
"P6-27",paintball/runs/P627_t0_A8_20365645/ereq_88a4e065-a8a5-44be-bf96-141f4cedf2a8-policy_agent_10.zip,1225298,f3940ce8c44ddbaf913c2f9571347b18
"P6-27",paintball/runs/P627_t0_A8_20365645/ereq_88a4e065-a8a5-44be-bf96-141f4cedf2a8-policy_agent_11.art.log,32136862,a00b4bdc0c7ff9d8b7c8417a39f700c0
"P6-27",paintball/runs/P627_t0_A8_20365645/ereq_88a4e065-a8a5-44be-bf96-141f4cedf2a8-policy_agent_11.zip,899742,b141463362034df13778abecd9746f38
"P6-27",paintball/runs/P627_t1_A8_20260916/ereq_ce1bf8b8-7640-46b2-bdcb-ec7218346d2d-policy_agent_10.art.log,43726188,95869483c9b9018ca28269673bb30be4
"P6-27",paintball/runs/P627_t1_A8_20260916/ereq_ce1bf8b8-7640-46b2-bdcb-ec7218346d2d-policy_agent_10.zip,1380031,767210bf8015caad172cb7c6f8f633b3
"P6-27",paintball/runs/P627_t1_A8_20260916/ereq_ce1bf8b8-7640-46b2-bdcb-ec7218346d2d-policy_agent_11.art.log,43706011,31d2c1f34e6fb98925d73d0d268d060a
"P6-27",paintball/runs/P627_t1_A8_20260916/ereq_ce1bf8b8-7640-46b2-bdcb-ec7218346d2d-policy_agent_11.zip,1392055,12f391aa6307ebd77354678dfeeecf91
"P6-27",paintball/runs/P627_t1_A8_20365645/ereq_57cf7f04-31ad-4a3a-acfb-1be3aa05eaa7-policy_agent_10.art.log,42673390,15053531db2464afa0838c6865ad374e
"P6-27",paintball/runs/P627_t1_A8_20365645/ereq_57cf7f04-31ad-4a3a-acfb-1be3aa05eaa7-policy_agent_10.zip,1131655,08003d47d730416137c4f3d111060bca
"P6-27",paintball/runs/P627_t1_A8_20365645/ereq_57cf7f04-31ad-4a3a-acfb-1be3aa05eaa7-policy_agent_11.art.log,37640567,23fa5e5919339879efaef82c4523a146
"P6-27",paintball/runs/P627_t1_A8_20365645/ereq_57cf7f04-31ad-4a3a-acfb-1be3aa05eaa7-policy_agent_11.zip,1041452,9b5d849acfb9e5b036c078f29ce315b8
"P6-27",paintball/runs/P627_t1_A8_20470374/ereq_033df94e-4f57-4fe8-8fb5-45892e107560-policy_agent_10.art.log,31195762,dbb8d9f9618c698746a2a914221a79a3
"P6-27",paintball/runs/P627_t1_A8_20470374/ereq_033df94e-4f57-4fe8-8fb5-45892e107560-policy_agent_10.zip,1148252,a5cc3b72839ca9320fb5765adfcc5f04
"P6-27",paintball/runs/P627_t1_A8_20470374/ereq_033df94e-4f57-4fe8-8fb5-45892e107560-policy_agent_11.art.log,37126682,c6004d7dde26c8e70e4de128d7fd62b8
"P6-27",paintball/runs/P627_t1_A8_20470374/ereq_033df94e-4f57-4fe8-8fb5-45892e107560-policy_agent_11.zip,1280056,8da5a3ecf3b6fb9310096ef9dd109dd0
"P6-27",paintball/runs/P627_t1_A8_20575103/ereq_ee4c0012-baa1-4bce-80ee-9ed1386989b1-policy_agent_10.art.log,32112817,e95fea62dcc0803ea64dedeeacb0ab8a
"P6-27",paintball/runs/P627_t1_A8_20575103/ereq_ee4c0012-baa1-4bce-80ee-9ed1386989b1-policy_agent_10.zip,1075392,47f124926074b3e174de8cf5a32263e7
"P6-27",paintball/runs/P627_t1_A8_20575103/ereq_ee4c0012-baa1-4bce-80ee-9ed1386989b1-policy_agent_11.art.log,35155053,9ce2aa8c4b6b0ea4cf1020b63393d7fe
"P6-27",paintball/runs/P627_t1_A8_20575103/ereq_ee4c0012-baa1-4bce-80ee-9ed1386989b1-policy_agent_11.zip,1229237,b599d1d96eb53b01f2f8ffe27e617ca2
"P6-27",paintball/runs/P627_t1_A8_20679832/ereq_ba0ca499-6939-4518-8d30-945bf730f000-policy_agent_10.art.log,43036491,3e7abecd5a36b82e4e5fe8e17c20352d
"P6-27",paintball/runs/P627_t1_A8_20679832/ereq_ba0ca499-6939-4518-8d30-945bf730f000-policy_agent_10.zip,1593732,cd610f8622ad612dfce24ceb98a62fe5
"P6-27",paintball/runs/P627_t1_A8_20679832/ereq_ba0ca499-6939-4518-8d30-945bf730f000-policy_agent_11.art.log,42569203,1a4f458273723148cb740c2c0b979b5c
"P6-27",paintball/runs/P627_t1_A8_20679832/ereq_ba0ca499-6939-4518-8d30-945bf730f000-policy_agent_11.zip,1507814,1ace931c91523a47adc88ce0b9bf7d4f
"P6-27",paintball/runs/P627_t1_A8_20784561/ereq_e29080f9-6e95-48ec-bf64-b85ba2b67070-policy_agent_10.art.log,35633564,3bb9c18e98c41b10ce82bd2afda0ef51
"P6-27",paintball/runs/P627_t1_A8_20784561/ereq_e29080f9-6e95-48ec-bf64-b85ba2b67070-policy_agent_10.zip,1225767,297425833f1697676e1ee3d92aea078f
"P6-27",paintball/runs/P627_t1_A8_20784561/ereq_e29080f9-6e95-48ec-bf64-b85ba2b67070-policy_agent_11.art.log,35408055,7a40336a41b03bd84339cfb263a41a68
"P6-27",paintball/runs/P627_t1_A8_20784561/ereq_e29080f9-6e95-48ec-bf64-b85ba2b67070-policy_agent_11.zip,1229742,96c2c2337f195fbcb52640342f412066
"P6-27",paintball/runs/P627_t1_A8_20889290/ereq_ecea665f-564f-48a8-b20c-229e8a83b3dd-policy_agent_10.art.log,36676330,bd591dfc930b9a929173918b2f79ca00
"P6-27",paintball/runs/P627_t1_A8_20889290/ereq_ecea665f-564f-48a8-b20c-229e8a83b3dd-policy_agent_10.zip,1346255,5301726611b5221430ce4a9f3e160010
"P6-27",paintball/runs/P627_t1_A8_20889290/ereq_ecea665f-564f-48a8-b20c-229e8a83b3dd-policy_agent_11.art.log,36622007,8dcb533b4999268dfc840d2d796d1060
"P6-27",paintball/runs/P627_t1_A8_20889290/ereq_ecea665f-564f-48a8-b20c-229e8a83b3dd-policy_agent_11.zip,1299420,a964a88cd85562abc3c3a7dd1ecb7e7c
"P6-27",paintball/runs/P627_t1_A8_20994019/ereq_dbc0547d-d499-4c87-9fe1-84276a0f398e-policy_agent_10.art.log,32934906,922ae6968d12425fd82128ee87608939
"P6-27",paintball/runs/P627_t1_A8_20994019/ereq_dbc0547d-d499-4c87-9fe1-84276a0f398e-policy_agent_10.zip,1001747,2c1ffff81257e59a1e458bc9598c4d66
"P6-27",paintball/runs/P627_t1_A8_20994019/ereq_dbc0547d-d499-4c87-9fe1-84276a0f398e-policy_agent_11.art.log,36943310,e8489184176cb30933f3dd0bd177b0de
"P6-27",paintball/runs/P627_t1_A8_20994019/ereq_dbc0547d-d499-4c87-9fe1-84276a0f398e-policy_agent_11.zip,1089276,dc9de082fced67de1f3b92c58cccdc11
"P6-27",paintball/runs/P627_t1_A8_21098748/ereq_2b272e52-933e-43d6-bdb2-a7bb8d16e32d-policy_agent_10.art.log,35637246,10c36899c4748304f2a463faa3d7b2a2
"P6-27",paintball/runs/P627_t1_A8_21098748/ereq_2b272e52-933e-43d6-bdb2-a7bb8d16e32d-policy_agent_10.zip,1253415,34aa2737076e7cdb28cf9c48a9ffd552
"P6-27",paintball/runs/P627_t1_A8_21098748/ereq_2b272e52-933e-43d6-bdb2-a7bb8d16e32d-policy_agent_11.art.log,35042099,7ba210bb62333d2f3eefb130084d15db
"P6-27",paintball/runs/P627_t1_A8_21098748/ereq_2b272e52-933e-43d6-bdb2-a7bb8d16e32d-policy_agent_11.zip,1239314,58434b91c21e7423b775c0c31f0cb13a
"P6-27",paintball/runs/P627_t1_A8_21203477/ereq_acaaee5b-afe1-4d8f-9cfb-d51f44e4af34-policy_agent_10.art.log,41700435,e08881260b334872f83e89301947c095
"P6-27",paintball/runs/P627_t1_A8_21203477/ereq_acaaee5b-afe1-4d8f-9cfb-d51f44e4af34-policy_agent_10.zip,1490864,b594d7dd8f1a50d6180a49f7cb8b8f8a
"P6-27",paintball/runs/P627_t1_A8_21203477/ereq_acaaee5b-afe1-4d8f-9cfb-d51f44e4af34-policy_agent_11.art.log,30707583,21ebb29a6034ebefc905d1442803be5c
"P6-27",paintball/runs/P627_t1_A8_21203477/ereq_acaaee5b-afe1-4d8f-9cfb-d51f44e4af34-policy_agent_11.zip,1024377,ef0646bede1121978d509a17936b7780
"P6-27",paintball/runs/P627_t1_A8_21308206/ereq_9f1c304d-e2c8-4176-92e2-836ae99074eb-policy_agent_10.art.log,38367218,e748c56a20a9c8a7fc494ec6b6eaaee0
"P6-27",paintball/runs/P627_t1_A8_21308206/ereq_9f1c304d-e2c8-4176-92e2-836ae99074eb-policy_agent_10.zip,1355881,725fac6a299bb96d172c565c58c49a75
"P6-27",paintball/runs/P627_t1_A8_21308206/ereq_9f1c304d-e2c8-4176-92e2-836ae99074eb-policy_agent_11.art.log,39867194,4b862f0079bc67db5a54bdbd737d16e8
"P6-27",paintball/runs/P627_t1_A8_21308206/ereq_9f1c304d-e2c8-4176-92e2-836ae99074eb-policy_agent_11.zip,1336316,b69bac1c46f9572a02e842533e4effca
"P6-27",paintball/runs/P627_t1_A8_21412935/ereq_2e7346e0-5cff-436f-a2ca-2bce3445805e-policy_agent_10.art.log,44661359,b42cc4fccf1c757a0faa5723561bbd0d
"P6-27",paintball/runs/P627_t1_A8_21412935/ereq_2e7346e0-5cff-436f-a2ca-2bce3445805e-policy_agent_10.zip,1414794,ed6310e03fc081c4c7f8ddb9a71d16a4
"P6-27",paintball/runs/P627_t1_A8_21412935/ereq_2e7346e0-5cff-436f-a2ca-2bce3445805e-policy_agent_11.art.log,43456770,c13f6bacfd18927928d6e4871e00acea
"P6-27",paintball/runs/P627_t1_A8_21412935/ereq_2e7346e0-5cff-436f-a2ca-2bce3445805e-policy_agent_11.zip,1466560,ca4e3380dd896bca2d3421c65145e064
"P6-27",paintball/runs/P627_t1_A8_21517664/ereq_4d6cd273-4b38-4d05-a172-678053778e69-policy_agent_10.art.log,33940768,ebe3effdb873937cfcedb8962d00b977
"P6-27",paintball/runs/P627_t1_A8_21517664/ereq_4d6cd273-4b38-4d05-a172-678053778e69-policy_agent_10.zip,1271562,d4c9c78c3e3aff486579cb50f4f1625f
"P6-27",paintball/runs/P627_t1_A8_21622393/ereq_8e486fb2-98d3-412c-b3ed-f1a44893162b-policy_agent_10.art.log,36438705,da3c875b93cbc5c9706219c2e3add1ef
"P6-27",paintball/runs/P627_t1_A8_21622393/ereq_8e486fb2-98d3-412c-b3ed-f1a44893162b-policy_agent_10.zip,1346207,b95eccb71ae81ce3bf27195becb36278
"P6-27",paintball/runs/P627_t1_A8_21622393/ereq_8e486fb2-98d3-412c-b3ed-f1a44893162b-policy_agent_11.art.log,38577500,f44efd81fa3ef2683e8e53c42e77d2f9
"P6-27",paintball/runs/P627_t1_A8_21622393/ereq_8e486fb2-98d3-412c-b3ed-f1a44893162b-policy_agent_11.zip,1463707,3d3eb5c85c5a2cff93bae040707facb4
"P6-27",paintball/runs/P627_t1_A8_21727122/ereq_6d259707-fab4-420f-a129-cf7e3fc66bfa-policy_agent_10.art.log,37651938,bcd76a904abee0913302da76b9832322
"P6-27",paintball/runs/P627_t1_A8_21727122/ereq_6d259707-fab4-420f-a129-cf7e3fc66bfa-policy_agent_10.zip,1207904,9b399586718d2d9f9b87da3048acbbb1
"P6-27",paintball/runs/P627_t1_A8_21727122/ereq_6d259707-fab4-420f-a129-cf7e3fc66bfa-policy_agent_11.art.log,34016444,df141d1a9c760901b18039b8e19e4a86
"P6-27",paintball/runs/P627_t1_A8_21727122/ereq_6d259707-fab4-420f-a129-cf7e3fc66bfa-policy_agent_11.zip,1164602,36f78d708eceabb689d3338249dfb285
"P6-27",paintball/runs/P627_t1_A8_21831851/ereq_ed4927a9-ca35-40da-bd92-a5e5514c8f0a-policy_agent_10.art.log,42215796,5874cd3518598cce26d728d7bc45cf05
"P6-27",paintball/runs/P627_t1_A8_21831851/ereq_ed4927a9-ca35-40da-bd92-a5e5514c8f0a-policy_agent_10.zip,1391513,dd98044d664c61741c7662efa5c36d1d
"P6-27",paintball/runs/P627_t1_A8_21831851/ereq_ed4927a9-ca35-40da-bd92-a5e5514c8f0a-policy_agent_11.art.log,39313181,d2075c1eb8b47cb28d9c611cc30df3c9
"P6-27",paintball/runs/P627_t1_A8_21831851/ereq_ed4927a9-ca35-40da-bd92-a5e5514c8f0a-policy_agent_11.zip,1171293,b37590694e2df4b2610f0c3be36f587e
"P6-27",paintball/runs/P627_t1_A8_21936580/ereq_b879bef2-95b9-442c-82da-dab1fa051291-policy_agent_10.art.log,36746975,3bf80dcde995c116a178f35e131cca7d
"P6-27",paintball/runs/P627_t1_A8_21936580/ereq_b879bef2-95b9-442c-82da-dab1fa051291-policy_agent_10.zip,1085240,976023a1343df50d053c89babe6c0a6e
"P6-27",paintball/runs/P627_t1_A8_21936580/ereq_b879bef2-95b9-442c-82da-dab1fa051291-policy_agent_11.art.log,41675722,9f5e3b42ebb26351cce4cfda01f75198
"P6-27",paintball/runs/P627_t1_A8_21936580/ereq_b879bef2-95b9-442c-82da-dab1fa051291-policy_agent_11.zip,1327082,2d2c4ae246474321134e2d6ab0294d8a
"P6-27",paintball/runs/P627_t1_A8_22041309/ereq_a12f1d01-fba9-4be1-b062-efd3cca65e66-policy_agent_10.art.log,40944876,dd39f3fe63771d6f490c8db4cc85d376
"P6-27",paintball/runs/P627_t1_A8_22041309/ereq_a12f1d01-fba9-4be1-b062-efd3cca65e66-policy_agent_10.zip,1408672,c2b1c3341c0c7b640d5b8512ed9141be
"P6-27",paintball/runs/P627_t1_A8_22041309/ereq_a12f1d01-fba9-4be1-b062-efd3cca65e66-policy_agent_11.art.log,35593077,57c71d397b38368be09f13cdccb7070a
"P6-27",paintball/runs/P627_t1_A8_22041309/ereq_a12f1d01-fba9-4be1-b062-efd3cca65e66-policy_agent_11.zip,1242789,fa75a10fdf41651823b07ee9c4b090b2
"P6-27",paintball/runs/P627_t1_A8_22146038/ereq_e423d552-124d-4c68-a5f4-c82cd8beafa3-policy_agent_10.art.log,39901074,8aa356be3376ba7b71c4a703abab4a98
"P6-27",paintball/runs/P627_t1_A8_22146038/ereq_e423d552-124d-4c68-a5f4-c82cd8beafa3-policy_agent_10.zip,1515217,0d14b2e6537fb8eb963d87f701985411
"P6-27",paintball/runs/P627_t1_A8_22146038/ereq_e423d552-124d-4c68-a5f4-c82cd8beafa3-policy_agent_11.art.log,40605448,aaff341b8502b6bf333aa1d33fb329f5
"P6-27",paintball/runs/P627_t1_A8_22146038/ereq_e423d552-124d-4c68-a5f4-c82cd8beafa3-policy_agent_11.zip,1578590,6aebe8378764842512b1207f46e481f3
"P6-27",paintball/runs/P627_t1_A8_22250767/ereq_f2a056f6-d563-4393-bad8-ade2f50cefa4-policy_agent_10.art.log,48634511,05eb9e553048478c8902a6c3a3796de2
"P6-27",paintball/runs/P627_t1_A8_22250767/ereq_f2a056f6-d563-4393-bad8-ade2f50cefa4-policy_agent_10.zip,1594291,7b2e9f35d9beab83a72be99c880c8ce0
"P6-27",paintball/runs/P627_t1_A8_22250767/ereq_f2a056f6-d563-4393-bad8-ade2f50cefa4-policy_agent_11.art.log,44560756,da6aa79d2b0068fc64b379b65caa4c0c
"P6-27",paintball/runs/P627_t1_A8_22250767/ereq_f2a056f6-d563-4393-bad8-ade2f50cefa4-policy_agent_11.zip,1489289,de90142ecbb0e47fb8aced4724474731
"P6-27",paintball/runs/P627_t2_A8_24450076/ereq_d36280a1-b959-4de4-9f8a-3c52dfc882a0-policy_agent_11.art.log,37861496,2eaa3028b8baca7dddafd9787ab0b3e0
"P6-27",paintball/runs/P627_t2_A8_24450076/ereq_d36280a1-b959-4de4-9f8a-3c52dfc882a0-policy_agent_11.zip,1427274,34457747aa77726fe1d13c11d92be977
"P6-27",paintball/runs/P627_t2_A8_24554805/ereq_1f4411f3-86d4-41ac-a949-28a79c37b02d-policy_agent_10.art.log,34307868,a97c5c6a8a413db1ff17604f556b47c3
"P6-27",paintball/runs/P627_t2_A8_24554805/ereq_1f4411f3-86d4-41ac-a949-28a79c37b02d-policy_agent_10.zip,1270083,a30b63960afcab91af53593c6fc6ae71
"P6-27",paintball/runs/P627_t2_A8_24554805/ereq_1f4411f3-86d4-41ac-a949-28a79c37b02d-policy_agent_11.art.log,35262047,4140b337ba7d5bab714f1f1fad775bec
"P6-27",paintball/runs/P627_t2_A8_24554805/ereq_1f4411f3-86d4-41ac-a949-28a79c37b02d-policy_agent_11.zip,1240105,862714f922d80bf5b98c0e8b40035801
"P6-27",paintball/runs/P627_t2_A8_24659534/ereq_e766acca-da88-4b41-8dbd-1fc38e07ae4b-policy_agent_10.art.log,2269649,c43e3eab1a597f617a302ebfa415bbaf
"P6-27",paintball/runs/P627_t2_A8_24659534/ereq_e766acca-da88-4b41-8dbd-1fc38e07ae4b-policy_agent_10.zip,80831,3f5e52a57cc3abfc477db9f53b1c798c
"P6-27",paintball/runs/P627_t2_A8_24659534/ereq_e766acca-da88-4b41-8dbd-1fc38e07ae4b-policy_agent_11.art.log,3510285,52e695387747a95f73fa7444ff93710e
"P6-27",paintball/runs/P627_t2_A8_24659534/ereq_e766acca-da88-4b41-8dbd-1fc38e07ae4b-policy_agent_11.zip,146251,5f6edf41ed55570ce325bb07ee0b5e41
"P6-27",paintball/runs/P627_t2_A8_24764263/ereq_8737426e-a65d-456b-a689-03911a101676-policy_agent_10.art.log,39453497,8e59f00304db7cb6c73016f1fbb1a7a8
"P6-27",paintball/runs/P627_t2_A8_24764263/ereq_8737426e-a65d-456b-a689-03911a101676-policy_agent_10.zip,1591411,d60e495d024d5ddbbe6d07c66b1f20cf
"P6-27",paintball/runs/P627_t2_A8_24764263/ereq_8737426e-a65d-456b-a689-03911a101676-policy_agent_11.art.log,28090614,d78f8ca4aa094d6f0a136970f5dee134
"P6-27",paintball/runs/P627_t2_A8_24764263/ereq_8737426e-a65d-456b-a689-03911a101676-policy_agent_11.zip,1039287,02dffd7c9cd490af26d321712602ebca
"P6-27",paintball/runs/P627_t2_A8_24868992/ereq_b687ef82-02bc-40b9-8a90-b64ac4626d15-policy_agent_10.art.log,41849616,4d4bb9a024f5a6ec6ac47492dbdb1740
"P6-27",paintball/runs/P627_t2_A8_24868992/ereq_b687ef82-02bc-40b9-8a90-b64ac4626d15-policy_agent_10.zip,1390434,f07d5bade83bacbdb3f9fc9aefd5dd6c
"P6-27",paintball/runs/P627_t2_A8_24868992/ereq_b687ef82-02bc-40b9-8a90-b64ac4626d15-policy_agent_11.art.log,43304917,57eb245dca927ba85f733120b2d14246
"P6-27",paintball/runs/P627_t2_A8_24868992/ereq_b687ef82-02bc-40b9-8a90-b64ac4626d15-policy_agent_11.zip,1474159,4be91b33ce0c53ffc8787024b21f9286
"P6-27",paintball/runs/P627_t2_A8_24973721/ereq_de111bdd-ea65-434e-aaa4-e9268c771cf6-policy_agent_10.art.log,37418414,92837e950a8e5a3c00e65dac560e97bb
"P6-27",paintball/runs/P627_t2_A8_24973721/ereq_de111bdd-ea65-434e-aaa4-e9268c771cf6-policy_agent_10.zip,1494242,d39aa37fb5e5bd06ca2449435bd66bc2
"P6-27",paintball/runs/P627_t2_A8_24973721/ereq_de111bdd-ea65-434e-aaa4-e9268c771cf6-policy_agent_11.art.log,27216726,78eb048963172284d2353325fc30f1c0
"P6-27",paintball/runs/P627_t2_A8_24973721/ereq_de111bdd-ea65-434e-aaa4-e9268c771cf6-policy_agent_11.zip,1035961,126ef3eae6b42615e1011d7c2e890d3c
"P6-27",paintball/runs/P627_t2_A8_25078450/ereq_2be8c90f-9486-4ada-a1e9-df090b3d9976-policy_agent_10.art.log,32002225,93ef6de4dd27aeab006021c9bdca6369
"P6-27",paintball/runs/P627_t2_A8_25078450/ereq_2be8c90f-9486-4ada-a1e9-df090b3d9976-policy_agent_10.zip,1191267,7f87f4e4222224d31b0ce9f70cc8d508
"P6-27",paintball/runs/P627_t2_A8_25078450/ereq_2be8c90f-9486-4ada-a1e9-df090b3d9976-policy_agent_11.art.log,30903593,b6d85913b91bb53d719566b22fdade05
"P6-27",paintball/runs/P627_t2_A8_25078450/ereq_2be8c90f-9486-4ada-a1e9-df090b3d9976-policy_agent_11.zip,1224669,432602b4ab8d58dd6dd0e0dce6b00566
"P6-27",paintball/runs/P627_t2_A8_25183179/ereq_075303e7-e560-4b28-8e4c-d852351166ce-policy_agent_10.art.log,34604834,81d436865320a1da4f4950d8ffda2812
"P6-27",paintball/runs/P627_t2_A8_25183179/ereq_075303e7-e560-4b28-8e4c-d852351166ce-policy_agent_10.zip,1360549,f8f6a5be1c8e0c4c063bdd5dd2a0ed8f
"P6-27",paintball/runs/P627_t2_A8_25183179/ereq_075303e7-e560-4b28-8e4c-d852351166ce-policy_agent_11.art.log,37951785,7af177f5f21871bd0f01bd02674cb938
"P6-27",paintball/runs/P627_t2_A8_25183179/ereq_075303e7-e560-4b28-8e4c-d852351166ce-policy_agent_11.zip,1306889,95ed731895f7f4f253fcb651ddc90037
"P6-27",paintball/runs/P627_t2_A8_25287908/ereq_bea0081e-254b-4ae2-98f4-9ef9ca989b55-policy_agent_10.art.log,6937807,03ec0df692ffa364738e1fda0d726082
"P6-27",paintball/runs/P627_t2_A8_25287908/ereq_bea0081e-254b-4ae2-98f4-9ef9ca989b55-policy_agent_10.zip,250267,52c48e36182ad2b7f3e122588e242eba
"P6-27",paintball/runs/P627_t2_A8_25287908/ereq_bea0081e-254b-4ae2-98f4-9ef9ca989b55-policy_agent_11.art.log,6011378,422e8955e91b03988fe0e06b1e85f3ee
"P6-27",paintball/runs/P627_t2_A8_25287908/ereq_bea0081e-254b-4ae2-98f4-9ef9ca989b55-policy_agent_11.zip,198465,a7bee315a0e97c8f75eb9bd15f7bfc4c
"P6-27",paintball/runs/P627_t2_A8_25392637/ereq_5b32d4ca-236b-4bcb-be53-18eb08c9978d-policy_agent_10.art.log,42973899,b38711f0b975d803c3e9810ba9e6e6c8
"P6-27",paintball/runs/P627_t2_A8_25392637/ereq_5b32d4ca-236b-4bcb-be53-18eb08c9978d-policy_agent_10.zip,1413263,244813ddd9dc02861d85f5303e97f6a5
"P6-27",paintball/runs/P627_t2_A8_25392637/ereq_5b32d4ca-236b-4bcb-be53-18eb08c9978d-policy_agent_11.art.log,42793266,47fd4627341672d2d7b68db41e273e56
"P6-27",paintball/runs/P627_t2_A8_25392637/ereq_5b32d4ca-236b-4bcb-be53-18eb08c9978d-policy_agent_11.zip,1482324,129fafa73644d438bf9b30c6b124f99c
"P6-27",paintball/runs/P627_t2_A8_25497366/ereq_cc75a5a9-154c-44f3-a649-73e2ea7d16cf-policy_agent_10.art.log,32350542,55f98adf71bc57448f6206f9232120de
"P6-27",paintball/runs/P627_t2_A8_25497366/ereq_cc75a5a9-154c-44f3-a649-73e2ea7d16cf-policy_agent_10.zip,1228742,2ffe46a481a7c9f99e4d96cfc836b1d6
"P6-27",paintball/runs/P627_t2_A8_25497366/ereq_cc75a5a9-154c-44f3-a649-73e2ea7d16cf-policy_agent_11.art.log,33080118,7b77ed4b29370ea9198ff0283a381271
"P6-27",paintball/runs/P627_t2_A8_25497366/ereq_cc75a5a9-154c-44f3-a649-73e2ea7d16cf-policy_agent_11.zip,1294065,468bf54ea267ffb36de37ca8f07d23be
"P6-27",paintball/runs/P627_t2_A8_25602095/ereq_6de567d7-f6a6-429d-b51f-badd57b873ef-policy_agent_10.art.log,42935605,c8b9e9ef68c2568afc672919c85fbbb8
"P6-27",paintball/runs/P627_t2_A8_25602095/ereq_6de567d7-f6a6-429d-b51f-badd57b873ef-policy_agent_10.zip,1373700,cfadaf0422e77d8089b4103b4f13351c
"P6-27",paintball/runs/P627_t2_A8_25602095/ereq_6de567d7-f6a6-429d-b51f-badd57b873ef-policy_agent_11.art.log,43144439,198ce896906beaaccf479be3d98b61d8
"P6-27",paintball/runs/P627_t2_A8_25602095/ereq_6de567d7-f6a6-429d-b51f-badd57b873ef-policy_agent_11.zip,1397154,cc5dc972970581403ad49744357c3dc9
"P6-27",paintball/runs/P627_t2_A8_25706824/ereq_bf9ad41b-2102-4ddf-83f5-7412333f0d9c-policy_agent_10.art.log,40790064,7d60b3240d3122d0e9ea22600b5b787f
"P6-27",paintball/runs/P627_t2_A8_25706824/ereq_bf9ad41b-2102-4ddf-83f5-7412333f0d9c-policy_agent_10.zip,1471586,ae0799659d04b5de9d6500437e9228e6
"P6-27",paintball/runs/P627_t2_A8_25706824/ereq_bf9ad41b-2102-4ddf-83f5-7412333f0d9c-policy_agent_11.art.log,42003981,d4b787fde3e13b705a0db17e634ee501
"P6-27",paintball/runs/P627_t2_A8_25706824/ereq_bf9ad41b-2102-4ddf-83f5-7412333f0d9c-policy_agent_11.zip,1517508,f7e6ac27e3ee6a7ad92aa492a8720cac
"P6-27",paintball/runs/P627_t2_A8_25811553/ereq_a5d80eac-1c04-4de9-a447-8734b0edfad1-policy_agent_10.art.log,38959927,f913e6df4f919c46e3f21d755d68a495
"P6-27",paintball/runs/P627_t2_A8_25811553/ereq_a5d80eac-1c04-4de9-a447-8734b0edfad1-policy_agent_10.zip,1560489,28cfa5eb27ea6d47a7b4b06f5168ec4b
"P6-27",paintball/runs/P627_t2_A8_25811553/ereq_a5d80eac-1c04-4de9-a447-8734b0edfad1-policy_agent_11.art.log,38550551,d11916a31fc2ebf1057839b3af685185
"P6-27",paintball/runs/P627_t2_A8_25811553/ereq_a5d80eac-1c04-4de9-a447-8734b0edfad1-policy_agent_11.zip,1310794,89d9e033a3d4c7ba40010b1c3a122504
"P6-27",paintball/runs/P627_t2_A8_25916282/ereq_ad23adb9-f2a3-4926-a9e8-7184710ffebd-policy_agent_10.art.log,34103673,303ed2beca93b5735d1e6b8dcf6bdfdc
"P6-27",paintball/runs/P627_t2_A8_25916282/ereq_ad23adb9-f2a3-4926-a9e8-7184710ffebd-policy_agent_10.zip,1309538,fec023b745d407239211e48b97c93dc9
"P6-27",paintball/runs/P627_t2_A8_25916282/ereq_ad23adb9-f2a3-4926-a9e8-7184710ffebd-policy_agent_11.art.log,41618017,539b6589b454b511d1a38eb141603c38
"P6-27",paintball/runs/P627_t2_A8_25916282/ereq_ad23adb9-f2a3-4926-a9e8-7184710ffebd-policy_agent_11.zip,1667174,5ef83776b42788e66315b771989a9e37
"P6-27",paintball/runs/P627_t2_A8_26021011/ereq_898b5168-89d9-4e62-8493-f9ebef238878-policy_agent_10.art.log,23838027,2c49ac9e8de9dc4fd5ccc30ced7e5055
"P6-27",paintball/runs/P627_t2_A8_26021011/ereq_898b5168-89d9-4e62-8493-f9ebef238878-policy_agent_10.zip,869106,3cda2552eb13b7ee95ba7598fcaefa59
"P6-27",paintball/runs/P627_t2_A8_26021011/ereq_898b5168-89d9-4e62-8493-f9ebef238878-policy_agent_11.art.log,37100333,8c15460b1ab52b4c298b259d0f46b175
"P6-27",paintball/runs/P627_t2_A8_26021011/ereq_898b5168-89d9-4e62-8493-f9ebef238878-policy_agent_11.zip,1383913,060fb1ac54465b551bb9a80e0e89aad1
"P6-27",paintball/runs/P627_t2_A8_26125740/ereq_84f322a4-c3f1-4c92-b815-53beafa47931-policy_agent_10.art.log,40067979,3876a21dc80bd529b28a9e82c544ba06
"P6-27",paintball/runs/P627_t2_A8_26125740/ereq_84f322a4-c3f1-4c92-b815-53beafa47931-policy_agent_10.zip,1465192,3e2218c4f6ff7249f2631066b53321aa
"P6-27",paintball/runs/P627_t2_A8_26125740/ereq_84f322a4-c3f1-4c92-b815-53beafa47931-policy_agent_11.art.log,32191640,8992e94bc1af96e5331b2ba320802361
"P6-27",paintball/runs/P627_t2_A8_26125740/ereq_84f322a4-c3f1-4c92-b815-53beafa47931-policy_agent_11.zip,1086047,0027551899c36e34668f42bc999d4571
"P6-27",paintball/runs/P627_t2_A8_26230469/ereq_72fb4a30-bc13-4d37-bd9d-f36f51cb437f-policy_agent_10.art.log,35727342,823355a5e930fee614a1cf02fabd0705
"P6-27",paintball/runs/P627_t2_A8_26230469/ereq_72fb4a30-bc13-4d37-bd9d-f36f51cb437f-policy_agent_10.zip,1315454,e319567d8fd436e55ab6a85cb2f53af8
"P6-27",paintball/runs/P627_t2_A8_26230469/ereq_72fb4a30-bc13-4d37-bd9d-f36f51cb437f-policy_agent_11.art.log,37452647,fb542ee102704752ddefac0b6b718bb6
"P6-27",paintball/runs/P627_t2_A8_26230469/ereq_72fb4a30-bc13-4d37-bd9d-f36f51cb437f-policy_agent_11.zip,1370969,c5f1143b19d0fbd2c2c41da96ed6cd49
"P6-27",paintball/runs/P627_t2_A8_26335198/ereq_7e9b5cdf-36b7-4745-8250-c03a5d63004f-policy_agent_10.art.log,41687448,fefcf1e961c93f6af8b80da0958abe52
"P6-27",paintball/runs/P627_t2_A8_26335198/ereq_7e9b5cdf-36b7-4745-8250-c03a5d63004f-policy_agent_10.zip,1574357,849cf5830b558f6e88949b4af4c656e5
"P6-27",paintball/runs/P627_t2_A8_26335198/ereq_7e9b5cdf-36b7-4745-8250-c03a5d63004f-policy_agent_11.art.log,40515397,a5785c7ec0c0b7c5d28a4561c8a96992
"P6-27",paintball/runs/P627_t2_A8_26335198/ereq_7e9b5cdf-36b7-4745-8250-c03a5d63004f-policy_agent_11.zip,1532775,cad749891c23de69cf63d3497054c050
"P6-27",paintball/runs/P627_t2_A8_26439927/ereq_6d0e1156-458d-4620-ba80-523bd27a5e80-policy_agent_10.art.log,46515692,b3940f62abad8a6cd733af00f3549814
"P6-27",paintball/runs/P627_t2_A8_26439927/ereq_6d0e1156-458d-4620-ba80-523bd27a5e80-policy_agent_10.zip,1589009,7f9b355853d1d153a61b6a9527415f6d
"P6-27",paintball/runs/P627_t2_A8_26439927/ereq_6d0e1156-458d-4620-ba80-523bd27a5e80-policy_agent_11.art.log,45026322,b315310a53bb9e6feeba1cc8de110ca9
"P6-27",paintball/runs/P627_t2_A8_26439927/ereq_6d0e1156-458d-4620-ba80-523bd27a5e80-policy_agent_11.zip,1521287,f4540020f7397e3427030d82b7643a3b
"P6-28 (crudas del banco, fuera de git por *.jsonl)",cantera/paper6/P6_28_crudas_adelanto.jsonl,398006,07941dde7ace6ef4dd1e1e69ab806442
