file,bytes,md5
paintball/runs/P56B_A/ereq_b8d4dfb8-fc62-45a6-a69d-ba31974f870e-policy_agent_10.art.log,20329093,0adf256e42468232aeb21e621924ccd3
paintball/runs/P56B_A/ereq_b8d4dfb8-fc62-45a6-a69d-ba31974f870e-policy_agent_10.zip,544129,5d507dec4a05f5b25a4a1da8f752f649
paintball/runs/P56B_A/ereq_b8d4dfb8-fc62-45a6-a69d-ba31974f870e-policy_agent_11.art.log,20257094,9407a045902f9ea1202f98d6eb79e37d
paintball/runs/P56B_A/ereq_b8d4dfb8-fc62-45a6-a69d-ba31974f870e-policy_agent_11.zip,621922,cb647c56751cfcea3220a584a85015ba
paintball/runs/P56B_C0F/ereq_6b59336b-a092-48b6-937a-f9442d989fce-policy_agent_10.art.log,21477309,a9147c104c541dec7c0cbcfd1f66539d
paintball/runs/P56B_C0F/ereq_6b59336b-a092-48b6-937a-f9442d989fce-policy_agent_10.zip,569879,c6433e425bb1b05da11fec95774730cd
paintball/runs/P56B_C0F/ereq_6b59336b-a092-48b6-937a-f9442d989fce-policy_agent_11.art.log,20070147,c808611b80e8c32c1c9cbde7ce7e0bad
paintball/runs/P56B_C0F/ereq_6b59336b-a092-48b6-937a-f9442d989fce-policy_agent_11.zip,581997,77c1eaaca6baaf43be3d1e72922f9f95
paintball/runs/P56B_F/ereq_44701a5c-04bb-46c9-84b7-8ec765351961-policy_agent_10.art.log,22792769,5f4d58ad54435a6086d5905701d8a962
paintball/runs/P56B_F/ereq_44701a5c-04bb-46c9-84b7-8ec765351961-policy_agent_10.zip,697171,8059300edd99f1d8e98dbe73fde2928c
paintball/runs/P56B_F/ereq_44701a5c-04bb-46c9-84b7-8ec765351961-policy_agent_11.art.log,19452843,95b3b055e2afdb44a8e6dc071ee52777
paintball/runs/P56B_F/ereq_44701a5c-04bb-46c9-84b7-8ec765351961-policy_agent_11.zip,633709,28f0c3cce499362e5cd9cc4dbcd466cb
paintball/runs/P56B_F2/ereq_2b9ab230-c5aa-4e1f-a466-b36f050aa3f1-policy_agent_10.art.log,19098481,c03773f8ccca30d382309f162adf48a4
paintball/runs/P56B_F2/ereq_2b9ab230-c5aa-4e1f-a466-b36f050aa3f1-policy_agent_10.zip,647661,c59db2cc22f9e2eb9de90719ca73948d
paintball/runs/P56B_F2/ereq_2b9ab230-c5aa-4e1f-a466-b36f050aa3f1-policy_agent_11.art.log,24631253,4012b1c13ae2eea9cd3e244a75317f1f
paintball/runs/P56B_F2/ereq_2b9ab230-c5aa-4e1f-a466-b36f050aa3f1-policy_agent_11.zip,646482,cd7c9aad888f45141ccc70040eef00ea
paintball/runs/P56B_T/ereq_8fa7ba6c-81a6-4a0d-8d54-fb82ce38851c-policy_agent_10.art.log,19338923,9e6ff045bb8eaf224a1c2f854f8116c7
paintball/runs/P56B_T/ereq_8fa7ba6c-81a6-4a0d-8d54-fb82ce38851c-policy_agent_10.zip,539538,6de4c7e44b7528e553d1089190660dca
paintball/runs/P56B_T/ereq_8fa7ba6c-81a6-4a0d-8d54-fb82ce38851c-policy_agent_11.art.log,19462092,e41e31f1d380a6b0c5148c8fe29ede8f
paintball/runs/P56B_T/ereq_8fa7ba6c-81a6-4a0d-8d54-fb82ce38851c-policy_agent_11.zip,544546,cf9590510a592ed503e8de93ab06049e
paintball/runs/P56C_t1_A_20260916/ereq_00684503-3704-4cff-8004-fb62142987f8-policy_agent_10.art.log,21866639,250d7c77ce9244fb1f9a349e11a0ab71
paintball/runs/P56C_t1_A_20260916/ereq_00684503-3704-4cff-8004-fb62142987f8-policy_agent_10.zip,546230,633b803e81572e10e1ea417eb9d81a91
paintball/runs/P56C_t1_A_20260916/ereq_00684503-3704-4cff-8004-fb62142987f8-policy_agent_11.art.log,22232466,958e98d8e39e49630fd72ec3c1410b2f
paintball/runs/P56C_t1_A_20260916/ereq_00684503-3704-4cff-8004-fb62142987f8-policy_agent_11.zip,615611,9bde225a1d98a492fcddbb38f46ad7bb
paintball/runs/P56C_t1_A_20365645/ereq_8afd83d3-1f29-4c08-87cd-4508457ea4a9-policy_agent_10.art.log,36251072,b7826d1e3422fe35dcd6c77b9ef57126
paintball/runs/P56C_t1_A_20365645/ereq_8afd83d3-1f29-4c08-87cd-4508457ea4a9-policy_agent_10.zip,1022833,89daf07f6f31b186147791a4e0531bc2
paintball/runs/P56C_t1_A_20365645/ereq_8afd83d3-1f29-4c08-87cd-4508457ea4a9-policy_agent_11.art.log,29851391,ce2e922ec561c8a356a6e8b1fa9c717e
paintball/runs/P56C_t1_A_20365645/ereq_8afd83d3-1f29-4c08-87cd-4508457ea4a9-policy_agent_11.zip,811049,f4032a908977b0da2018292999971321
paintball/runs/P56C_t1_A_20470374/ereq_58044680-a95a-43fb-87e4-78137b43991f-policy_agent_10.art.log,21687783,022a2e34d9539fca2dd446fe6fadc639
paintball/runs/P56C_t1_A_20470374/ereq_58044680-a95a-43fb-87e4-78137b43991f-policy_agent_10.zip,522591,8b1117f61836dd20e5e73346c6e2dc8e
paintball/runs/P56C_t1_A_20470374/ereq_58044680-a95a-43fb-87e4-78137b43991f-policy_agent_11.art.log,25031941,f69311d273078d4f69ddcad1df4d78ef
paintball/runs/P56C_t1_A_20470374/ereq_58044680-a95a-43fb-87e4-78137b43991f-policy_agent_11.zip,746632,54d59b7f9670466ebac5ddae68e24520
paintball/runs/P56C_t1_A_20575103/ereq_5531746a-41b4-4adf-b71e-6934198ae566-policy_agent_10.art.log,1536729,7ecd79ef18ed537d96a0cc90957454ed
paintball/runs/P56C_t1_A_20575103/ereq_5531746a-41b4-4adf-b71e-6934198ae566-policy_agent_10.zip,48959,3a2c3fb888f92a6ed0bf06a6a09bc12a
paintball/runs/P56C_t1_A_20575103/ereq_5531746a-41b4-4adf-b71e-6934198ae566-policy_agent_11.art.log,13455559,9f62ccd6654f04019b6b217fa19d46f1
paintball/runs/P56C_t1_A_20575103/ereq_5531746a-41b4-4adf-b71e-6934198ae566-policy_agent_11.zip,527984,62ea0bbcf9a23f0efee6b7757c408cfc
paintball/runs/P56C_t1_F_20260916/ereq_ca8196d1-f7c0-483c-8df4-c0e01c0c4b7f-policy_agent_10.art.log,19394208,41e6df05410f3c1d9bd576f5d967af28
paintball/runs/P56C_t1_F_20260916/ereq_ca8196d1-f7c0-483c-8df4-c0e01c0c4b7f-policy_agent_10.zip,655641,1ffb8b98ee9c9efc85033aefb8038080
paintball/runs/P56C_t1_F_20260916/ereq_ca8196d1-f7c0-483c-8df4-c0e01c0c4b7f-policy_agent_11.art.log,20794513,82a6bd1e052c61e49ffce3035896dee8
paintball/runs/P56C_t1_F_20260916/ereq_ca8196d1-f7c0-483c-8df4-c0e01c0c4b7f-policy_agent_11.zip,659834,0f5e0b0db4bcf5f897c581a6d368647a
paintball/runs/P56C_t1_F_20365645/ereq_0d76a0a2-220b-411c-83f6-45a0d9785a09-policy_agent_10.art.log,22503922,9cd0ef7fc3fc9bd88ccd63eef3a0c3ee
paintball/runs/P56C_t1_F_20365645/ereq_0d76a0a2-220b-411c-83f6-45a0d9785a09-policy_agent_10.zip,1037536,91cc0e04462aabf8b6dc58181cd5be89
paintball/runs/P56C_t1_F_20365645/ereq_0d76a0a2-220b-411c-83f6-45a0d9785a09-policy_agent_11.art.log,4527419,503d972f1379013935dc5a44b26ebf51
paintball/runs/P56C_t1_F_20365645/ereq_0d76a0a2-220b-411c-83f6-45a0d9785a09-policy_agent_11.zip,139280,048ee96dbcdd4c287ddf017017a7a6dd
paintball/runs/P56C_t1_F_20470374/ereq_b0fd982e-99c8-4508-b52f-aa1f5c3454c6-policy_agent_10.art.log,17612834,1411128f5adce8c915938317537477a3
paintball/runs/P56C_t1_F_20470374/ereq_b0fd982e-99c8-4508-b52f-aa1f5c3454c6-policy_agent_10.zip,624744,0911e9c18940197bd765a00ca412e6cd
paintball/runs/P56C_t1_F_20470374/ereq_b0fd982e-99c8-4508-b52f-aa1f5c3454c6-policy_agent_11.art.log,20763501,1abe65e6bcbcbc75c90c10d5253cde92
paintball/runs/P56C_t1_F_20470374/ereq_b0fd982e-99c8-4508-b52f-aa1f5c3454c6-policy_agent_11.zip,478876,40b3bbfe7d294923d4ff819fcade8605
paintball/runs/P56C_t1_F_20575103/ereq_b3321920-9ca3-4b5e-a055-e3d2869c38cb-policy_agent_10.art.log,5750725,8c3dfb9afe5ee46f3a3d25997150bd74
paintball/runs/P56C_t1_F_20575103/ereq_b3321920-9ca3-4b5e-a055-e3d2869c38cb-policy_agent_10.zip,238427,642cd80c1e2f51dc03ae1f2c65f94296
paintball/runs/P56C_t1_F_20575103/ereq_b3321920-9ca3-4b5e-a055-e3d2869c38cb-policy_agent_11.art.log,2052444,544782744b49803e21d2c03ab0ae1da5
paintball/runs/P56C_t1_F_20575103/ereq_b3321920-9ca3-4b5e-a055-e3d2869c38cb-policy_agent_11.zip,69334,8b9b9264abd7735e56aeb8e0cc09e74c
paintball/runs/P56C_t1_T_20260916/ereq_ea2934c5-18a0-49f4-bdfd-3ec6f132e793-policy_agent_10.art.log,22759847,af123a07296cb288a59c2876d893feb4
paintball/runs/P56C_t1_T_20260916/ereq_ea2934c5-18a0-49f4-bdfd-3ec6f132e793-policy_agent_10.zip,645320,639918d17aa174f8cebbbfcb6d37c8df
paintball/runs/P56C_t1_T_20260916/ereq_ea2934c5-18a0-49f4-bdfd-3ec6f132e793-policy_agent_11.art.log,23826201,a2da09eeaf900f704cfedc32743519c6
paintball/runs/P56C_t1_T_20260916/ereq_ea2934c5-18a0-49f4-bdfd-3ec6f132e793-policy_agent_11.zip,763560,5eb46ee39e278b137c66ad4d04ac97a6
paintball/runs/P56C_t1_T_20365645/ereq_3ee793a2-4d0a-4d6c-bc39-a7f4368b4e0a-policy_agent_10.art.log,31492804,8c500efd718b9ab44ed1c89418b0cae0
paintball/runs/P56C_t1_T_20365645/ereq_3ee793a2-4d0a-4d6c-bc39-a7f4368b4e0a-policy_agent_10.zip,775895,5ca5babac4b9d0e609d819c24f0237d5
paintball/runs/P56C_t1_T_20365645/ereq_3ee793a2-4d0a-4d6c-bc39-a7f4368b4e0a-policy_agent_11.art.log,27982647,52f23f0a3b6c67a1c96d8d058ec89c6b
paintball/runs/P56C_t1_T_20365645/ereq_3ee793a2-4d0a-4d6c-bc39-a7f4368b4e0a-policy_agent_11.zip,842537,6041b0a8203e74e2cfe44d1c76ddf616
paintball/runs/P56C_t1_T_20470374/ereq_54713ee7-7a43-4fc8-a908-12d500b3b5f4-policy_agent_10.art.log,28222590,23886198db6b549f825741ef13987ba5
paintball/runs/P56C_t1_T_20470374/ereq_54713ee7-7a43-4fc8-a908-12d500b3b5f4-policy_agent_10.zip,1040554,bd9545f2d971a5c909f334638ef7d6cb
paintball/runs/P56C_t1_T_20470374/ereq_54713ee7-7a43-4fc8-a908-12d500b3b5f4-policy_agent_11.art.log,20308889,66c3caa6b17ddd1d5d0837f3786df782
paintball/runs/P56C_t1_T_20470374/ereq_54713ee7-7a43-4fc8-a908-12d500b3b5f4-policy_agent_11.zip,410446,ab3e307f6ec571899a586f77059f29c9
paintball/runs/P56C_t1_T_20575103/ereq_e7d2b66f-2c75-4463-a622-a472b725a765-policy_agent_10.art.log,5379712,63c7b6b93f4532ef0468809b08926fce
paintball/runs/P56C_t1_T_20575103/ereq_e7d2b66f-2c75-4463-a622-a472b725a765-policy_agent_10.zip,228120,8b38e3d3485b87b02e814e60df1c9074
paintball/runs/P56C_t1_T_20575103/ereq_e7d2b66f-2c75-4463-a622-a472b725a765-policy_agent_11.art.log,1445552,c2e6e8d74099af4577ac43673543bc20
paintball/runs/P56C_t1_T_20575103/ereq_e7d2b66f-2c75-4463-a622-a472b725a765-policy_agent_11.zip,50114,79fd4d681a51a6b68e0445d6f3f5c10f
paintball/runs/P56C_t2_A_20679832/ereq_2845de9f-3ab4-4e7e-80e7-327e1df1fe04-policy_agent_10.art.log,32848143,1805fa3b6a1753b1357f4d554d68c299
paintball/runs/P56C_t2_A_20679832/ereq_2845de9f-3ab4-4e7e-80e7-327e1df1fe04-policy_agent_10.zip,983613,3909c699edfd85dd5dc45e86ac029fea
paintball/runs/P56C_t2_A_20679832/ereq_2845de9f-3ab4-4e7e-80e7-327e1df1fe04-policy_agent_11.art.log,32605332,9cd6068fc3c4d2ef087a7a90c623c128
paintball/runs/P56C_t2_A_20679832/ereq_2845de9f-3ab4-4e7e-80e7-327e1df1fe04-policy_agent_11.zip,995247,f7b707d3f106bbbd33fca139b2ceb8fc
paintball/runs/P56C_t2_A_20784561/ereq_67c67719-2c1d-4b60-bee6-acff057802e2-policy_agent_10.art.log,5976837,c2027b364e36823402c1f0f557862d18
paintball/runs/P56C_t2_A_20784561/ereq_67c67719-2c1d-4b60-bee6-acff057802e2-policy_agent_10.zip,146895,158dc335199d70a1adbf0a170efa292d
paintball/runs/P56C_t2_A_20784561/ereq_67c67719-2c1d-4b60-bee6-acff057802e2-policy_agent_11.art.log,6151500,f448035c009917ff5005ca6740e14581
paintball/runs/P56C_t2_A_20784561/ereq_67c67719-2c1d-4b60-bee6-acff057802e2-policy_agent_11.zip,162693,22098a2cb1ddb7ede5b3ff148f4df374
paintball/runs/P56C_t2_A_20889290/ereq_00171b39-876d-47da-984a-f17cf792bdba-policy_agent_10.art.log,22091355,cfb119541375ff41d29610a924dde78f
paintball/runs/P56C_t2_A_20889290/ereq_00171b39-876d-47da-984a-f17cf792bdba-policy_agent_10.zip,595325,9d7787a291ef3cd9ab15f12420fcf37d
paintball/runs/P56C_t2_A_20889290/ereq_00171b39-876d-47da-984a-f17cf792bdba-policy_agent_11.art.log,30710908,e162599382500a6bcbcda88391413271
paintball/runs/P56C_t2_A_20889290/ereq_00171b39-876d-47da-984a-f17cf792bdba-policy_agent_11.zip,821002,80fc1a3a92d7b9cd20cf44a0bb2afd3a
paintball/runs/P56C_t2_A_20994019/ereq_332a0807-51fa-41b1-a972-12d4ee308fab-policy_agent_10.art.log,18786404,c68b7d0b7cee34407dae1001816e9718
paintball/runs/P56C_t2_A_20994019/ereq_332a0807-51fa-41b1-a972-12d4ee308fab-policy_agent_10.zip,556727,99594948ca2ddd342e6b25625ad1b32a
paintball/runs/P56C_t2_A_20994019/ereq_332a0807-51fa-41b1-a972-12d4ee308fab-policy_agent_11.art.log,21367343,5f07b5addfe81e83d20a0cdcfe3326a6
paintball/runs/P56C_t2_A_20994019/ereq_332a0807-51fa-41b1-a972-12d4ee308fab-policy_agent_11.zip,544957,71a434aa90ce1be3e69dadfe6c51a62d
paintball/runs/P56C_t2_F_20679832/ereq_90707b08-132b-45df-bf49-68ee0c91351e-policy_agent_10.art.log,9756454,d46a1c151e8092024ad30e67420415f7
paintball/runs/P56C_t2_F_20679832/ereq_90707b08-132b-45df-bf49-68ee0c91351e-policy_agent_10.zip,377681,1c28a4e4e882926bc925babcf6537129
paintball/runs/P56C_t2_F_20679832/ereq_90707b08-132b-45df-bf49-68ee0c91351e-policy_agent_11.art.log,4818197,303077d9f3b5db44534893ebcecb8b7b
paintball/runs/P56C_t2_F_20679832/ereq_90707b08-132b-45df-bf49-68ee0c91351e-policy_agent_11.zip,163962,27f8ebedfbeb5989e3e27abd96331e92
paintball/runs/P56C_t2_F_20784561/ereq_dc1cceba-03d5-46b5-808f-951b0881bf1c-policy_agent_10.art.log,5876972,2503b8b38b9f85ceeb107ccb44e928d7
paintball/runs/P56C_t2_F_20784561/ereq_dc1cceba-03d5-46b5-808f-951b0881bf1c-policy_agent_10.zip,181177,3087e30b88c87478d261b31cf2cc5641
paintball/runs/P56C_t2_F_20784561/ereq_dc1cceba-03d5-46b5-808f-951b0881bf1c-policy_agent_11.art.log,22812191,345564475c145b82acd7403fa1e69128
paintball/runs/P56C_t2_F_20784561/ereq_dc1cceba-03d5-46b5-808f-951b0881bf1c-policy_agent_11.zip,1099513,1ed9d01f32b591e81f5d83c16aaf571f
paintball/runs/P56C_t2_F_20889290/ereq_957ba6b8-6517-441a-947a-00ff3f79fa42-policy_agent_10.art.log,19236053,301c8c006bc942d446496aa9aaa07810
paintball/runs/P56C_t2_F_20889290/ereq_957ba6b8-6517-441a-947a-00ff3f79fa42-policy_agent_10.zip,596627,471ed85c6d5f7f1ce75d4601aa6953c8
paintball/runs/P56C_t2_F_20889290/ereq_957ba6b8-6517-441a-947a-00ff3f79fa42-policy_agent_11.art.log,22843832,ca3b8322166343e23869d8acb5f30fc9
paintball/runs/P56C_t2_F_20889290/ereq_957ba6b8-6517-441a-947a-00ff3f79fa42-policy_agent_11.zip,862969,f86b2e4638085b365d86a66fad08c9b6
paintball/runs/P56C_t2_F_20994019/ereq_009c2cb5-f8d8-41bf-b30e-0bff0515e9f9-policy_agent_10.art.log,22113876,d6b06ca62feeea4ec0fa8aaa8efb3bfa
paintball/runs/P56C_t2_F_20994019/ereq_009c2cb5-f8d8-41bf-b30e-0bff0515e9f9-policy_agent_10.zip,665989,6b47883237b41268f76fa987595a6921
paintball/runs/P56C_t2_F_20994019/ereq_009c2cb5-f8d8-41bf-b30e-0bff0515e9f9-policy_agent_11.art.log,39563053,06a667735dcf9f30ebd44f640ac6f0a6
paintball/runs/P56C_t2_F_20994019/ereq_009c2cb5-f8d8-41bf-b30e-0bff0515e9f9-policy_agent_11.zip,1418885,7bda7cbdfcac2abd074e45972fbe196b
paintball/runs/P56C_t2_T_20679832/ereq_935121a9-6f32-49d5-9daa-f357558bbe1f-policy_agent_10.art.log,22180057,caf75a3704a627fcb190f9f1ea9e4090
paintball/runs/P56C_t2_T_20679832/ereq_935121a9-6f32-49d5-9daa-f357558bbe1f-policy_agent_10.zip,696655,450b0f8dc6e3db4d035784f4a434b0eb
paintball/runs/P56C_t2_T_20679832/ereq_935121a9-6f32-49d5-9daa-f357558bbe1f-policy_agent_11.art.log,21827453,adc8bcc5f59373e32b31f17d1b43813c
paintball/runs/P56C_t2_T_20679832/ereq_935121a9-6f32-49d5-9daa-f357558bbe1f-policy_agent_11.zip,630526,742fc6c40d11b1d14e0355aeab4f2cae
paintball/runs/P56C_t2_T_20784561/ereq_18b377c0-c006-49ca-8588-9a3279463450-policy_agent_10.art.log,28998891,ea1a8e2691e54edb0e69c43bfc0500f1
paintball/runs/P56C_t2_T_20784561/ereq_18b377c0-c006-49ca-8588-9a3279463450-policy_agent_10.zip,1078759,365844ebf879d965d789f9ed2e6f5c23
paintball/runs/P56C_t2_T_20784561/ereq_18b377c0-c006-49ca-8588-9a3279463450-policy_agent_11.art.log,12846751,f402554583fd6b58f6dcd01806b51f4f
paintball/runs/P56C_t2_T_20784561/ereq_18b377c0-c006-49ca-8588-9a3279463450-policy_agent_11.zip,376119,844719cc89bf1aa87c485c2184f87d0a
paintball/runs/P56C_t2_T_20889290/ereq_2b209c1f-a8fb-42f4-bb06-ac523c375b57-policy_agent_10.art.log,26930992,066ac6bff7505c50ab63c567dde8f954
paintball/runs/P56C_t2_T_20889290/ereq_2b209c1f-a8fb-42f4-bb06-ac523c375b57-policy_agent_10.zip,785666,30c1b9f1b0ffc9159e4aecf81fcd2207
paintball/runs/P56C_t2_T_20889290/ereq_2b209c1f-a8fb-42f4-bb06-ac523c375b57-policy_agent_11.art.log,29853023,b1506f2100eda6bf01325b580ea55c17
paintball/runs/P56C_t2_T_20889290/ereq_2b209c1f-a8fb-42f4-bb06-ac523c375b57-policy_agent_11.zip,914815,f597b538eaee70cccc314f8212fe499b
paintball/runs/P56C_t2_T_20994019/ereq_480f4877-2eae-46dc-8206-b711e3d55393-policy_agent_10.art.log,3824233,6545fbd496ca7d498fcfd809c1573baf
paintball/runs/P56C_t2_T_20994019/ereq_480f4877-2eae-46dc-8206-b711e3d55393-policy_agent_10.zip,132686,6cb63e1ac4b939e45020289d1339049b
paintball/runs/P56C_t2_T_20994019/ereq_480f4877-2eae-46dc-8206-b711e3d55393-policy_agent_11.art.log,30358658,d8abe73afa7ac955153d2462419a1265
paintball/runs/P56C_t2_T_20994019/ereq_480f4877-2eae-46dc-8206-b711e3d55393-policy_agent_11.zip,1247269,ab58636b8a4ca374ff27b5e1e6f6703c
paintball/runs/P56C_t3_A_21098748/ereq_4a3b3787-77d0-47a3-ab8e-26c31bc94380-policy_agent_10.art.log,32378596,70b685511ddcbda8849af898b62c2df2
paintball/runs/P56C_t3_A_21098748/ereq_4a3b3787-77d0-47a3-ab8e-26c31bc94380-policy_agent_10.zip,868325,a6c68456b0695c148aabb3c26ebe8ef0
paintball/runs/P56C_t3_A_21098748/ereq_4a3b3787-77d0-47a3-ab8e-26c31bc94380-policy_agent_11.art.log,32234675,5d09a7d9081880a0dcde4fc1698df47f
paintball/runs/P56C_t3_A_21098748/ereq_4a3b3787-77d0-47a3-ab8e-26c31bc94380-policy_agent_11.zip,856357,0f078cec9cb8e6c7d8753e6618b1b1bb
paintball/runs/P56C_t3_A_21203477/ereq_54a76423-1930-4ebd-b387-17b00a54d1dc-policy_agent_10.art.log,27779534,2717d624fd5b39c18e130fe95bc9cab8
paintball/runs/P56C_t3_A_21203477/ereq_54a76423-1930-4ebd-b387-17b00a54d1dc-policy_agent_10.zip,669837,579d6a7a719b0cd3f2a4badc476451fa
paintball/runs/P56C_t3_A_21203477/ereq_54a76423-1930-4ebd-b387-17b00a54d1dc-policy_agent_11.art.log,22714630,83d2a11f768952161e00f0c0874e751a
paintball/runs/P56C_t3_A_21203477/ereq_54a76423-1930-4ebd-b387-17b00a54d1dc-policy_agent_11.zip,637599,e78a19b35fd43f5caa40c7e98d8e0b65
paintball/runs/P56C_t3_A_21308206/ereq_e621dd2a-3fa1-4b66-b594-702c091b6a42-policy_agent_10.art.log,26544246,6228803d771fc5b3e61d52bd5c54375e
paintball/runs/P56C_t3_A_21308206/ereq_e621dd2a-3fa1-4b66-b594-702c091b6a42-policy_agent_10.zip,719873,3473bb6f9d540ee84221c60b3be6e7a7
paintball/runs/P56C_t3_A_21308206/ereq_e621dd2a-3fa1-4b66-b594-702c091b6a42-policy_agent_11.art.log,31023548,201b824b38a7f9ea7192c21448ffa8d4
paintball/runs/P56C_t3_A_21308206/ereq_e621dd2a-3fa1-4b66-b594-702c091b6a42-policy_agent_11.zip,984058,51e3762857bbb723b9af012933324b2a
paintball/runs/P56C_t3_A_21412935/ereq_2ffb91da-cf16-4d5c-86c9-f82b03c50546-policy_agent_10.art.log,18019797,9bf1e3ffe285957c532795c64f0ea74f
paintball/runs/P56C_t3_A_21412935/ereq_2ffb91da-cf16-4d5c-86c9-f82b03c50546-policy_agent_10.zip,457986,8e095229eee7fafcf158a00c956f4ad0
paintball/runs/P56C_t3_A_21412935/ereq_2ffb91da-cf16-4d5c-86c9-f82b03c50546-policy_agent_11.art.log,16886445,fa03825b28f9070d22ad48287d80f76d
paintball/runs/P56C_t3_A_21412935/ereq_2ffb91da-cf16-4d5c-86c9-f82b03c50546-policy_agent_11.zip,472108,8faf8a3cfd0bbb73d974791ed59a240d
paintball/runs/P56C_t3_F_21098748/ereq_7fabd185-5b2c-41f9-a51e-ef09c2e4a85b-policy_agent_10.art.log,22601507,c4e9108f674ae1fbfbec06555b182061
paintball/runs/P56C_t3_F_21098748/ereq_7fabd185-5b2c-41f9-a51e-ef09c2e4a85b-policy_agent_10.zip,838547,a5d3a2575fe48215fabaf3c2977f297a
paintball/runs/P56C_t3_F_21098748/ereq_7fabd185-5b2c-41f9-a51e-ef09c2e4a85b-policy_agent_11.art.log,21617798,2a2930b21720b94b037dfd3be2929dee
paintball/runs/P56C_t3_F_21098748/ereq_7fabd185-5b2c-41f9-a51e-ef09c2e4a85b-policy_agent_11.zip,639045,32846c797e419178ac90ea9eee3b7306
paintball/runs/P56C_t3_F_21203477/ereq_7e924c97-d3b7-44fd-9179-91120c873ed4-policy_agent_10.art.log,32326649,65415b093a47b6a026c789016e2541d6
paintball/runs/P56C_t3_F_21203477/ereq_7e924c97-d3b7-44fd-9179-91120c873ed4-policy_agent_10.zip,1042101,18c7c0310766674cf1e5a82ce382296a
paintball/runs/P56C_t3_F_21203477/ereq_7e924c97-d3b7-44fd-9179-91120c873ed4-policy_agent_11.art.log,23517752,20b46200a3d7ee9e85ac4c5ad2828e6c
paintball/runs/P56C_t3_F_21203477/ereq_7e924c97-d3b7-44fd-9179-91120c873ed4-policy_agent_11.zip,773155,febfd0bd1b80922e08a46579d1d7e556
paintball/runs/P56C_t3_F_21308206/ereq_3ae12d2e-7fbb-4e60-9c2f-7935d3d35900-policy_agent_10.art.log,23304850,bf5ef6baaadfdbc950a7d00e64410c5d
paintball/runs/P56C_t3_F_21308206/ereq_3ae12d2e-7fbb-4e60-9c2f-7935d3d35900-policy_agent_10.zip,592391,41843d849e76cebca59bf27facb40737
paintball/runs/P56C_t3_F_21308206/ereq_3ae12d2e-7fbb-4e60-9c2f-7935d3d35900-policy_agent_11.art.log,18883240,cbbd9bab948c10dbea3e6dc309501c6d
paintball/runs/P56C_t3_F_21308206/ereq_3ae12d2e-7fbb-4e60-9c2f-7935d3d35900-policy_agent_11.zip,597503,76a8bea449e6eb7a169b83c4accbf703
paintball/runs/P56C_t3_F_21412935/ereq_4ab56da0-2c20-4fb6-80f2-c5812b23fd5b-policy_agent_10.art.log,5742649,d8991548695d6ef523666d3a8054f344
paintball/runs/P56C_t3_F_21412935/ereq_4ab56da0-2c20-4fb6-80f2-c5812b23fd5b-policy_agent_10.zip,163178,6f356a118bf9f644802cd841b7a0358a
paintball/runs/P56C_t3_F_21412935/ereq_4ab56da0-2c20-4fb6-80f2-c5812b23fd5b-policy_agent_11.art.log,8093589,297f74242aa9c4235dea7a3b53cb5136
paintball/runs/P56C_t3_F_21412935/ereq_4ab56da0-2c20-4fb6-80f2-c5812b23fd5b-policy_agent_11.zip,270009,caac8d353e1a93126ffca0a7ca4f852c
paintball/runs/P56C_t3_T_21098748/ereq_85da7a82-4ff5-4b8f-8ae1-e003679c0cf1-policy_agent_10.art.log,29070589,782f03c928f0d241076f8bf313d45056
paintball/runs/P56C_t3_T_21098748/ereq_85da7a82-4ff5-4b8f-8ae1-e003679c0cf1-policy_agent_10.zip,944648,e7843398264278c81cda933542dd0492
paintball/runs/P56C_t3_T_21098748/ereq_85da7a82-4ff5-4b8f-8ae1-e003679c0cf1-policy_agent_11.art.log,36159863,0359bb241181ff4b36db51ab49ec6c22
paintball/runs/P56C_t3_T_21098748/ereq_85da7a82-4ff5-4b8f-8ae1-e003679c0cf1-policy_agent_11.zip,1140167,6f4efc4c23b55527e6c84f8fcf95ba49
paintball/runs/P56C_t3_T_21203477/ereq_a0b62519-494c-4818-a537-ed3de77b344e-policy_agent_10.art.log,12595310,90f6bf7217088773418d4ea7ba33a811
paintball/runs/P56C_t3_T_21203477/ereq_a0b62519-494c-4818-a537-ed3de77b344e-policy_agent_10.zip,303683,533dabf5897024f302b5d1f58ec8b567
paintball/runs/P56C_t3_T_21203477/ereq_a0b62519-494c-4818-a537-ed3de77b344e-policy_agent_11.art.log,29273784,ff0dcc34b8ee47112a3226d0878f0be3
paintball/runs/P56C_t3_T_21203477/ereq_a0b62519-494c-4818-a537-ed3de77b344e-policy_agent_11.zip,1129283,2e4ff685496f6577e1be5d1317ac137e
paintball/runs/P56C_t3_T_21308206/ereq_245b1265-520b-4b2a-904b-c20d4575e1f5-policy_agent_10.art.log,37177416,d4f3619f19bfcd969f29761398985512
paintball/runs/P56C_t3_T_21308206/ereq_245b1265-520b-4b2a-904b-c20d4575e1f5-policy_agent_10.zip,943202,7602a004653fa763dfbbc874431130f4
paintball/runs/P56C_t3_T_21308206/ereq_245b1265-520b-4b2a-904b-c20d4575e1f5-policy_agent_11.art.log,29343066,bb0d443b28b4cfedf84ecaff0af3c7cd
paintball/runs/P56C_t3_T_21308206/ereq_245b1265-520b-4b2a-904b-c20d4575e1f5-policy_agent_11.zip,881881,c9448a141517783f0f15f80605622b9f
paintball/runs/P56C_t3_T_21412935/ereq_4909c663-0ed1-452d-b3bf-779683e051bd-policy_agent_10.art.log,25842436,852e59fbe38374e2678f5aa2a2093318
paintball/runs/P56C_t3_T_21412935/ereq_4909c663-0ed1-452d-b3bf-779683e051bd-policy_agent_10.zip,731371,17732356442fe31eff94a8c55b0949c7
paintball/runs/P56C_t3_T_21412935/ereq_4909c663-0ed1-452d-b3bf-779683e051bd-policy_agent_11.art.log,25253026,da820711167dd8d81f4e24044c681ae3
paintball/runs/P56C_t3_T_21412935/ereq_4909c663-0ed1-452d-b3bf-779683e051bd-policy_agent_11.zip,674299,6b766b89c0a2c74b4dbc168698783713
paintball/runs/P56C_t4_A_21517664/ereq_129d4c48-6be7-4a4c-b062-09abdd6ac15e-policy_agent_10.art.log,2562112,5efd69f62d92e36a272e48d0d90f71e9
paintball/runs/P56C_t4_A_21517664/ereq_129d4c48-6be7-4a4c-b062-09abdd6ac15e-policy_agent_10.zip,75483,3bcb55ee23f3857e201263a0e780fa71
paintball/runs/P56C_t4_A_21517664/ereq_129d4c48-6be7-4a4c-b062-09abdd6ac15e-policy_agent_11.art.log,3461388,db1bed3802ade6b4ca22db6429c1c9f6
paintball/runs/P56C_t4_A_21517664/ereq_129d4c48-6be7-4a4c-b062-09abdd6ac15e-policy_agent_11.zip,117758,4568ecb4378deeca37de8d3ab628d70d
paintball/runs/P56C_t4_A_21622393/ereq_7d4f4b98-71ec-467f-b465-043094fe4fdf-policy_agent_10.art.log,2773980,80b049fbea0c767e6096c7e8e00fdab3
paintball/runs/P56C_t4_A_21622393/ereq_7d4f4b98-71ec-467f-b465-043094fe4fdf-policy_agent_10.zip,77095,02d47efe962fd78536bcca1d8d036da7
paintball/runs/P56C_t4_A_21622393/ereq_7d4f4b98-71ec-467f-b465-043094fe4fdf-policy_agent_11.art.log,3594235,5879fadcb30e4f8778eb1b278cfc25b2
paintball/runs/P56C_t4_A_21622393/ereq_7d4f4b98-71ec-467f-b465-043094fe4fdf-policy_agent_11.zip,123583,4f784bb1c18485867f4a92a969898132
paintball/runs/P56C_t4_A_21727122/ereq_1c22de4e-f40e-4878-b132-4026a841ef63-policy_agent_10.art.log,20544427,36b7addeca52b4decdcc0986a0c0e2a7
paintball/runs/P56C_t4_A_21727122/ereq_1c22de4e-f40e-4878-b132-4026a841ef63-policy_agent_10.zip,575005,e2ba0845140d6faf986735e8bda7ed75
paintball/runs/P56C_t4_A_21727122/ereq_1c22de4e-f40e-4878-b132-4026a841ef63-policy_agent_11.art.log,21163265,cc85b530b60a835660b32af89d3feeb4
paintball/runs/P56C_t4_A_21727122/ereq_1c22de4e-f40e-4878-b132-4026a841ef63-policy_agent_11.zip,573280,551c62dce3ed030108958386091e6817
paintball/runs/P56C_t4_A_21831851/ereq_1e87409d-6444-4fbb-8a15-cc3b02c0e43e-policy_agent_10.art.log,20621221,869b2d6c0c8a774f828e5969a69804f8
paintball/runs/P56C_t4_A_21831851/ereq_1e87409d-6444-4fbb-8a15-cc3b02c0e43e-policy_agent_10.zip,588042,760c1a73c7d57417c795051407ada59d
paintball/runs/P56C_t4_A_21831851/ereq_1e87409d-6444-4fbb-8a15-cc3b02c0e43e-policy_agent_11.art.log,20206435,fa7a097a44b7d59f500505cf66af9f67
paintball/runs/P56C_t4_A_21831851/ereq_1e87409d-6444-4fbb-8a15-cc3b02c0e43e-policy_agent_11.zip,592374,b303624cc1f430e6442b2d3157bc7f55
paintball/runs/P56C_t4_F_21517664/ereq_921bfb10-f1eb-436a-98b2-857fe970fb25-policy_agent_10.art.log,20770677,8ea0df9e416d351fdb7fdb5d28050dbe
paintball/runs/P56C_t4_F_21517664/ereq_921bfb10-f1eb-436a-98b2-857fe970fb25-policy_agent_10.zip,584263,f48166aa29ad2a36f3f806fa3f036ab1
paintball/runs/P56C_t4_F_21517664/ereq_921bfb10-f1eb-436a-98b2-857fe970fb25-policy_agent_11.art.log,22505880,4e941c9becffc40e46566241ecd8ade6
paintball/runs/P56C_t4_F_21517664/ereq_921bfb10-f1eb-436a-98b2-857fe970fb25-policy_agent_11.zip,698864,894600225193a2a2b5e52debdd1ff59a
paintball/runs/P56C_t4_F_21622393/ereq_f49e87e6-bb51-47cc-957c-31994471a6d0-policy_agent_10.art.log,23612711,b810cd350d9bd9f9cf391d625df8743c
paintball/runs/P56C_t4_F_21622393/ereq_f49e87e6-bb51-47cc-957c-31994471a6d0-policy_agent_10.zip,689031,deeb8460675a844414c7c406d0d6c8e7
paintball/runs/P56C_t4_F_21622393/ereq_f49e87e6-bb51-47cc-957c-31994471a6d0-policy_agent_11.art.log,23896174,0def316fab208fb54c0caa988d145241
paintball/runs/P56C_t4_F_21622393/ereq_f49e87e6-bb51-47cc-957c-31994471a6d0-policy_agent_11.zip,698917,5ab4a7777d82fedaff5650d89426dfad
paintball/runs/P56C_t4_F_21727122/ereq_2d7edd43-0199-4765-9cca-d1c015987ad6-policy_agent_10.art.log,20981082,d9011604eedc02262d161b48af6a2baf
paintball/runs/P56C_t4_F_21727122/ereq_2d7edd43-0199-4765-9cca-d1c015987ad6-policy_agent_10.zip,588806,d4f85bf5e8c0e73af441c14111ed311b
paintball/runs/P56C_t4_F_21727122/ereq_2d7edd43-0199-4765-9cca-d1c015987ad6-policy_agent_11.art.log,22188165,2859a8a8bdb42081f9dd9825ebc67a72
paintball/runs/P56C_t4_F_21727122/ereq_2d7edd43-0199-4765-9cca-d1c015987ad6-policy_agent_11.zip,520698,d3de55ec7610efd6cc4b87d7da943c61
paintball/runs/P56C_t4_F_21831851/ereq_b2485bdf-97e7-4899-89ab-63240f68192e-policy_agent_10.art.log,22747513,4a9266bd16d64ebee650575fcd49582b
paintball/runs/P56C_t4_F_21831851/ereq_b2485bdf-97e7-4899-89ab-63240f68192e-policy_agent_10.zip,642019,eecddadba87d271c3c59c504b498fa31
paintball/runs/P56C_t4_F_21831851/ereq_b2485bdf-97e7-4899-89ab-63240f68192e-policy_agent_11.art.log,21956655,5f47189afc280a72d7fc679fdb7480e4
paintball/runs/P56C_t4_F_21831851/ereq_b2485bdf-97e7-4899-89ab-63240f68192e-policy_agent_11.zip,659300,4d92c289ef30adc44d00fafb61805e6c
paintball/runs/P56C_t4_T_21517664/ereq_54d17e85-f2cf-4788-8193-bd02b7dcdab7-policy_agent_10.art.log,29644709,98ac5e30de371e252ea58b0297faad5c
paintball/runs/P56C_t4_T_21517664/ereq_54d17e85-f2cf-4788-8193-bd02b7dcdab7-policy_agent_10.zip,858876,094ba5c0073f5c6ef2decae6fb7c61dc
paintball/runs/P56C_t4_T_21517664/ereq_54d17e85-f2cf-4788-8193-bd02b7dcdab7-policy_agent_11.art.log,37727517,d7189c942298bd23f53170332405cccb
paintball/runs/P56C_t4_T_21517664/ereq_54d17e85-f2cf-4788-8193-bd02b7dcdab7-policy_agent_11.zip,1265257,e486a37eabf874f475ed81beee1cc348
paintball/runs/P56C_t4_T_21622393/ereq_337d57a0-81a2-4b3a-9cb7-402f41b4a50f-policy_agent_10.art.log,19651541,37a7ba05ea4e30c8e3b2bceb9872ea16
paintball/runs/P56C_t4_T_21622393/ereq_337d57a0-81a2-4b3a-9cb7-402f41b4a50f-policy_agent_10.zip,675485,84356943ab95d28554aa04cdd5220236
paintball/runs/P56C_t4_T_21622393/ereq_337d57a0-81a2-4b3a-9cb7-402f41b4a50f-policy_agent_11.art.log,11993645,357cae85033b65404bff0bae4b327a68
paintball/runs/P56C_t4_T_21622393/ereq_337d57a0-81a2-4b3a-9cb7-402f41b4a50f-policy_agent_11.zip,388241,563a8bc193f8ea541659ec4ba5015e4b
paintball/runs/P56C_t4_T_21727122/ereq_4148b994-eb8d-49af-9b3d-84ec97ee3e65-policy_agent_10.art.log,20846365,26d8a44349ec3f5671678c20b3b2a532
paintball/runs/P56C_t4_T_21727122/ereq_4148b994-eb8d-49af-9b3d-84ec97ee3e65-policy_agent_10.zip,531980,69b596b0a662b222b7d7074f697e90f1
paintball/runs/P56C_t4_T_21727122/ereq_4148b994-eb8d-49af-9b3d-84ec97ee3e65-policy_agent_11.art.log,22013450,bb3f6e0452c53bb0e257963d809cec53
paintball/runs/P56C_t4_T_21727122/ereq_4148b994-eb8d-49af-9b3d-84ec97ee3e65-policy_agent_11.zip,457885,4959705e93ad1f25177023d6da6561c8
paintball/runs/P56C_t4_T_21831851/ereq_1a3af8dd-5ba9-4808-bac9-f01fc3590159-policy_agent_10.art.log,22102338,d954c3e849ad02abf967a15995d5dea8
paintball/runs/P56C_t4_T_21831851/ereq_1a3af8dd-5ba9-4808-bac9-f01fc3590159-policy_agent_10.zip,535267,53fef56df3e458530a62f89223d161dc
paintball/runs/P56C_t4_T_21831851/ereq_1a3af8dd-5ba9-4808-bac9-f01fc3590159-policy_agent_11.art.log,23300327,4bbd0c556f2ce9125bab1587f22529d8
paintball/runs/P56C_t4_T_21831851/ereq_1a3af8dd-5ba9-4808-bac9-f01fc3590159-policy_agent_11.zip,710046,d66b16a0613c4eb3725c8120007d1cc0
paintball/runs/P56C_t5_A_21936580/ereq_b322629b-a166-4e75-bd6d-dfe272706b5c-policy_agent_10.art.log,23642617,9798871c6d329e1e58d8fa694423f63f
paintball/runs/P56C_t5_A_21936580/ereq_b322629b-a166-4e75-bd6d-dfe272706b5c-policy_agent_10.zip,527816,11c15e912b1b528d4175a68d6b589471
paintball/runs/P56C_t5_A_21936580/ereq_b322629b-a166-4e75-bd6d-dfe272706b5c-policy_agent_11.art.log,25069007,5ff586dceeb53b7b36de0edae0243af2
paintball/runs/P56C_t5_A_21936580/ereq_b322629b-a166-4e75-bd6d-dfe272706b5c-policy_agent_11.zip,594555,8aa891c88594f06f4d73bc6e2e72b492
paintball/runs/P56C_t5_A_22041309/ereq_a97833e7-af35-4a37-9461-423cb74114ae-policy_agent_10.art.log,18769578,6ebebc7dcf123c69ae46e9686570af01
paintball/runs/P56C_t5_A_22041309/ereq_a97833e7-af35-4a37-9461-423cb74114ae-policy_agent_10.zip,570800,d54be7921b73149c2ec8678b72f2648a
paintball/runs/P56C_t5_A_22041309/ereq_a97833e7-af35-4a37-9461-423cb74114ae-policy_agent_11.art.log,19269282,4436143f7419679f6da5017a2c2b99da
paintball/runs/P56C_t5_A_22041309/ereq_a97833e7-af35-4a37-9461-423cb74114ae-policy_agent_11.zip,561035,ed7078d92ccc964d6dc73ca268666a21
paintball/runs/P56C_t5_A_22146038/ereq_e5db07e3-0f9d-4f42-844e-459f08a9a050-policy_agent_10.art.log,22769766,d07855f3b6de1499920047b18c1b0b0f
paintball/runs/P56C_t5_A_22146038/ereq_e5db07e3-0f9d-4f42-844e-459f08a9a050-policy_agent_10.zip,685149,127db1db664b2c8047c692a014b088e4
paintball/runs/P56C_t5_A_22146038/ereq_e5db07e3-0f9d-4f42-844e-459f08a9a050-policy_agent_11.art.log,27725924,5ad08c7ba53bb9fc6e6fe43ffb36a89d
paintball/runs/P56C_t5_A_22146038/ereq_e5db07e3-0f9d-4f42-844e-459f08a9a050-policy_agent_11.zip,875145,a3d283719179930aaae1fe874ee09d3f
paintball/runs/P56C_t5_A_22250767/ereq_90286b40-d220-4c87-b2f2-25a296690edb-policy_agent_10.art.log,19149795,3ff7b57405147e8c4358e3b35c1399d9
paintball/runs/P56C_t5_A_22250767/ereq_90286b40-d220-4c87-b2f2-25a296690edb-policy_agent_10.zip,577682,5dead9670f6f355944d528ed1d2a2bcc
paintball/runs/P56C_t5_A_22250767/ereq_90286b40-d220-4c87-b2f2-25a296690edb-policy_agent_11.art.log,25063823,3e07efb83cb90a3139faa7afc7d801c4
paintball/runs/P56C_t5_A_22250767/ereq_90286b40-d220-4c87-b2f2-25a296690edb-policy_agent_11.zip,774940,e2e9bd9477b9d366aa8ab1ca513197ce
paintball/runs/P56C_t5_F_21936580/ereq_8c42202b-fdd2-43ae-8020-c6293f373feb-policy_agent_10.art.log,26640357,67831d0e6a808fbe0c3b183e28252463
paintball/runs/P56C_t5_F_21936580/ereq_8c42202b-fdd2-43ae-8020-c6293f373feb-policy_agent_10.zip,718598,15aef63fde42834687eaffd46b7291d8
paintball/runs/P56C_t5_F_21936580/ereq_8c42202b-fdd2-43ae-8020-c6293f373feb-policy_agent_11.art.log,26161478,a7969800d654c3e5548e14a14aeddbc1
paintball/runs/P56C_t5_F_21936580/ereq_8c42202b-fdd2-43ae-8020-c6293f373feb-policy_agent_11.zip,811251,6bbbc386d7b3423ec586b17926a9189f
paintball/runs/P56C_t5_F_22041309/ereq_6ccd0925-8153-4621-8f44-5975cd4fc9dc-policy_agent_10.art.log,4858321,873d6be355ab58f0cefd85fbf9124c85
paintball/runs/P56C_t5_F_22041309/ereq_6ccd0925-8153-4621-8f44-5975cd4fc9dc-policy_agent_10.zip,179906,6d347186184c508df2f6b5b16ba15198
paintball/runs/P56C_t5_F_22041309/ereq_6ccd0925-8153-4621-8f44-5975cd4fc9dc-policy_agent_11.art.log,4278632,ba6060f644cf14a0aba986fb831c174b
paintball/runs/P56C_t5_F_22041309/ereq_6ccd0925-8153-4621-8f44-5975cd4fc9dc-policy_agent_11.zip,143010,02eebcae3969f9c364805d666fb689fc
paintball/runs/P56C_t5_F_22146038/ereq_0ff8d241-384c-41e5-b468-1f786fbfb837-policy_agent_10.art.log,24515750,1c4ad5ad358085d62733f9d8c80bf7fd
paintball/runs/P56C_t5_F_22146038/ereq_0ff8d241-384c-41e5-b468-1f786fbfb837-policy_agent_10.zip,688889,d55cec9a3a0fb56b993a1a401628f166
paintball/runs/P56C_t5_F_22146038/ereq_0ff8d241-384c-41e5-b468-1f786fbfb837-policy_agent_11.art.log,23854783,1b64521f16623c31d25c1f756661e0db
paintball/runs/P56C_t5_F_22146038/ereq_0ff8d241-384c-41e5-b468-1f786fbfb837-policy_agent_11.zip,652078,c611df3539d8a72d256ce2e7c55cdb62
paintball/runs/P56C_t5_F_22250767/ereq_31c2035c-f421-4e89-8d81-a1a6440f771a-policy_agent_10.art.log,23696828,423253d9c9203a18dfcc3de5b301c554
paintball/runs/P56C_t5_F_22250767/ereq_31c2035c-f421-4e89-8d81-a1a6440f771a-policy_agent_10.zip,812526,d33b22543d6b91ac35e0aa8d9b099571
paintball/runs/P56C_t5_F_22250767/ereq_31c2035c-f421-4e89-8d81-a1a6440f771a-policy_agent_11.art.log,21346839,c76856faa0784c09b279f2ef86bc0108
paintball/runs/P56C_t5_F_22250767/ereq_31c2035c-f421-4e89-8d81-a1a6440f771a-policy_agent_11.zip,635036,8ccc6cf38e0e5dba8792aa81291f3629
paintball/runs/P56C_t5_T_21936580/ereq_53a98262-67dc-4eeb-85a0-a9f55c551309-policy_agent_10.art.log,22309028,60da876324c9ea7a004bea58d36c86b6
paintball/runs/P56C_t5_T_21936580/ereq_53a98262-67dc-4eeb-85a0-a9f55c551309-policy_agent_10.zip,586517,91ce1bb7e6f8930b645ecb72f658679a
paintball/runs/P56C_t5_T_21936580/ereq_53a98262-67dc-4eeb-85a0-a9f55c551309-policy_agent_11.art.log,23478008,4d7a65202513a241b492b5547cec680a
paintball/runs/P56C_t5_T_21936580/ereq_53a98262-67dc-4eeb-85a0-a9f55c551309-policy_agent_11.zip,712290,4da7576ba5411a641a65ed08d8da4198
paintball/runs/P56C_t5_T_22041309/ereq_1918c3ee-cf08-452c-bc2e-0cb860bc4022-policy_agent_10.art.log,6506168,0c074154cd8567d720adea607c5cd981
paintball/runs/P56C_t5_T_22041309/ereq_1918c3ee-cf08-452c-bc2e-0cb860bc4022-policy_agent_10.zip,196479,2834655171fcd990600c17d688fc97c7
paintball/runs/P56C_t5_T_22041309/ereq_1918c3ee-cf08-452c-bc2e-0cb860bc4022-policy_agent_11.art.log,6888821,76ecf239a3a2c70c7e3a4418f46d81a9
paintball/runs/P56C_t5_T_22041309/ereq_1918c3ee-cf08-452c-bc2e-0cb860bc4022-policy_agent_11.zip,213813,798ca6afedc6be3699abbb4ccbebe19e
paintball/runs/P56C_t5_T_22146038/ereq_e2de38a0-d1a3-42f2-ac35-8e3ab45d3de7-policy_agent_10.art.log,18812450,7a205493f9f007d4100a9570b4fb02ed
paintball/runs/P56C_t5_T_22146038/ereq_e2de38a0-d1a3-42f2-ac35-8e3ab45d3de7-policy_agent_10.zip,555491,2d339f293331b01cd3bac6b76db1679f
paintball/runs/P56C_t5_T_22146038/ereq_e2de38a0-d1a3-42f2-ac35-8e3ab45d3de7-policy_agent_11.art.log,20860828,cbc56d63d5a90578725d2cf04b90e414
paintball/runs/P56C_t5_T_22146038/ereq_e2de38a0-d1a3-42f2-ac35-8e3ab45d3de7-policy_agent_11.zip,575936,39a435ac4f28afe19703e4d77d9354fb
paintball/runs/P56C_t5_T_22250767/ereq_b35f8199-9a05-478e-b123-3b6d82141634-policy_agent_10.art.log,16805921,1d0a56106aba661b2efd68f98c8b507d
paintball/runs/P56C_t5_T_22250767/ereq_b35f8199-9a05-478e-b123-3b6d82141634-policy_agent_10.zip,531223,ed7c9770ce35eaef44ab6ccc98dad381
paintball/runs/P56C_t5_T_22250767/ereq_b35f8199-9a05-478e-b123-3b6d82141634-policy_agent_11.art.log,20477257,dabfe5e1a0e5005ef2155fc0713a27b4
paintball/runs/P56C_t5_T_22250767/ereq_b35f8199-9a05-478e-b123-3b6d82141634-policy_agent_11.zip,599447,05b5f7d193b85021f812d3d280d8b177
paintball/runs/P56C_tamp1_F_22355496/ereq_6098464c-71da-4824-9633-401934cb060d-policy_agent_10.art.log,33811017,907959354769442df340ef6af5842b5b
paintball/runs/P56C_tamp1_F_22355496/ereq_6098464c-71da-4824-9633-401934cb060d-policy_agent_10.zip,1112503,a3fecbd3f8fdd75a3b7fe39cf60e4a91
paintball/runs/P56C_tamp1_F_22355496/ereq_6098464c-71da-4824-9633-401934cb060d-policy_agent_11.art.log,31706569,6b248bbac24aae9ff0b45142d69dfccd
paintball/runs/P56C_tamp1_F_22355496/ereq_6098464c-71da-4824-9633-401934cb060d-policy_agent_11.zip,996863,73134008e9049656c983a2bde72bd924
paintball/runs/P56C_tamp1_F_22460225/ereq_de30226e-6333-4984-a4fa-a397c2e7501a-policy_agent_10.art.log,16670466,23ff907a6cba547964d38c52de85badf
paintball/runs/P56C_tamp1_F_22460225/ereq_de30226e-6333-4984-a4fa-a397c2e7501a-policy_agent_10.zip,569235,706ecbef673aec1cdfcecad4be0e6c38
paintball/runs/P56C_tamp1_F_22460225/ereq_de30226e-6333-4984-a4fa-a397c2e7501a-policy_agent_11.art.log,20742781,0299e147a7cc7fc4de6b1ac541c9a1be
paintball/runs/P56C_tamp1_F_22460225/ereq_de30226e-6333-4984-a4fa-a397c2e7501a-policy_agent_11.zip,701933,01ec047763d7001d66463d3e3ddfed48
paintball/runs/P56C_tamp1_F_22564954/ereq_26eb8c79-e2f7-4e1b-a3ca-269d90c514b3-policy_agent_10.art.log,1916614,50233250159f11db42bdc7920aad6283
paintball/runs/P56C_tamp1_F_22564954/ereq_26eb8c79-e2f7-4e1b-a3ca-269d90c514b3-policy_agent_10.zip,61344,e56c67f8e97abfe69fce5f6debbcab70
paintball/runs/P56C_tamp1_F_22564954/ereq_26eb8c79-e2f7-4e1b-a3ca-269d90c514b3-policy_agent_11.art.log,20378911,a70e6de7986018b5da67cf7bc3d7eb02
paintball/runs/P56C_tamp1_F_22564954/ereq_26eb8c79-e2f7-4e1b-a3ca-269d90c514b3-policy_agent_11.zip,918948,38d90e35e665ac24bdbc33054bb86c07
paintball/runs/P56C_tamp1_F_22669683/ereq_870c6b0c-6ddd-41a0-b070-a154b3c0f5d4-policy_agent_10.art.log,22260671,853fbfe892699bf03ca7d0f3e1315d6d
paintball/runs/P56C_tamp1_F_22669683/ereq_870c6b0c-6ddd-41a0-b070-a154b3c0f5d4-policy_agent_10.zip,662360,021c30282d1114e24904953220fa54c5
paintball/runs/P56C_tamp1_F_22669683/ereq_870c6b0c-6ddd-41a0-b070-a154b3c0f5d4-policy_agent_11.art.log,22070102,f47918cae2da46c39c0a0d2c5400419e
paintball/runs/P56C_tamp1_F_22669683/ereq_870c6b0c-6ddd-41a0-b070-a154b3c0f5d4-policy_agent_11.zip,673303,1f0e6fd42ee18a0a88d0ac1d01494791
paintball/runs/P56C_tamp1_T_22355496/ereq_dc8a4af4-d0b1-4580-90df-53a51db1304b-policy_agent_10.art.log,6133931,aa9b126f9eb8f5bf0df81f9ed3fbda49
paintball/runs/P56C_tamp1_T_22355496/ereq_dc8a4af4-d0b1-4580-90df-53a51db1304b-policy_agent_10.zip,143179,cedb64d6102f46b584be0c61c5e7b8b2
paintball/runs/P56C_tamp1_T_22355496/ereq_dc8a4af4-d0b1-4580-90df-53a51db1304b-policy_agent_11.art.log,31386318,61b47fc390a52375bd427d21f8961f0d
paintball/runs/P56C_tamp1_T_22355496/ereq_dc8a4af4-d0b1-4580-90df-53a51db1304b-policy_agent_11.zip,1200215,1ca83f253a7ee0f6bfe1e686f57fcb16
paintball/runs/P56C_tamp1_T_22460225/ereq_5b6a93f7-4aea-4577-853c-9622dc4a775b-policy_agent_10.art.log,17530820,8aa690ef2de2c906b3ccfb288ea9a9fa
paintball/runs/P56C_tamp1_T_22460225/ereq_5b6a93f7-4aea-4577-853c-9622dc4a775b-policy_agent_10.zip,551827,d83cc3608d333d837a9b21c0d875fc1c
paintball/runs/P56C_tamp1_T_22460225/ereq_5b6a93f7-4aea-4577-853c-9622dc4a775b-policy_agent_11.art.log,18882332,afb9c66d800d13c33ec95e93199b9c19
paintball/runs/P56C_tamp1_T_22460225/ereq_5b6a93f7-4aea-4577-853c-9622dc4a775b-policy_agent_11.zip,557472,0ee97b5db588244439a6366ff86cf02b
paintball/runs/P56C_tamp1_T_22564954/ereq_0269e6e3-5e77-48aa-aec8-ffedd029491a-policy_agent_10.art.log,1860211,7009b17589467326c88445d6dc4691e4
paintball/runs/P56C_tamp1_T_22564954/ereq_0269e6e3-5e77-48aa-aec8-ffedd029491a-policy_agent_10.zip,57767,4f06e1804a6ca1c05ca9cba3898192dc
paintball/runs/P56C_tamp1_T_22564954/ereq_0269e6e3-5e77-48aa-aec8-ffedd029491a-policy_agent_11.art.log,3772099,bf8351a73949e475b19cb6e0193c42fc
paintball/runs/P56C_tamp1_T_22564954/ereq_0269e6e3-5e77-48aa-aec8-ffedd029491a-policy_agent_11.zip,147784,40a4cf4b52ee00e7f471146057872095
paintball/runs/P56C_tamp1_T_22669683/ereq_cf357cd8-2578-452e-bf50-edbeb9655a41-policy_agent_10.art.log,6562801,955d3f5139c343a6ea2a88498eca1ac8
paintball/runs/P56C_tamp1_T_22669683/ereq_cf357cd8-2578-452e-bf50-edbeb9655a41-policy_agent_10.zip,175676,989c807ae25f0ae6c87ce393cba68ea4
paintball/runs/P56C_tamp1_T_22669683/ereq_cf357cd8-2578-452e-bf50-edbeb9655a41-policy_agent_11.art.log,7396106,fc9e99e79b116853b46649f131311751
paintball/runs/P56C_tamp1_T_22669683/ereq_cf357cd8-2578-452e-bf50-edbeb9655a41-policy_agent_11.zip,204104,fe42a156526e3d898dc102d535f123e1
paintball/runs/P56C_tamp2_F_22774412/ereq_2ff3c17e-46e1-4fc5-9feb-96ddd86ec85b-policy_agent_10.art.log,22943310,ca3ef09aab9208fa05d70c106baa9af3
paintball/runs/P56C_tamp2_F_22774412/ereq_2ff3c17e-46e1-4fc5-9feb-96ddd86ec85b-policy_agent_10.zip,678007,9e85702bedc84bbae784dcd3a11fad51
paintball/runs/P56C_tamp2_F_22774412/ereq_2ff3c17e-46e1-4fc5-9feb-96ddd86ec85b-policy_agent_11.art.log,16504200,681a043a89684be4c4830326dafeda77
paintball/runs/P56C_tamp2_F_22774412/ereq_2ff3c17e-46e1-4fc5-9feb-96ddd86ec85b-policy_agent_11.zip,609477,2f023100d96dadb4b707b02af6b8910a
paintball/runs/P56C_tamp2_F_22879141/ereq_6825ee74-cbec-4ef5-b979-d4ef0de62fee-policy_agent_10.art.log,18429593,90bba91fa68d8a7de279800b6d997af2
paintball/runs/P56C_tamp2_F_22879141/ereq_6825ee74-cbec-4ef5-b979-d4ef0de62fee-policy_agent_10.zip,828720,1861c403e014eac3189af49c9b73dfdf
paintball/runs/P56C_tamp2_F_22879141/ereq_6825ee74-cbec-4ef5-b979-d4ef0de62fee-policy_agent_11.art.log,1838450,d0337c7ba52864c2b138769a6e15a44f
paintball/runs/P56C_tamp2_F_22879141/ereq_6825ee74-cbec-4ef5-b979-d4ef0de62fee-policy_agent_11.zip,73323,4a72e0846a7c0d42bfd222d92121a7e4
paintball/runs/P56C_tamp2_F_22983870/ereq_78db9638-eacc-4fdd-9341-22f745dae956-policy_agent_10.art.log,8394806,68e60348bc2de82bbedfcb3a9b4b144e
paintball/runs/P56C_tamp2_F_22983870/ereq_78db9638-eacc-4fdd-9341-22f745dae956-policy_agent_10.zip,245221,25e8f067116d9673b4818a85eb99fec0
paintball/runs/P56C_tamp2_F_22983870/ereq_78db9638-eacc-4fdd-9341-22f745dae956-policy_agent_11.art.log,30682023,7da5f05c26f5b3d412e7c0d6e70d1a7c
paintball/runs/P56C_tamp2_F_22983870/ereq_78db9638-eacc-4fdd-9341-22f745dae956-policy_agent_11.zip,1335745,f6544b001f2a3d4438c2c9c1e7498f90
paintball/runs/P56C_tamp2_F_23088599/ereq_f28a05a2-5280-45d9-9bc6-629e7846ce1d-policy_agent_10.art.log,4376106,64b99a8bc3c4b78876857da62f3d4041
paintball/runs/P56C_tamp2_F_23088599/ereq_f28a05a2-5280-45d9-9bc6-629e7846ce1d-policy_agent_10.zip,131755,d58efd5616d2659660d77f7ed4db7467
paintball/runs/P56C_tamp2_F_23088599/ereq_f28a05a2-5280-45d9-9bc6-629e7846ce1d-policy_agent_11.art.log,21337127,9c827c28d4b0434bc5f12aa4e7c62b2c
paintball/runs/P56C_tamp2_F_23088599/ereq_f28a05a2-5280-45d9-9bc6-629e7846ce1d-policy_agent_11.zip,826202,3467b2d2d363650fcc44a506f9f60212
paintball/runs/P56C_tamp2_T_22774412/ereq_da03cd97-180a-4972-bf05-cae38ef68950-policy_agent_10.art.log,18572081,ac4af1890f5f529c6bf61d357b3682bc
paintball/runs/P56C_tamp2_T_22774412/ereq_da03cd97-180a-4972-bf05-cae38ef68950-policy_agent_10.zip,554290,5d8abebf1819be74063ea4a60b92bf28
paintball/runs/P56C_tamp2_T_22774412/ereq_da03cd97-180a-4972-bf05-cae38ef68950-policy_agent_11.art.log,20656785,d408b05315924ecbf0f9ac4902e27a20
paintball/runs/P56C_tamp2_T_22774412/ereq_da03cd97-180a-4972-bf05-cae38ef68950-policy_agent_11.zip,725667,5cac258f48d314e6494e666b6b798f21
paintball/runs/P56C_tamp2_T_22879141/ereq_52b4248f-847e-4d28-a304-47cfa7409c01-policy_agent_10.art.log,19462694,e2335ae2e8e44b2c688d4870d3439272
paintball/runs/P56C_tamp2_T_22879141/ereq_52b4248f-847e-4d28-a304-47cfa7409c01-policy_agent_10.zip,557385,daee14e0beb39b7e745c2b7c0634fdbb
paintball/runs/P56C_tamp2_T_22879141/ereq_52b4248f-847e-4d28-a304-47cfa7409c01-policy_agent_11.art.log,33903636,d165afbc6a5b80ab138973e5cad8ed71
paintball/runs/P56C_tamp2_T_22879141/ereq_52b4248f-847e-4d28-a304-47cfa7409c01-policy_agent_11.zip,1243803,acd87b6c9110cde29e6b2334f4c05928
paintball/runs/P56C_tamp2_T_22983870/ereq_1bec8bfd-a084-4433-9451-810c3c831f0b-policy_agent_10.art.log,20898797,2060caa431f55c0f48073f3e95799ac3
paintball/runs/P56C_tamp2_T_22983870/ereq_1bec8bfd-a084-4433-9451-810c3c831f0b-policy_agent_10.zip,599218,af12da6f83138309cde379c30f064e18
paintball/runs/P56C_tamp2_T_22983870/ereq_1bec8bfd-a084-4433-9451-810c3c831f0b-policy_agent_11.art.log,24673198,c31849ce92a16f992adf74119c81938a
paintball/runs/P56C_tamp2_T_22983870/ereq_1bec8bfd-a084-4433-9451-810c3c831f0b-policy_agent_11.zip,700399,cb5787ef6e1e22206605adbad4b389c7
paintball/runs/P56C_tamp2_T_23088599/ereq_ad954d64-dade-49ad-a369-8f0aa2d45967-policy_agent_10.art.log,17190153,5e58a098777523abe12dbc8c927ff3d8
paintball/runs/P56C_tamp2_T_23088599/ereq_ad954d64-dade-49ad-a369-8f0aa2d45967-policy_agent_10.zip,539593,0b84289fcee6594ad25d29d0216563d8
paintball/runs/P56C_tamp2_T_23088599/ereq_ad954d64-dade-49ad-a369-8f0aa2d45967-policy_agent_11.art.log,20788469,e9e03ae3e335eb6692d74a9c252f3445
paintball/runs/P56C_tamp2_T_23088599/ereq_ad954d64-dade-49ad-a369-8f0aa2d45967-policy_agent_11.zip,650007,d81017d00d43686bd1e9a0f7e1376a66
paintball/runs/P56C_tamp3_F_23193328/ereq_e7f460f6-96b7-4367-8d7c-03a40f7873ab-policy_agent_10.art.log,33548981,c1b702d5adc119e4df1eb3ffee49859e
paintball/runs/P56C_tamp3_F_23193328/ereq_e7f460f6-96b7-4367-8d7c-03a40f7873ab-policy_agent_10.zip,1064674,6e6bd175887d970c3f82aaeaa98a75d3
paintball/runs/P56C_tamp3_F_23193328/ereq_e7f460f6-96b7-4367-8d7c-03a40f7873ab-policy_agent_11.art.log,31131771,718514b9882035a52a6137c9675ba1d0
paintball/runs/P56C_tamp3_F_23193328/ereq_e7f460f6-96b7-4367-8d7c-03a40f7873ab-policy_agent_11.zip,987655,662463bf19940939e288bf164e0aacf4
paintball/runs/P56C_tamp3_F_23298057/ereq_4404c860-d9e1-4015-9b62-e735bbf42e03-policy_agent_10.art.log,35392729,95f17c984075ed09de245b90f7004525
paintball/runs/P56C_tamp3_F_23298057/ereq_4404c860-d9e1-4015-9b62-e735bbf42e03-policy_agent_10.zip,1172328,1ea083cd9e2c9833e7872a01da34912d
paintball/runs/P56C_tamp3_F_23298057/ereq_4404c860-d9e1-4015-9b62-e735bbf42e03-policy_agent_11.art.log,34131408,39f2704233ce349c1358a72ab3544f35
paintball/runs/P56C_tamp3_F_23298057/ereq_4404c860-d9e1-4015-9b62-e735bbf42e03-policy_agent_11.zip,1159000,652b2858235e8a6bb9f5f9e469c4d31b
paintball/runs/P56C_tamp3_F_23402786/ereq_e956aa43-2fe5-49c1-8508-c8568ae5fb88-policy_agent_10.art.log,22071091,d4d9319ae68f342e4ebce8a84e0f5a28
paintball/runs/P56C_tamp3_F_23402786/ereq_e956aa43-2fe5-49c1-8508-c8568ae5fb88-policy_agent_10.zip,735146,a9919c57c05b3d32ad49c23ba8b0130e
paintball/runs/P56C_tamp3_F_23402786/ereq_e956aa43-2fe5-49c1-8508-c8568ae5fb88-policy_agent_11.art.log,22668545,d5cbcbb0d61d6b5e0f2d67238f1ffa9d
paintball/runs/P56C_tamp3_F_23402786/ereq_e956aa43-2fe5-49c1-8508-c8568ae5fb88-policy_agent_11.zip,767185,5ba5dcf67170d45e4643bf52ff6a7d94
paintball/runs/P56C_tamp3_F_23507515/ereq_601dba03-15f7-4ca8-a0e9-487b70ad6cfc-policy_agent_10.art.log,19889126,c9413e9b08c2e279d135fbdc05d04db5
paintball/runs/P56C_tamp3_F_23507515/ereq_601dba03-15f7-4ca8-a0e9-487b70ad6cfc-policy_agent_10.zip,948494,a00f4bbd62f7b723519e6f1f5f6ab1cf
paintball/runs/P56C_tamp3_F_23507515/ereq_601dba03-15f7-4ca8-a0e9-487b70ad6cfc-policy_agent_11.art.log,2537268,81d8760c30b25a235f85e4e19f21c837
paintball/runs/P56C_tamp3_F_23507515/ereq_601dba03-15f7-4ca8-a0e9-487b70ad6cfc-policy_agent_11.zip,79436,0ff9ec5236c8e519031a8540746e2344
paintball/runs/P56C_tamp3_T_23193328/ereq_7454c971-8a38-443c-bc35-014bc409120d-policy_agent_10.art.log,26862050,f2ddbaddb559d67e270a6963f291f10c
paintball/runs/P56C_tamp3_T_23193328/ereq_7454c971-8a38-443c-bc35-014bc409120d-policy_agent_10.zip,822652,62ff23e5e350c9ca26d1b9b1f5b852a1
paintball/runs/P56C_tamp3_T_23193328/ereq_7454c971-8a38-443c-bc35-014bc409120d-policy_agent_11.art.log,27476885,d391b819c2d8cd14f5a0360f940b4cae
paintball/runs/P56C_tamp3_T_23193328/ereq_7454c971-8a38-443c-bc35-014bc409120d-policy_agent_11.zip,835883,a6991ec1c01f9680b4619c218de2c0db
paintball/runs/P56C_tamp3_T_23298057/ereq_628deff7-a174-41b5-8079-361c82005edc-policy_agent_10.art.log,26964571,f37ba475ab46aa5c7677a3913e342811
paintball/runs/P56C_tamp3_T_23298057/ereq_628deff7-a174-41b5-8079-361c82005edc-policy_agent_10.zip,824295,9a75498cd2415f39eef7ae54d4c2f5fb
paintball/runs/P56C_tamp3_T_23298057/ereq_628deff7-a174-41b5-8079-361c82005edc-policy_agent_11.art.log,29514167,a3a1c551526adb3589c5d6fffb74916c
paintball/runs/P56C_tamp3_T_23298057/ereq_628deff7-a174-41b5-8079-361c82005edc-policy_agent_11.zip,934092,abb52a5303c96921b8c69264c316a831
paintball/runs/P56C_tamp3_T_23402786/ereq_d3510f00-cb75-4607-ba9c-b2b8be63610d-policy_agent_10.art.log,6572866,cde9a29b556bf5b3e82d7577aed91b60
paintball/runs/P56C_tamp3_T_23402786/ereq_d3510f00-cb75-4607-ba9c-b2b8be63610d-policy_agent_10.zip,221945,dadf2895ab8a3fa20ed7a43cadd24c4d
paintball/runs/P56C_tamp3_T_23402786/ereq_d3510f00-cb75-4607-ba9c-b2b8be63610d-policy_agent_11.art.log,5806252,358c52af6ddd9399de0d6ab741f00b2f
paintball/runs/P56C_tamp3_T_23402786/ereq_d3510f00-cb75-4607-ba9c-b2b8be63610d-policy_agent_11.zip,174004,ee0b9e44eae122e8b7c9198ca0ad9e77
paintball/runs/P56C_tamp3_T_23507515/ereq_d9b8e7e8-aee3-4574-b8f9-753706b6a0d2-policy_agent_10.art.log,1777141,9cff06b634fac6f39ae966e1e5366715
paintball/runs/P56C_tamp3_T_23507515/ereq_d9b8e7e8-aee3-4574-b8f9-753706b6a0d2-policy_agent_10.zip,64761,266320c0b12a14bce9aade59cb7e8de9
paintball/runs/P56C_tamp3_T_23507515/ereq_d9b8e7e8-aee3-4574-b8f9-753706b6a0d2-policy_agent_11.art.log,1583050,00f40f2124c06c13f362932b51f8e0ad
paintball/runs/P56C_tamp3_T_23507515/ereq_d9b8e7e8-aee3-4574-b8f9-753706b6a0d2-policy_agent_11.zip,52196,e362a90ad30861ee7f22392f28840106
paintball/runs/P56C_tamp4_F_23612244/ereq_c0d5ae66-bd62-472e-9a11-a66ccfa5a197-policy_agent_10.art.log,22048780,b0f24466982c7fb7d7cbe1d362382465
paintball/runs/P56C_tamp4_F_23612244/ereq_c0d5ae66-bd62-472e-9a11-a66ccfa5a197-policy_agent_10.zip,749516,660c69c4f7c9c3903669fec2b23b4c3e
paintball/runs/P56C_tamp4_F_23612244/ereq_c0d5ae66-bd62-472e-9a11-a66ccfa5a197-policy_agent_11.art.log,20819682,86462c917e213786f58b738a1e250b12
paintball/runs/P56C_tamp4_F_23612244/ereq_c0d5ae66-bd62-472e-9a11-a66ccfa5a197-policy_agent_11.zip,666835,4082714985a68f959b781bf0749382bb
paintball/runs/P56C_tamp4_F_23716973/ereq_47c1266b-f89d-4484-8a41-a2a5ec25297b-policy_agent_10.art.log,7856386,4fcc64353660ddf733d1aff43f455f4a
paintball/runs/P56C_tamp4_F_23716973/ereq_47c1266b-f89d-4484-8a41-a2a5ec25297b-policy_agent_10.zip,267824,c95dbf355227dd699b3e56cff6ba112d
paintball/runs/P56C_tamp4_F_23716973/ereq_47c1266b-f89d-4484-8a41-a2a5ec25297b-policy_agent_11.art.log,8921594,d3c115aea86fba58287585ae85c65e75
paintball/runs/P56C_tamp4_F_23716973/ereq_47c1266b-f89d-4484-8a41-a2a5ec25297b-policy_agent_11.zip,321085,6e3edbf8995cbe879830144c4a18b34e
paintball/runs/P56C_tamp4_F_23821702/ereq_810db949-01f4-4116-b66c-6777fb89a34d-policy_agent_10.art.log,2356710,596bdec7d2a70e28e228cf56948773e3
paintball/runs/P56C_tamp4_F_23821702/ereq_810db949-01f4-4116-b66c-6777fb89a34d-policy_agent_10.zip,74573,8742578c46b603238114548a1c654a1b
paintball/runs/P56C_tamp4_F_23821702/ereq_810db949-01f4-4116-b66c-6777fb89a34d-policy_agent_11.art.log,3728848,a31150b260bade2f8fd438a062a21ede
paintball/runs/P56C_tamp4_F_23821702/ereq_810db949-01f4-4116-b66c-6777fb89a34d-policy_agent_11.zip,148625,8bc825066ecf06ee200d0055f2f46717
paintball/runs/P56C_tamp4_F_23926431/ereq_fc6e394f-6056-4833-b94a-00f5cd25b39f-policy_agent_10.art.log,19699059,9198eefb222035c88621ce5d6aeef6e0
paintball/runs/P56C_tamp4_F_23926431/ereq_fc6e394f-6056-4833-b94a-00f5cd25b39f-policy_agent_10.zip,632073,13c2db68d9a998eebfb9c16f169c7e8c
paintball/runs/P56C_tamp4_F_23926431/ereq_fc6e394f-6056-4833-b94a-00f5cd25b39f-policy_agent_11.art.log,20493158,8a1ce8ec42632815386768f7762aa02c
paintball/runs/P56C_tamp4_F_23926431/ereq_fc6e394f-6056-4833-b94a-00f5cd25b39f-policy_agent_11.zip,659856,447ea2d073e0ea5300b3787a64a3c04b
paintball/runs/P56C_tamp4_T_23612244/ereq_367b4a07-66e9-4f1c-afce-3c233ec5ab5c-policy_agent_10.art.log,25792117,9480e2d58c4b15dd691815096045f375
paintball/runs/P56C_tamp4_T_23612244/ereq_367b4a07-66e9-4f1c-afce-3c233ec5ab5c-policy_agent_10.zip,885078,524c0ff451fefe9d4a4416cd2a974029
paintball/runs/P56C_tamp4_T_23612244/ereq_367b4a07-66e9-4f1c-afce-3c233ec5ab5c-policy_agent_11.art.log,20426238,bb12d4207abb0f0d71bc37bc62f17164
paintball/runs/P56C_tamp4_T_23612244/ereq_367b4a07-66e9-4f1c-afce-3c233ec5ab5c-policy_agent_11.zip,618716,9a591b2d1b1e02a3cf79f949cadfd4ca
paintball/runs/P56C_tamp4_T_23716973/ereq_40737742-c0c3-48bc-a891-a5b3fcf42005-policy_agent_10.art.log,20291029,9536b8ab70b898969d7a256d997adeb0
paintball/runs/P56C_tamp4_T_23716973/ereq_40737742-c0c3-48bc-a891-a5b3fcf42005-policy_agent_10.zip,655541,f5c7fbb58cf4298c3e9a2e6321b71cae
paintball/runs/P56C_tamp4_T_23716973/ereq_40737742-c0c3-48bc-a891-a5b3fcf42005-policy_agent_11.art.log,18675401,6cc8aaa12a9f5a1208cd02d7daca65c4
paintball/runs/P56C_tamp4_T_23716973/ereq_40737742-c0c3-48bc-a891-a5b3fcf42005-policy_agent_11.zip,554302,70132a3da802d61c041bb89796fce088
paintball/runs/P56C_tamp4_T_23821702/ereq_a6861937-0f9f-4d4e-85ed-bfc5b6cb334f-policy_agent_10.art.log,6662064,c92ddd3e5f72ac19e128216cf4b7d981
paintball/runs/P56C_tamp4_T_23821702/ereq_a6861937-0f9f-4d4e-85ed-bfc5b6cb334f-policy_agent_10.zip,280286,9f1b87fdb68bda674c976977b39c84a2
paintball/runs/P56C_tamp4_T_23821702/ereq_a6861937-0f9f-4d4e-85ed-bfc5b6cb334f-policy_agent_11.art.log,2343803,d5e67fd7654e16af2379aaca5bac7607
paintball/runs/P56C_tamp4_T_23821702/ereq_a6861937-0f9f-4d4e-85ed-bfc5b6cb334f-policy_agent_11.zip,72692,fea027e1627e1c978bada435a86c5938
paintball/runs/P56C_tamp4_T_23926431/ereq_af342efe-048f-463a-b4c3-480caf0d04f9-policy_agent_10.art.log,1823471,5737c2b8aa07679e1ff024401c3fb955
paintball/runs/P56C_tamp4_T_23926431/ereq_af342efe-048f-463a-b4c3-480caf0d04f9-policy_agent_10.zip,62797,0db2b190d3f6bb64099633e42df17b7a
paintball/runs/P56C_tamp4_T_23926431/ereq_af342efe-048f-463a-b4c3-480caf0d04f9-policy_agent_11.art.log,21436457,90daa510ca7e4e4c3e3a1761f3ba150c
paintball/runs/P56C_tamp4_T_23926431/ereq_af342efe-048f-463a-b4c3-480caf0d04f9-policy_agent_11.zip,902885,484ee868c0c4b6641066bbe5256ac964
paintball/runs/P56C_tamp5_F_24031160/ereq_c43f08de-4bd1-42e7-84df-795642415a35-policy_agent_10.art.log,19417724,9cf40bd567fd1aebb199e36cd3917c79
paintball/runs/P56C_tamp5_F_24031160/ereq_c43f08de-4bd1-42e7-84df-795642415a35-policy_agent_10.zip,583333,3a9c59ad6656fa51ddd3fd27a073a9c7
paintball/runs/P56C_tamp5_F_24031160/ereq_c43f08de-4bd1-42e7-84df-795642415a35-policy_agent_11.art.log,23225505,4a051ab6a07693687d0923a205c40ed9
paintball/runs/P56C_tamp5_F_24031160/ereq_c43f08de-4bd1-42e7-84df-795642415a35-policy_agent_11.zip,861284,f8c4c583cb8e0724d39cb6753558acbf
paintball/runs/P56C_tamp5_F_24135889/ereq_c0efc46a-a046-4d24-a85e-778fc6954ab2-policy_agent_10.art.log,20345249,d9cf3573d8ec1e939661242bdcf7d2d8
paintball/runs/P56C_tamp5_F_24135889/ereq_c0efc46a-a046-4d24-a85e-778fc6954ab2-policy_agent_10.zip,843582,b92fdb6675a229f01db924e353ad95ed
paintball/runs/P56C_tamp5_F_24135889/ereq_c0efc46a-a046-4d24-a85e-778fc6954ab2-policy_agent_11.art.log,1431578,24b702f79c6edc0bb35e61a804b97b61
paintball/runs/P56C_tamp5_F_24135889/ereq_c0efc46a-a046-4d24-a85e-778fc6954ab2-policy_agent_11.zip,48358,52bf6626b1b6609965134d174750ef41
paintball/runs/P56C_tamp5_F_24240618/ereq_8a6cec39-cf9b-4990-8fb8-2bba11788d68-policy_agent_10.art.log,2111855,0cc6f3c99fa0d31f8b0fb479b53e3ec2
paintball/runs/P56C_tamp5_F_24240618/ereq_8a6cec39-cf9b-4990-8fb8-2bba11788d68-policy_agent_10.zip,86197,ed878592f7283e51a55f8c0f8d538812
paintball/runs/P56C_tamp5_F_24240618/ereq_8a6cec39-cf9b-4990-8fb8-2bba11788d68-policy_agent_11.art.log,1453989,c933ce9ec3ecfdaa16e8305111568311
paintball/runs/P56C_tamp5_F_24240618/ereq_8a6cec39-cf9b-4990-8fb8-2bba11788d68-policy_agent_11.zip,57028,4b19bddf189d79e29dbcf8990760ffd4
paintball/runs/P56C_tamp5_F_24345347/ereq_898aa4eb-27f3-4d25-b5b2-4aaa71a5807d-policy_agent_10.art.log,21328641,3351877bec5fb2182c6761fcc91166c2
paintball/runs/P56C_tamp5_F_24345347/ereq_898aa4eb-27f3-4d25-b5b2-4aaa71a5807d-policy_agent_10.zip,718158,6498689c807a63baf40306e470c1874e
paintball/runs/P56C_tamp5_F_24345347/ereq_898aa4eb-27f3-4d25-b5b2-4aaa71a5807d-policy_agent_11.art.log,20435302,575bb2170854892afbaf945985699f43
paintball/runs/P56C_tamp5_F_24345347/ereq_898aa4eb-27f3-4d25-b5b2-4aaa71a5807d-policy_agent_11.zip,738715,ce17e31d3dc891904589d42a24bcbd20
paintball/runs/P56C_tamp5_T_24031160/ereq_a7ce2ae5-3de7-45f3-b4b1-a86c9d1eef9f-policy_agent_10.art.log,9322179,5101df99db5a488a72caf57f93ded741
paintball/runs/P56C_tamp5_T_24031160/ereq_a7ce2ae5-3de7-45f3-b4b1-a86c9d1eef9f-policy_agent_10.zip,286640,45aff0dc51baba319a57e54d9f006296
paintball/runs/P56C_tamp5_T_24031160/ereq_a7ce2ae5-3de7-45f3-b4b1-a86c9d1eef9f-policy_agent_11.art.log,13966068,587ad2d2992dc33f5001d4ab61a32640
paintball/runs/P56C_tamp5_T_24031160/ereq_a7ce2ae5-3de7-45f3-b4b1-a86c9d1eef9f-policy_agent_11.zip,513999,f6bf600cd42c1d2dee20dd12f0f91127
paintball/runs/P56C_tamp5_T_24135889/ereq_48babb33-ac1b-4c53-965c-502bc8d8b048-policy_agent_10.art.log,21130697,3893f003a17366fa254e1c8a5962b94d
paintball/runs/P56C_tamp5_T_24135889/ereq_48babb33-ac1b-4c53-965c-502bc8d8b048-policy_agent_10.zip,864195,94be36bf55be15af57251edd1501617d
paintball/runs/P56C_tamp5_T_24135889/ereq_48babb33-ac1b-4c53-965c-502bc8d8b048-policy_agent_11.art.log,1427652,87e5d5dd474e710a1c16966521b53f2f
paintball/runs/P56C_tamp5_T_24135889/ereq_48babb33-ac1b-4c53-965c-502bc8d8b048-policy_agent_11.zip,46981,dbd72c0b3804526dade886901e567059
paintball/runs/P56C_tamp5_T_24240618/ereq_31461980-8c6a-46a1-bfc9-45dc3ae27784-policy_agent_10.art.log,11162566,075fa315151eb3851db040aeb4eb7f83
paintball/runs/P56C_tamp5_T_24240618/ereq_31461980-8c6a-46a1-bfc9-45dc3ae27784-policy_agent_10.zip,501290,13249b03eebbdf51569a7272a712ec77
paintball/runs/P56C_tamp5_T_24240618/ereq_31461980-8c6a-46a1-bfc9-45dc3ae27784-policy_agent_11.art.log,1549748,6f02eab563ea16cf04132b0400fe8cf6
paintball/runs/P56C_tamp5_T_24240618/ereq_31461980-8c6a-46a1-bfc9-45dc3ae27784-policy_agent_11.zip,58942,7cc83bac582e2968274178b6ae55222b
paintball/runs/P56C_tamp5_T_24345347/ereq_4f302369-8596-4ba7-a090-48ef0f7c223a-policy_agent_10.art.log,24369022,79967a2369341dd1edab7b062e7a26a1
paintball/runs/P56C_tamp5_T_24345347/ereq_4f302369-8596-4ba7-a090-48ef0f7c223a-policy_agent_10.zip,756600,75466b0319aa47e523cf2fac33381961
paintball/runs/P56C_tamp5_T_24345347/ereq_4f302369-8596-4ba7-a090-48ef0f7c223a-policy_agent_11.art.log,27727111,a812e0be27ec26c636c35470880a46c4
paintball/runs/P56C_tamp5_T_24345347/ereq_4f302369-8596-4ba7-a090-48ef0f7c223a-policy_agent_11.zip,955528,2b525d48c534e9c87e0159f5f6f9c7c6
paintball/runs/P57C_t1_A_20260916/ereq_a92ffea1-20e9-4c45-a275-b3565154f775-policy_agent_10.art.log,21312585,69af1f6c94fd5fb1dcf087ea6e27b330
paintball/runs/P57C_t1_A_20260916/ereq_a92ffea1-20e9-4c45-a275-b3565154f775-policy_agent_10.zip,581345,b1e25f98ade54e389f436b1af4297c37
paintball/runs/P57C_t1_A_20260916/ereq_a92ffea1-20e9-4c45-a275-b3565154f775-policy_agent_11.art.log,21856279,a67439a3712573827a6ba2f4e5d9a240
paintball/runs/P57C_t1_A_20260916/ereq_a92ffea1-20e9-4c45-a275-b3565154f775-policy_agent_11.zip,601257,ddcde63776cdd462bda485e73d2dfb0c
paintball/runs/P57C_t1_A_20365645/ereq_3d80c325-cfa7-442b-a954-b93f5366f0f1-policy_agent_10.art.log,33642100,a308ef5cc734e7d35f42d0be3dc5902a
paintball/runs/P57C_t1_A_20365645/ereq_3d80c325-cfa7-442b-a954-b93f5366f0f1-policy_agent_10.zip,891779,690679b6a73b195a1d9e5d582e5b19ab
paintball/runs/P57C_t1_A_20365645/ereq_3d80c325-cfa7-442b-a954-b93f5366f0f1-policy_agent_11.art.log,34292553,79e3bf046c18d2613fa9e7d8af74ae54
paintball/runs/P57C_t1_A_20365645/ereq_3d80c325-cfa7-442b-a954-b93f5366f0f1-policy_agent_11.zip,782986,c32a2903f392b665f2e242c1c65a6251
paintball/runs/P57C_t1_A_20470374/ereq_78cc5307-56a4-4497-a011-90b451d070dc-policy_agent_10.art.log,34676019,1840d357f1a8102059557cf065671c98
paintball/runs/P57C_t1_A_20470374/ereq_78cc5307-56a4-4497-a011-90b451d070dc-policy_agent_10.zip,823238,abf06ee7de28c0df0ef5471afceb863b
paintball/runs/P57C_t1_A_20470374/ereq_78cc5307-56a4-4497-a011-90b451d070dc-policy_agent_11.art.log,33993661,3a0f647f59e7f439ce1db8114b593eb8
paintball/runs/P57C_t1_A_20470374/ereq_78cc5307-56a4-4497-a011-90b451d070dc-policy_agent_11.zip,792880,436ef08dea815b89d5c6f88db020e14e
paintball/runs/P57C_t1_A_20575103/ereq_58fc9c11-d8e7-4483-bc7c-4a3f38bbdfc9-policy_agent_10.art.log,1536893,eddb87a853a2969978223c2ec04cb6f6
paintball/runs/P57C_t1_A_20575103/ereq_58fc9c11-d8e7-4483-bc7c-4a3f38bbdfc9-policy_agent_10.zip,48954,662cd26ec00ce78ef9e9f4faa5bf69c5
paintball/runs/P57C_t1_A_20575103/ereq_58fc9c11-d8e7-4483-bc7c-4a3f38bbdfc9-policy_agent_11.art.log,6393264,7063cc5661989e869c50507ece91c642
paintball/runs/P57C_t1_A_20575103/ereq_58fc9c11-d8e7-4483-bc7c-4a3f38bbdfc9-policy_agent_11.zip,260976,11502b497ab1be022a1aed2be1b3196e
paintball/runs/P57C_t1_A_20679832/ereq_5883fcd0-e24e-4381-82b5-fd3fa97ad282-policy_agent_10.art.log,4004356,8ab0b751782b60c74799e42102dd031c
paintball/runs/P57C_t1_A_20679832/ereq_5883fcd0-e24e-4381-82b5-fd3fa97ad282-policy_agent_10.zip,147829,ddea9dcc756676efa81783a5ba7bb5bd
paintball/runs/P57C_t1_A_20679832/ereq_5883fcd0-e24e-4381-82b5-fd3fa97ad282-policy_agent_11.art.log,3534560,c4f9de1ae1f6943dc6602f61ed062bc7
paintball/runs/P57C_t1_A_20679832/ereq_5883fcd0-e24e-4381-82b5-fd3fa97ad282-policy_agent_11.zip,98208,502fa0802fc4fd84ff33989af433ae64
paintball/runs/P57C_t1_Q_20260916/ereq_e03e2649-e1d4-46e5-a4a1-318980d866a3-policy_agent_10.art.log,21434202,aa14d5524087b927a18de93aeb3a971e
paintball/runs/P57C_t1_Q_20260916/ereq_e03e2649-e1d4-46e5-a4a1-318980d866a3-policy_agent_10.zip,723390,01bb11ac5f8bcd94e2925aea659c6ef9
paintball/runs/P57C_t1_Q_20260916/ereq_e03e2649-e1d4-46e5-a4a1-318980d866a3-policy_agent_11.art.log,24676804,55a9795da92c3b1755257fa6e978276a
paintball/runs/P57C_t1_Q_20260916/ereq_e03e2649-e1d4-46e5-a4a1-318980d866a3-policy_agent_11.zip,908471,5e37439dfe7344873e404df44f0e7c13
paintball/runs/P57C_t1_Q_20365645/ereq_f76b85fe-8a3c-4b31-8576-1598f60afa15-policy_agent_10.art.log,22242409,fa4726bd542c15f74bb80ad8fbcfdc57
paintball/runs/P57C_t1_Q_20365645/ereq_f76b85fe-8a3c-4b31-8576-1598f60afa15-policy_agent_10.zip,761180,9aaadb7c41559cd6f9d49acf88042932
paintball/runs/P57C_t1_Q_20365645/ereq_f76b85fe-8a3c-4b31-8576-1598f60afa15-policy_agent_11.art.log,17770756,cd7389d77c0e7d8223d3756be6ce8c30
paintball/runs/P57C_t1_Q_20365645/ereq_f76b85fe-8a3c-4b31-8576-1598f60afa15-policy_agent_11.zip,578687,a28de7f788c304cf10b73549d94e8e1b
paintball/runs/P57C_t1_Q_20470374/ereq_0694f0b3-d89d-411a-becb-af509c3297e1-policy_agent_10.art.log,21296028,f23015b9af774fbc5365b0865db13f85
paintball/runs/P57C_t1_Q_20470374/ereq_0694f0b3-d89d-411a-becb-af509c3297e1-policy_agent_10.zip,735046,610a11804aa761ec9fb9bf555c6ba110
paintball/runs/P57C_t1_Q_20470374/ereq_0694f0b3-d89d-411a-becb-af509c3297e1-policy_agent_11.art.log,24204043,3690a7daaf0553a046e2847e56d35288
paintball/runs/P57C_t1_Q_20470374/ereq_0694f0b3-d89d-411a-becb-af509c3297e1-policy_agent_11.zip,887023,f00854e649d33bbb1d531b1ceecea6cf
paintball/runs/P57C_t1_Q_20575103/ereq_38c6d6d8-b966-4479-a34f-60ee680acd99-policy_agent_10.art.log,27409192,56f8e1d15ead48b43b85467163570531
paintball/runs/P57C_t1_Q_20575103/ereq_38c6d6d8-b966-4479-a34f-60ee680acd99-policy_agent_10.zip,879358,97eaf3c8fefe268b754936f8085d2bae
paintball/runs/P57C_t1_Q_20575103/ereq_38c6d6d8-b966-4479-a34f-60ee680acd99-policy_agent_11.art.log,31233879,c488479f0aefc9324b9bc48a00d63747
paintball/runs/P57C_t1_Q_20575103/ereq_38c6d6d8-b966-4479-a34f-60ee680acd99-policy_agent_11.zip,1016037,8ac5371df58c7293e7bf940d3be0d8ac
paintball/runs/P57C_t1_Q_20679832/ereq_a9b2b021-75f9-4b62-bfd3-49388f59799b-policy_agent_10.art.log,42699084,fc4f5836fbbf3a443ceaef7ccefe492b
paintball/runs/P57C_t1_Q_20679832/ereq_a9b2b021-75f9-4b62-bfd3-49388f59799b-policy_agent_10.zip,1440101,6daa55002ff18d3e0dea16d84ca11e99
paintball/runs/P57C_t1_Q_20679832/ereq_a9b2b021-75f9-4b62-bfd3-49388f59799b-policy_agent_11.art.log,43500878,da3bd14a963d07192a7201deb7565e8a
paintball/runs/P57C_t1_Q_20679832/ereq_a9b2b021-75f9-4b62-bfd3-49388f59799b-policy_agent_11.zip,1457731,8f89851c6abb214c31ae2ef53a662156
paintball/runs/P57C_t2_A_20784561/ereq_cb8867c5-2a94-4e51-bca0-7190b63f1af9-policy_agent_10.art.log,27750747,7e70aa9bceffdfcca74b4d64ebd3f9fb
paintball/runs/P57C_t2_A_20784561/ereq_cb8867c5-2a94-4e51-bca0-7190b63f1af9-policy_agent_10.zip,821098,d68adf7397fe26de0fa606bce4093540
paintball/runs/P57C_t2_A_20784561/ereq_cb8867c5-2a94-4e51-bca0-7190b63f1af9-policy_agent_11.art.log,29647399,652a482c94a58bd388cfbe1003ac42ef
paintball/runs/P57C_t2_A_20784561/ereq_cb8867c5-2a94-4e51-bca0-7190b63f1af9-policy_agent_11.zip,890991,efbf5dcdb60fd5752714b19b200eab75
paintball/runs/P57C_t2_A_20889290/ereq_f3546500-d73a-45c4-b8f0-093bfbc3babf-policy_agent_10.art.log,23895526,dbe1450efac153bf4c4a1141911f6a53
paintball/runs/P57C_t2_A_20889290/ereq_f3546500-d73a-45c4-b8f0-093bfbc3babf-policy_agent_10.zip,649448,b50f869f3a0218e67ed589c5421e1a0d
paintball/runs/P57C_t2_A_20889290/ereq_f3546500-d73a-45c4-b8f0-093bfbc3babf-policy_agent_11.art.log,24416927,715d78cba16a3f976f5687e1c8d206fd
paintball/runs/P57C_t2_A_20889290/ereq_f3546500-d73a-45c4-b8f0-093bfbc3babf-policy_agent_11.zip,631320,2f59de305e5ad69bc0180d0f8f7cbba2
paintball/runs/P57C_t2_A_20994019/ereq_119bda6a-02b1-4dd7-a3d7-28ca81ec0bbf-policy_agent_10.art.log,22840338,5b4b7b468d570c978530a8bcb64ebf58
paintball/runs/P57C_t2_A_20994019/ereq_119bda6a-02b1-4dd7-a3d7-28ca81ec0bbf-policy_agent_10.zip,764379,052406a72a2211246864861b409a13e4
paintball/runs/P57C_t2_A_20994019/ereq_119bda6a-02b1-4dd7-a3d7-28ca81ec0bbf-policy_agent_11.art.log,23952315,2d949f7f20a6a6538393f942edd6f12d
paintball/runs/P57C_t2_A_20994019/ereq_119bda6a-02b1-4dd7-a3d7-28ca81ec0bbf-policy_agent_11.zip,669478,cd967a40e69ad9ac7f48f1f58246d7a2
paintball/runs/P57C_t2_A_21098748/ereq_80cb1f52-4083-4717-bdb6-c1a259b4485a-policy_agent_10.art.log,13042997,d3df2cefd244f3b4d1cf94291b3c13dd
paintball/runs/P57C_t2_A_21098748/ereq_80cb1f52-4083-4717-bdb6-c1a259b4485a-policy_agent_10.zip,312434,27602478f66470a94ddcac1487885cbb
paintball/runs/P57C_t2_A_21098748/ereq_80cb1f52-4083-4717-bdb6-c1a259b4485a-policy_agent_11.art.log,38512979,9bea243e966bb12e1108a94f3da8f9fc
paintball/runs/P57C_t2_A_21098748/ereq_80cb1f52-4083-4717-bdb6-c1a259b4485a-policy_agent_11.zip,1292436,d91034183bb0d0345247091e707eba34
paintball/runs/P57C_t2_A_21203477/ereq_4337f950-8e98-4294-8cc3-d7be47955e10-policy_agent_10.art.log,32726943,52de945a1544e623044a73f804723638
paintball/runs/P57C_t2_A_21203477/ereq_4337f950-8e98-4294-8cc3-d7be47955e10-policy_agent_10.zip,868180,c6694f0b3002421e1aebfc9aefc87a18
paintball/runs/P57C_t2_A_21203477/ereq_4337f950-8e98-4294-8cc3-d7be47955e10-policy_agent_11.art.log,35896897,b72560c2d1052ca9d3e118cdbfa70f30
paintball/runs/P57C_t2_A_21203477/ereq_4337f950-8e98-4294-8cc3-d7be47955e10-policy_agent_11.zip,859701,43ff1e7f59623876d3ba3ad6e8fa4647
paintball/runs/P57C_t2_Q_20784561/ereq_f5dd0543-aa89-4413-b02b-767ef1a55946-policy_agent_10.art.log,25935587,c918a004725bfd228715fda0464512e2
paintball/runs/P57C_t2_Q_20784561/ereq_f5dd0543-aa89-4413-b02b-767ef1a55946-policy_agent_10.zip,638438,6d2b429d2b3dd76ebf16ab6f2aa9b85c
paintball/runs/P57C_t2_Q_20784561/ereq_f5dd0543-aa89-4413-b02b-767ef1a55946-policy_agent_11.art.log,26785113,522093ff6a28fb2054b7b59d428df0dc
paintball/runs/P57C_t2_Q_20784561/ereq_f5dd0543-aa89-4413-b02b-767ef1a55946-policy_agent_11.zip,688415,87f4632055e02ff7fcaefcd29ea98de9
paintball/runs/P57C_t2_Q_20889290/ereq_2f950c51-54f6-45bf-93d1-bc331fac0108-policy_agent_10.art.log,8778087,43ad2bde8c74cc442647e68aa7f39086
paintball/runs/P57C_t2_Q_20889290/ereq_2f950c51-54f6-45bf-93d1-bc331fac0108-policy_agent_10.zip,288716,bc7a85de115db2d8474fa6286b86409a
paintball/runs/P57C_t2_Q_20889290/ereq_2f950c51-54f6-45bf-93d1-bc331fac0108-policy_agent_11.art.log,9305948,d784fd13177cdd0ff83c8c44ecaaf00e
paintball/runs/P57C_t2_Q_20889290/ereq_2f950c51-54f6-45bf-93d1-bc331fac0108-policy_agent_11.zip,316805,a27a4e19c28507c4291dce5c0abf9679
paintball/runs/P57C_t2_Q_20994019/ereq_e3e4a1cd-7699-4822-a66e-c5e26b92d282-policy_agent_10.art.log,30430129,6b0ae1200185eb1cd2713bd855bc119c
paintball/runs/P57C_t2_Q_20994019/ereq_e3e4a1cd-7699-4822-a66e-c5e26b92d282-policy_agent_10.zip,880487,35acd55b38477642887ad1d0278f08d1
paintball/runs/P57C_t2_Q_20994019/ereq_e3e4a1cd-7699-4822-a66e-c5e26b92d282-policy_agent_11.art.log,30728987,45385fb4711715142226451d2e291541
paintball/runs/P57C_t2_Q_20994019/ereq_e3e4a1cd-7699-4822-a66e-c5e26b92d282-policy_agent_11.zip,893783,2581ee25ad859ad9ac2a8d1ca5cee039
paintball/runs/P57C_t2_Q_21098748/ereq_bdd230ae-6db1-46c6-a7c8-d9abeabcedae-policy_agent_10.art.log,38260580,9a6bc11cb4a9e8196ce77a55692f9b9b
paintball/runs/P57C_t2_Q_21098748/ereq_bdd230ae-6db1-46c6-a7c8-d9abeabcedae-policy_agent_10.zip,1154361,704399906ace714bd2cfce8f4fe49c59
paintball/runs/P57C_t2_Q_21098748/ereq_bdd230ae-6db1-46c6-a7c8-d9abeabcedae-policy_agent_11.art.log,40176828,f4aaf4545cc42ee253e28df799ae458c
paintball/runs/P57C_t2_Q_21098748/ereq_bdd230ae-6db1-46c6-a7c8-d9abeabcedae-policy_agent_11.zip,1187554,fe9f7196f8f7c017892020e2b13f06b1
paintball/runs/P57C_t2_Q_21203477/ereq_6131b81c-b68f-4953-a580-a89335550c6d-policy_agent_10.art.log,33770300,13bed4d5c6803e828fe26340d529d9bc
paintball/runs/P57C_t2_Q_21203477/ereq_6131b81c-b68f-4953-a580-a89335550c6d-policy_agent_10.zip,1250187,0293d82369c9da7b58b5a749d8a15e65
paintball/runs/P57C_t2_Q_21203477/ereq_6131b81c-b68f-4953-a580-a89335550c6d-policy_agent_11.art.log,24432891,5714fd431964a1e4436738726dcb7200
paintball/runs/P57C_t2_Q_21203477/ereq_6131b81c-b68f-4953-a580-a89335550c6d-policy_agent_11.zip,772948,3777ba87e12f74239fedda1b93f229b6
paintball/runs/P57C_t3_A_21308206/ereq_12a69c2c-ba96-40f2-9a23-2add9959a1cd-policy_agent_10.art.log,22063796,bf53290050fef02db01326205f024967
paintball/runs/P57C_t3_A_21308206/ereq_12a69c2c-ba96-40f2-9a23-2add9959a1cd-policy_agent_10.zip,546629,0280455512724951b5131d98dd9e43de
paintball/runs/P57C_t3_A_21308206/ereq_12a69c2c-ba96-40f2-9a23-2add9959a1cd-policy_agent_11.art.log,24489098,0ee3394d2c9395e5f62bc287f7963d9c
paintball/runs/P57C_t3_A_21308206/ereq_12a69c2c-ba96-40f2-9a23-2add9959a1cd-policy_agent_11.zip,717589,8744997029934c4ad027c654779067fa
paintball/runs/P57C_t3_A_21412935/ereq_cf6e04dc-464a-452a-b9e2-3791328ddfe6-policy_agent_10.art.log,29888715,0d3d2f5611aca648631b76917cf011e6
paintball/runs/P57C_t3_A_21412935/ereq_cf6e04dc-464a-452a-b9e2-3791328ddfe6-policy_agent_10.zip,720290,5768bc9b44d4c0c468176b3cdf2d258a
paintball/runs/P57C_t3_A_21412935/ereq_cf6e04dc-464a-452a-b9e2-3791328ddfe6-policy_agent_11.art.log,28997096,dc4e4c96c76f45d59accafe7790ed0e4
paintball/runs/P57C_t3_A_21412935/ereq_cf6e04dc-464a-452a-b9e2-3791328ddfe6-policy_agent_11.zip,730635,ec3eeb7079d8aeeb47e3f3119280bcb9
paintball/runs/P57C_t3_A_21517664/ereq_75925a3e-e4c0-42e9-91b7-e3e42410955e-policy_agent_10.art.log,2591617,a6644c998d16b7edc2373e33f4a636bd
paintball/runs/P57C_t3_A_21517664/ereq_75925a3e-e4c0-42e9-91b7-e3e42410955e-policy_agent_10.zip,76059,55aae6f6c88325000e642ef8b89cefd3
paintball/runs/P57C_t3_A_21517664/ereq_75925a3e-e4c0-42e9-91b7-e3e42410955e-policy_agent_11.art.log,9485509,ea65b19dfb616b62f2dd9ab288fc7ba4
paintball/runs/P57C_t3_A_21517664/ereq_75925a3e-e4c0-42e9-91b7-e3e42410955e-policy_agent_11.zip,352496,a04432328b224c89cd4890f2814a4d34
paintball/runs/P57C_t3_A_21622393/ereq_fa1a0e2c-de6c-4871-8e25-30f9397a4409-policy_agent_10.art.log,19077679,0635662fe70fa18c0de942e5ee05b52b
paintball/runs/P57C_t3_A_21622393/ereq_fa1a0e2c-de6c-4871-8e25-30f9397a4409-policy_agent_10.zip,579751,9a5b61162b6783a73177edd01e1f9799
paintball/runs/P57C_t3_A_21622393/ereq_fa1a0e2c-de6c-4871-8e25-30f9397a4409-policy_agent_11.art.log,18799296,f401584b0abedad25bf844d1d0a16077
paintball/runs/P57C_t3_A_21622393/ereq_fa1a0e2c-de6c-4871-8e25-30f9397a4409-policy_agent_11.zip,569722,aa975264e920f86829d2ba531f0aa1fb
paintball/runs/P57C_t3_A_21727122/ereq_e987f180-52b4-440b-9437-6bd3d0c08771-policy_agent_10.art.log,23056339,f91dc6514f70b454ab5db33678472fc6
paintball/runs/P57C_t3_A_21727122/ereq_e987f180-52b4-440b-9437-6bd3d0c08771-policy_agent_10.zip,577862,629635e39047b3ed7757d97f9c4de5a4
paintball/runs/P57C_t3_A_21727122/ereq_e987f180-52b4-440b-9437-6bd3d0c08771-policy_agent_11.art.log,23075938,5ab3972dd55e667c90a16e39ffebb619
paintball/runs/P57C_t3_A_21727122/ereq_e987f180-52b4-440b-9437-6bd3d0c08771-policy_agent_11.zip,646488,32c26ad1713be401af0592aaed93e3da
paintball/runs/P57C_t3_Q_21308206/ereq_5eb7a729-b5a5-44d2-865d-1b5623c23dc0-policy_agent_10.art.log,27078125,6b432f2c91cd30eb40a17f3e01f22e5e
paintball/runs/P57C_t3_Q_21308206/ereq_5eb7a729-b5a5-44d2-865d-1b5623c23dc0-policy_agent_10.zip,776809,5c5ceacc49ad0103bed9859ab4603d91
paintball/runs/P57C_t3_Q_21308206/ereq_5eb7a729-b5a5-44d2-865d-1b5623c23dc0-policy_agent_11.art.log,24561392,f0702bd1e36540233cb43644ae2edc85
paintball/runs/P57C_t3_Q_21308206/ereq_5eb7a729-b5a5-44d2-865d-1b5623c23dc0-policy_agent_11.zip,748985,10c1b40bf5852028cf81c4ca3af54e5f
paintball/runs/P57C_t3_Q_21412935/ereq_8de2942f-08be-4735-b777-094a910bd1dc-policy_agent_10.art.log,37050491,f00e7c694c3cb9a2ac175ec04debb51b
paintball/runs/P57C_t3_Q_21412935/ereq_8de2942f-08be-4735-b777-094a910bd1dc-policy_agent_10.zip,1278953,814d354020975667794d5e56dcc67313
paintball/runs/P57C_t3_Q_21412935/ereq_8de2942f-08be-4735-b777-094a910bd1dc-policy_agent_11.art.log,40878068,1ad2cd241a4f71aaf0ecb415d0307102
paintball/runs/P57C_t3_Q_21412935/ereq_8de2942f-08be-4735-b777-094a910bd1dc-policy_agent_11.zip,1352515,aa41acf5c53000b22c5f4f119b3c9e50
paintball/runs/P57C_t3_Q_21517664/ereq_fc74d27c-677f-470e-8169-0b6762045fb3-policy_agent_10.art.log,28674010,1c7adfcb1085efc50e757c99d718cd59
paintball/runs/P57C_t3_Q_21517664/ereq_fc74d27c-677f-470e-8169-0b6762045fb3-policy_agent_10.zip,992507,32e323f3bda7f36c1432fdccca3ebc18
paintball/runs/P57C_t3_Q_21517664/ereq_fc74d27c-677f-470e-8169-0b6762045fb3-policy_agent_11.art.log,25779519,b56c394be21388a28d674e0d2189217c
paintball/runs/P57C_t3_Q_21517664/ereq_fc74d27c-677f-470e-8169-0b6762045fb3-policy_agent_11.zip,862328,0fb999dd0952523733179f2b103fb6aa
paintball/runs/P57C_t3_Q_21622393/ereq_c6917537-94d1-469c-b3c7-36d6a8698aa1-policy_agent_10.art.log,22548083,75be1c1035a97719e1ee22025739b37d
paintball/runs/P57C_t3_Q_21622393/ereq_c6917537-94d1-469c-b3c7-36d6a8698aa1-policy_agent_10.zip,767107,de7e13819d0117592590c4fbdd0c6698
paintball/runs/P57C_t3_Q_21622393/ereq_c6917537-94d1-469c-b3c7-36d6a8698aa1-policy_agent_11.art.log,22738453,3817424f0541192b630d34b239207c94
paintball/runs/P57C_t3_Q_21622393/ereq_c6917537-94d1-469c-b3c7-36d6a8698aa1-policy_agent_11.zip,786090,ad6edae0a01e16dd6884a229b9b966d0
paintball/runs/P57C_t3_Q_21727122/ereq_81f984df-28fa-485f-95de-aadcd1ba9fde-policy_agent_10.art.log,35121296,fcfc03211fd230ef56b957246043cf26
paintball/runs/P57C_t3_Q_21727122/ereq_81f984df-28fa-485f-95de-aadcd1ba9fde-policy_agent_10.zip,1157415,d0a0c0990ca1cc8c7242a12ff5560c03
paintball/runs/P57C_t3_Q_21727122/ereq_81f984df-28fa-485f-95de-aadcd1ba9fde-policy_agent_11.art.log,35103866,87ec4fa760ca5f60bcda97c4731b8801
paintball/runs/P57C_t3_Q_21727122/ereq_81f984df-28fa-485f-95de-aadcd1ba9fde-policy_agent_11.zip,1121319,57a0f0bb307f43a191900f7e2de188fd
paintball/runs/P57C_t4_A_21831851/ereq_b8ee5854-bf8d-488c-98f4-2b0e84ec3e0c-policy_agent_10.art.log,20177540,132224d8bfa6c9b24270c17894c7d29b
paintball/runs/P57C_t4_A_21831851/ereq_b8ee5854-bf8d-488c-98f4-2b0e84ec3e0c-policy_agent_10.zip,580510,430d489a238d44006af4f4c5ae60f3b5
paintball/runs/P57C_t4_A_21831851/ereq_b8ee5854-bf8d-488c-98f4-2b0e84ec3e0c-policy_agent_11.art.log,20131309,deb99592c44db81c94f1834b875f6793
paintball/runs/P57C_t4_A_21831851/ereq_b8ee5854-bf8d-488c-98f4-2b0e84ec3e0c-policy_agent_11.zip,590605,96a9d5d29f3bff99cafb2c5884cceb3e
paintball/runs/P57C_t4_A_21936580/ereq_0bae2a05-5e76-4d24-aee5-6c2091f4b1e8-policy_agent_10.art.log,14252587,9810ba767d5a25afaa63f7324064e253
paintball/runs/P57C_t4_A_21936580/ereq_0bae2a05-5e76-4d24-aee5-6c2091f4b1e8-policy_agent_10.zip,338966,407794b2914a1e9a6bd9baf7277e8778
paintball/runs/P57C_t4_A_21936580/ereq_0bae2a05-5e76-4d24-aee5-6c2091f4b1e8-policy_agent_11.art.log,13355536,666dbe4fe58338a9ead7bf6b0ef183f1
paintball/runs/P57C_t4_A_21936580/ereq_0bae2a05-5e76-4d24-aee5-6c2091f4b1e8-policy_agent_11.zip,359112,4fc562d313fbc7ca40e13f3d4a19e30a
paintball/runs/P57C_t4_A_22041309/ereq_5b2e8999-e165-4bba-b4d2-4f8028051da3-policy_agent_10.art.log,22468355,e4fea577a30819a635e33f5638f2fd31
paintball/runs/P57C_t4_A_22041309/ereq_5b2e8999-e165-4bba-b4d2-4f8028051da3-policy_agent_10.zip,588529,3ab48fb7e49f39881685d33de9affe68
paintball/runs/P57C_t4_A_22041309/ereq_5b2e8999-e165-4bba-b4d2-4f8028051da3-policy_agent_11.art.log,22614361,3a8485d1bf7618295e3f18b16bdd7592
paintball/runs/P57C_t4_A_22041309/ereq_5b2e8999-e165-4bba-b4d2-4f8028051da3-policy_agent_11.zip,587763,75c09469aef6e56666cbff47503a17d7
paintball/runs/P57C_t4_A_22146038/ereq_0d7309e9-b1a6-40ed-a627-12101d5b0d15-policy_agent_10.art.log,33469297,c420989a7b83c7dae6a469f405a10a69
paintball/runs/P57C_t4_A_22146038/ereq_0d7309e9-b1a6-40ed-a627-12101d5b0d15-policy_agent_10.zip,1079745,b4d332d196f22186e3d6e29566631bb9
paintball/runs/P57C_t4_A_22146038/ereq_0d7309e9-b1a6-40ed-a627-12101d5b0d15-policy_agent_11.art.log,30082476,c10255291bbb905be9506474a89ecf6f
paintball/runs/P57C_t4_A_22146038/ereq_0d7309e9-b1a6-40ed-a627-12101d5b0d15-policy_agent_11.zip,919500,13462b5634347abed49948adb1ca4b1a
paintball/runs/P57C_t4_A_22250767/ereq_8c595f41-228b-4731-811e-ad1ff27791cc-policy_agent_10.art.log,19149948,8325dd0e508939957a8e94f2071b2dda
paintball/runs/P57C_t4_A_22250767/ereq_8c595f41-228b-4731-811e-ad1ff27791cc-policy_agent_10.zip,579967,97c84f6e17210cc431cf5d58608039a9
paintball/runs/P57C_t4_A_22250767/ereq_8c595f41-228b-4731-811e-ad1ff27791cc-policy_agent_11.art.log,27066630,2172434c71a5087c2d8c7ffed0f51971
paintball/runs/P57C_t4_A_22250767/ereq_8c595f41-228b-4731-811e-ad1ff27791cc-policy_agent_11.zip,868964,d4ffe4466a689053b4c90c897346d6cf
paintball/runs/P57C_t4_Q_21831851/ereq_0831fdfc-8549-43e5-bc13-08825cc6aced-policy_agent_10.art.log,20827013,cec5d3b60a6fbf502c6386d2334c816b
paintball/runs/P57C_t4_Q_21831851/ereq_0831fdfc-8549-43e5-bc13-08825cc6aced-policy_agent_10.zip,649634,9227d4c00b6e0952b8d9b335f19cbee5
paintball/runs/P57C_t4_Q_21831851/ereq_0831fdfc-8549-43e5-bc13-08825cc6aced-policy_agent_11.art.log,21928523,2360580510cca77d416552be2c3d1162
paintball/runs/P57C_t4_Q_21831851/ereq_0831fdfc-8549-43e5-bc13-08825cc6aced-policy_agent_11.zip,720850,177aea4659b3ff60f718e141ae070af8
paintball/runs/P57C_t4_Q_21936580/ereq_edc58210-1320-4a16-a5b3-ad9c5f62b9bf-policy_agent_10.art.log,24654351,fd2a39fa105759c0cee2ac16b3f78e23
paintball/runs/P57C_t4_Q_21936580/ereq_edc58210-1320-4a16-a5b3-ad9c5f62b9bf-policy_agent_10.zip,1070266,d2e3a7bb5bad639d34289f1560b80514
paintball/runs/P57C_t4_Q_21936580/ereq_edc58210-1320-4a16-a5b3-ad9c5f62b9bf-policy_agent_11.art.log,5544690,d8cf5697229dbab4e9fef0f9879c7165
paintball/runs/P57C_t4_Q_21936580/ereq_edc58210-1320-4a16-a5b3-ad9c5f62b9bf-policy_agent_11.zip,178441,d7453fd2412b4881b555f07caa7d13c7
paintball/runs/P57C_t4_Q_22041309/ereq_73b2d782-e8fc-4726-a17f-7d961924ad47-policy_agent_10.art.log,7036297,3a74ede3bde43ffa66fcb7cfda56e772
paintball/runs/P57C_t4_Q_22041309/ereq_73b2d782-e8fc-4726-a17f-7d961924ad47-policy_agent_10.zip,237952,d9d953bf7074ec6420053673fa9fc1bc
paintball/runs/P57C_t4_Q_22041309/ereq_73b2d782-e8fc-4726-a17f-7d961924ad47-policy_agent_11.art.log,6823628,65ef17c2265775f39c84673de7848953
paintball/runs/P57C_t4_Q_22041309/ereq_73b2d782-e8fc-4726-a17f-7d961924ad47-policy_agent_11.zip,221917,1a31452be6d1ac6a59fc977d25ab91d6
paintball/runs/P57C_t4_Q_22146038/ereq_11b40911-acf7-4c55-93f1-0acefd369301-policy_agent_10.art.log,24427978,716354418ad90ca8bd9690abecbf4cc7
paintball/runs/P57C_t4_Q_22146038/ereq_11b40911-acf7-4c55-93f1-0acefd369301-policy_agent_10.zip,808748,cda2da6450292f0569023de2aafa09be
paintball/runs/P57C_t4_Q_22146038/ereq_11b40911-acf7-4c55-93f1-0acefd369301-policy_agent_11.art.log,23702040,ea70614e2bc2381db9f82d8f424e2fbe
paintball/runs/P57C_t4_Q_22146038/ereq_11b40911-acf7-4c55-93f1-0acefd369301-policy_agent_11.zip,781267,7d737a05a77e41e93ea7065c662e4aae
paintball/runs/P57C_t4_Q_22250767/ereq_145855e1-17e5-4121-879a-7722167195e5-policy_agent_10.art.log,24581170,1542d63d85910435360117c5fdacdd9c
paintball/runs/P57C_t4_Q_22250767/ereq_145855e1-17e5-4121-879a-7722167195e5-policy_agent_10.zip,840561,9c6de006fd6885dc75e0c835590a54b7
paintball/runs/P57C_t4_Q_22250767/ereq_145855e1-17e5-4121-879a-7722167195e5-policy_agent_11.art.log,25670036,2cf2b4eba7268d482d20d0f55c7a0199
paintball/runs/P57C_t4_Q_22250767/ereq_145855e1-17e5-4121-879a-7722167195e5-policy_agent_11.zip,858308,c61553d38547cec63c71002344e98e0a
paintball/runs/P58B_t1_A_20260916/ereq_06e4dbf6-3bcf-4701-b5a8-11f275466c2e-policy_agent_10.art.log,23947851,264172d01d1da22346bab47e12c50a58
paintball/runs/P58B_t1_A_20260916/ereq_06e4dbf6-3bcf-4701-b5a8-11f275466c2e-policy_agent_10.zip,573321,6ca9aee0df37b94256020dd08a4becc6
paintball/runs/P58B_t1_A_20260916/ereq_06e4dbf6-3bcf-4701-b5a8-11f275466c2e-policy_agent_11.art.log,20207164,cd8b52d1a3cbebda28b9cb60fd108db5
paintball/runs/P58B_t1_A_20260916/ereq_06e4dbf6-3bcf-4701-b5a8-11f275466c2e-policy_agent_11.zip,580926,a1323293c5b263336b4b797623e3e064
paintball/runs/P58B_t1_K_20260916/ereq_bf0d6a91-06cb-480b-8bbe-54aa59dcece3-policy_agent_10.art.log,22999065,c46335f0eba0bc690ff9056b601859f2
paintball/runs/P58B_t1_K_20260916/ereq_bf0d6a91-06cb-480b-8bbe-54aa59dcece3-policy_agent_10.zip,703649,b36e46649c08380551171b19872c0550
paintball/runs/P58B_t1_K_20260916/ereq_bf0d6a91-06cb-480b-8bbe-54aa59dcece3-policy_agent_11.art.log,23830098,617010ba71d80fc8679a73d600a3b52d
paintball/runs/P58B_t1_K_20260916/ereq_bf0d6a91-06cb-480b-8bbe-54aa59dcece3-policy_agent_11.zip,776024,63bcae5d1392cbd9822cfa6a313cd043
paintball/runs/P58D_t1_A_20260916/ereq_2525b886-68a1-472c-931f-d2ffd13d53b5-policy_agent_10.art.log,19925832,36134fdb929a005ce99543a3d382d8c8
paintball/runs/P58D_t1_A_20260916/ereq_2525b886-68a1-472c-931f-d2ffd13d53b5-policy_agent_10.zip,595876,c13884a6a44d72eefae3542d69d69e03
paintball/runs/P58D_t1_A_20260916/ereq_2525b886-68a1-472c-931f-d2ffd13d53b5-policy_agent_11.art.log,24030551,f50cb7821ac9d2bebae2d68076ecdfcf
paintball/runs/P58D_t1_A_20260916/ereq_2525b886-68a1-472c-931f-d2ffd13d53b5-policy_agent_11.zip,786336,db8d9823dff56fc9a1874503808ca086
paintball/runs/P58D_t1_K_20260916/ereq_e2d7d17a-34bb-451d-ae71-eea8d19661f5-policy_agent_10.art.log,24826092,a0b53985a3dfe9df498e9f7cbb19f93d
paintball/runs/P58D_t1_K_20260916/ereq_e2d7d17a-34bb-451d-ae71-eea8d19661f5-policy_agent_10.zip,792721,68a4ea1c9f686001b38c8e0190e4ea8c
paintball/runs/P58D_t1_K_20260916/ereq_e2d7d17a-34bb-451d-ae71-eea8d19661f5-policy_agent_11.art.log,29925192,3db9c689f340e52528848705295da14e
paintball/runs/P58D_t1_K_20260916/ereq_e2d7d17a-34bb-451d-ae71-eea8d19661f5-policy_agent_11.zip,1073955,04909bc690ef1b1f88b1a93ca2d3ba70
paintball/runs/P58E_t1_A_20260916/ereq_58d73a80-4d47-47c7-85dd-cda9e4357ad3-policy_agent_10.art.log,21177238,9259194bc7da95c6d8dfcbec7a5d0138
paintball/runs/P58E_t1_A_20260916/ereq_58d73a80-4d47-47c7-85dd-cda9e4357ad3-policy_agent_10.zip,591076,43ea39b55044f6981b4a8dabe841e798
paintball/runs/P58E_t1_A_20260916/ereq_58d73a80-4d47-47c7-85dd-cda9e4357ad3-policy_agent_11.art.log,25519272,a7912d31618d9246fcd639dca01e6640
paintball/runs/P58E_t1_A_20260916/ereq_58d73a80-4d47-47c7-85dd-cda9e4357ad3-policy_agent_11.zip,794431,d6dd4edd6e8afab162b705de53011cf6
paintball/runs/P58E_t1_K_20260916/ereq_f9394c59-a0af-4e17-8f07-829892c6d2b3-policy_agent_10.art.log,24683670,7ab3e6284ada58d7044acd6843292cb4
paintball/runs/P58E_t1_K_20260916/ereq_f9394c59-a0af-4e17-8f07-829892c6d2b3-policy_agent_10.zip,863506,7df03301bc461df20ced711841ec84ec
paintball/runs/P58E_t1_K_20260916/ereq_f9394c59-a0af-4e17-8f07-829892c6d2b3-policy_agent_11.art.log,19882479,5b2b7e42e6233f39b6790b3ab7470e29
paintball/runs/P58E_t1_K_20260916/ereq_f9394c59-a0af-4e17-8f07-829892c6d2b3-policy_agent_11.zip,673819,aeb6971c519fca4f1c946510670a876b
paintball/runs/P58H_t1_A_20260916/ereq_e1ecf945-9eeb-40c8-b5a6-eca9745b0644-policy_agent_10.art.log,19774373,b9fb7241d09e042119993e249ab6b0ec
paintball/runs/P58H_t1_A_20260916/ereq_e1ecf945-9eeb-40c8-b5a6-eca9745b0644-policy_agent_10.zip,550717,82af4e10d20ec984b7e1c958abb9035d
paintball/runs/P58H_t1_A_20260916/ereq_e1ecf945-9eeb-40c8-b5a6-eca9745b0644-policy_agent_11.art.log,25181727,f6165e30f03dd29e5a493ac7f51119d9
paintball/runs/P58H_t1_A_20260916/ereq_e1ecf945-9eeb-40c8-b5a6-eca9745b0644-policy_agent_11.zip,842113,a4634957030aa6ca1da9cd3c8ed69cbc
paintball/runs/P58H_t1_K_20260916/ereq_61470160-5b98-48af-8f0e-e736c8934a47-policy_agent_10.art.log,22392089,430d621cf37a81ce3c0892b4fbdd73d6
paintball/runs/P58H_t1_K_20260916/ereq_61470160-5b98-48af-8f0e-e736c8934a47-policy_agent_10.zip,698316,82be3d896366c464683107fb035cebe0
paintball/runs/P58H_t1_K_20260916/ereq_61470160-5b98-48af-8f0e-e736c8934a47-policy_agent_11.art.log,19938133,7dffda4bde7538dbf89ea899e4079741
paintball/runs/P58H_t1_K_20260916/ereq_61470160-5b98-48af-8f0e-e736c8934a47-policy_agent_11.zip,677667,dd971de729f329564b22f3e39cb86758
paintball/runs/P58I_t1_A_20260916/ereq_be6b234c-707c-42ea-bc9e-955ba3b93a04-policy_agent_10.art.log,20232338,8826d72a49c8a5eb5872e64a58595409
paintball/runs/P58I_t1_A_20260916/ereq_be6b234c-707c-42ea-bc9e-955ba3b93a04-policy_agent_10.zip,511736,3f212f6ea39ea1cc7d0f1b5ccf0859df
paintball/runs/P58I_t1_A_20260916/ereq_be6b234c-707c-42ea-bc9e-955ba3b93a04-policy_agent_11.art.log,22856401,b0b6bcdd74935bfed9de8554393997b5
paintball/runs/P58I_t1_A_20260916/ereq_be6b234c-707c-42ea-bc9e-955ba3b93a04-policy_agent_11.zip,787662,9d1973195e78711acc2222a5d14de998
paintball/runs/P58I_t1_A_20365645/ereq_e6ff44ee-9e55-4b2a-bd75-b58307206361-policy_agent_10.art.log,8172330,c3d4404253e33e94a6e670d6169f862e
paintball/runs/P58I_t1_A_20365645/ereq_e6ff44ee-9e55-4b2a-bd75-b58307206361-policy_agent_10.zip,217713,9a74e860cb590145b4b23323cb015b5d
paintball/runs/P58I_t1_A_20365645/ereq_e6ff44ee-9e55-4b2a-bd75-b58307206361-policy_agent_11.art.log,22218995,5a484ac45ae2aae0729325d79c39bacf
paintball/runs/P58I_t1_A_20365645/ereq_e6ff44ee-9e55-4b2a-bd75-b58307206361-policy_agent_11.zip,800584,3999102ac9c7ce7d55f62b1436b62fb4
paintball/runs/P58I_t1_A_20470374/ereq_42dde095-f85a-465f-8a2c-2eae8499c375-policy_agent_10.art.log,4356820,ebd1b183b8a7669be95a87cd0faedc84
paintball/runs/P58I_t1_A_20470374/ereq_42dde095-f85a-465f-8a2c-2eae8499c375-policy_agent_10.zip,166699,5b2b442ffd73e21386e715e8e03b59d4
paintball/runs/P58I_t1_A_20470374/ereq_42dde095-f85a-465f-8a2c-2eae8499c375-policy_agent_11.art.log,1742885,1142f8383052fb002a447879c0fdd609
paintball/runs/P58I_t1_A_20470374/ereq_42dde095-f85a-465f-8a2c-2eae8499c375-policy_agent_11.zip,52501,691e4b94e14c6dc6ff0f53041bb8add6
paintball/runs/P58I_t1_A_20575103/ereq_e4213d69-9a7e-488f-8ceb-857d536cbb78-policy_agent_10.art.log,1537045,dcfe3bdcfe003997862c16739529e60c
paintball/runs/P58I_t1_A_20575103/ereq_e4213d69-9a7e-488f-8ceb-857d536cbb78-policy_agent_10.zip,49067,0315542ecc4d12df02be987fa82f6652
paintball/runs/P58I_t1_A_20575103/ereq_e4213d69-9a7e-488f-8ceb-857d536cbb78-policy_agent_11.art.log,19855699,9eb27e98b13a49e4f6c67f83f56cda80
paintball/runs/P58I_t1_A_20575103/ereq_e4213d69-9a7e-488f-8ceb-857d536cbb78-policy_agent_11.zip,787770,9f98e5e4b973efb40de4c72ac85c9a4f
paintball/runs/P58I_t1_A_20679832/ereq_0334be26-b3b1-4553-aa6b-d1d668a370ff-policy_agent_10.art.log,18327213,251f49e34bd85b5e82cacad910feca0b
paintball/runs/P58I_t1_A_20679832/ereq_0334be26-b3b1-4553-aa6b-d1d668a370ff-policy_agent_10.zip,588431,bc9c1cf6fbcfc2379bc460c7bd35858d
paintball/runs/P58I_t1_A_20679832/ereq_0334be26-b3b1-4553-aa6b-d1d668a370ff-policy_agent_11.art.log,18402904,7308832e262b4f2c94f8140439f6ce19
paintball/runs/P58I_t1_A_20679832/ereq_0334be26-b3b1-4553-aa6b-d1d668a370ff-policy_agent_11.zip,481397,585a09d723fc2c076c8b7aedf3bb47d7
paintball/runs/P58I_t1_K_20260916/ereq_d127094d-2cd8-4192-943a-e4d127b08492-policy_agent_10.art.log,24286727,d8f083fb920314ea49bddab7673be7f4
paintball/runs/P58I_t1_K_20260916/ereq_d127094d-2cd8-4192-943a-e4d127b08492-policy_agent_10.zip,777022,b07218c08250af5164b43c54ea916b51
paintball/runs/P58I_t1_K_20260916/ereq_d127094d-2cd8-4192-943a-e4d127b08492-policy_agent_11.art.log,22848204,52b58ab57b51c3043eea5a13bb1a7c52
paintball/runs/P58I_t1_K_20260916/ereq_d127094d-2cd8-4192-943a-e4d127b08492-policy_agent_11.zip,755226,66065805f3ae32f150598e6dcdccfbab
paintball/runs/P58I_t1_K_20365645/ereq_a1580d46-735c-4efd-b078-427400b687bf-policy_agent_10.art.log,26199865,66b96e4a9868f2382bac1c65fca78f7e
paintball/runs/P58I_t1_K_20365645/ereq_a1580d46-735c-4efd-b078-427400b687bf-policy_agent_10.zip,855966,897269182102b43cb37220a3bf2e62ef
paintball/runs/P58I_t1_K_20365645/ereq_a1580d46-735c-4efd-b078-427400b687bf-policy_agent_11.art.log,31706902,a7645b493ee1037a608f5bf347b30847
paintball/runs/P58I_t1_K_20365645/ereq_a1580d46-735c-4efd-b078-427400b687bf-policy_agent_11.zip,1130431,5fe28b4d8b136e77189928ea84b85a85
paintball/runs/P58I_t1_K_20470374/ereq_4ad22ff8-0be2-42cb-a00e-9fc0ce2dd25c-policy_agent_10.art.log,43780659,3f18cbedb30e409b19bcbde5157e9a20
paintball/runs/P58I_t1_K_20470374/ereq_4ad22ff8-0be2-42cb-a00e-9fc0ce2dd25c-policy_agent_10.zip,1243075,b8a48d17e86064d71b4111d3ac0d6697
paintball/runs/P58I_t1_K_20470374/ereq_4ad22ff8-0be2-42cb-a00e-9fc0ce2dd25c-policy_agent_11.art.log,43668719,ad8191510ce32d730ed062ad4f2617ae
paintball/runs/P58I_t1_K_20470374/ereq_4ad22ff8-0be2-42cb-a00e-9fc0ce2dd25c-policy_agent_11.zip,1323201,95c6d7c81d70c3e511cd62ce6380b2ca
paintball/runs/P58I_t1_K_20575103/ereq_d79e1dea-d2a2-441c-acfe-0e030e696135-policy_agent_10.art.log,21635956,dc9d7a1b481d2b255f26e202a14dd664
paintball/runs/P58I_t1_K_20575103/ereq_d79e1dea-d2a2-441c-acfe-0e030e696135-policy_agent_10.zip,868422,200cc56a9bc49c73c0926604ec7ce183
paintball/runs/P58I_t1_K_20575103/ereq_d79e1dea-d2a2-441c-acfe-0e030e696135-policy_agent_11.art.log,6183316,03da45f5ea7873dd6b385fec75513084
paintball/runs/P58I_t1_K_20575103/ereq_d79e1dea-d2a2-441c-acfe-0e030e696135-policy_agent_11.zip,204048,09ff0acf7a48004570da09ea458991ef
paintball/runs/P58I_t1_K_20679832/ereq_4fa73071-654a-4821-ad2b-c44f6abf2941-policy_agent_10.art.log,23374525,6db7a7b35f6634ed61c20341a064e957
paintball/runs/P58I_t1_K_20679832/ereq_4fa73071-654a-4821-ad2b-c44f6abf2941-policy_agent_10.zip,798828,d82304e2b4e68807e2784e52427ccf5b
paintball/runs/P58I_t1_K_20679832/ereq_4fa73071-654a-4821-ad2b-c44f6abf2941-policy_agent_11.art.log,27971443,c59c4bb4828317a02563a96f0fb861e2
paintball/runs/P58I_t1_K_20679832/ereq_4fa73071-654a-4821-ad2b-c44f6abf2941-policy_agent_11.zip,1016201,6514ceaf40b415e49de2cf3133639473
paintball/runs/P58K_t0_A_20260916/ereq_78fc1180-2386-4500-815d-9cf37fdbf478-policy_agent_10.art.log,23911428,ffd2aa8a0cf0a8f2f57d8a3401ef5364
paintball/runs/P58K_t0_A_20260916/ereq_78fc1180-2386-4500-815d-9cf37fdbf478-policy_agent_10.zip,639795,e1eee760b26fbe29215bffc6b54f7b48
paintball/runs/P58K_t0_A_20260916/ereq_78fc1180-2386-4500-815d-9cf37fdbf478-policy_agent_11.art.log,21289493,21e30083709388a0e937899b8ba45bcf
paintball/runs/P58K_t0_A_20260916/ereq_78fc1180-2386-4500-815d-9cf37fdbf478-policy_agent_11.zip,607696,10513392c099e89c802be41b358b8ae2
paintball/runs/P58K_t0_K_20260916/ereq_52748e63-bdd6-4dbc-894f-3ebcffa23956-policy_agent_10.art.log,21640451,7f795b6009a674abe93611d48e27c9a2
paintball/runs/P58K_t0_K_20260916/ereq_52748e63-bdd6-4dbc-894f-3ebcffa23956-policy_agent_10.zip,685244,c200d9ad39aafebd40cc673ec44ef112
paintball/runs/P58K_t0_K_20260916/ereq_52748e63-bdd6-4dbc-894f-3ebcffa23956-policy_agent_11.art.log,22203732,6404a7d3f0a1bf6c9e05590c7a209367
paintball/runs/P58K_t0_K_20260916/ereq_52748e63-bdd6-4dbc-894f-3ebcffa23956-policy_agent_11.zip,741871,473a263369b31f68d0408337ed7a2bca
paintball/runs/P58M_t0_A_20260916/ereq_698e1b6c-8b7d-4a39-b1f4-0c49a4b1fa71-policy_agent_10.art.log,26329594,33fae4de3c02f87d67dc5d06743ad1f6
paintball/runs/P58M_t0_A_20260916/ereq_698e1b6c-8b7d-4a39-b1f4-0c49a4b1fa71-policy_agent_10.zip,761602,6f89bd2b148c8361748bd6a3890ef135
paintball/runs/P58M_t0_A_20260916/ereq_698e1b6c-8b7d-4a39-b1f4-0c49a4b1fa71-policy_agent_11.art.log,27383270,70b6781d1788a3934004f87717a74339
paintball/runs/P58M_t0_A_20260916/ereq_698e1b6c-8b7d-4a39-b1f4-0c49a4b1fa71-policy_agent_11.zip,855856,8164750fe9cbb5b495c6afe265b66e62
paintball/runs/P58M_t0_K_20260916/ereq_619f7d80-448d-480d-8e46-2e199fa6c6aa-policy_agent_10.art.log,21097700,6341471e61db2e4366e795c404293991
paintball/runs/P58M_t0_K_20260916/ereq_619f7d80-448d-480d-8e46-2e199fa6c6aa-policy_agent_10.zip,662097,5e2c8e213bb95239b96fe6b4bcc1d3ec
paintball/runs/P58M_t0_K_20260916/ereq_619f7d80-448d-480d-8e46-2e199fa6c6aa-policy_agent_11.art.log,26699035,6e797036fc77215f38b777f6c506eedc
paintball/runs/P58M_t0_K_20260916/ereq_619f7d80-448d-480d-8e46-2e199fa6c6aa-policy_agent_11.zip,896656,a430b49703d97b611a77704f400253ec
paintball/runs/P58M_t1_A_20365645/ereq_7fc4adf6-e6ce-4048-8581-0d64c3b34a36-policy_agent_10.art.log,37306190,f999e10734c1cc3086a3654883100fa2
paintball/runs/P58M_t1_A_20365645/ereq_7fc4adf6-e6ce-4048-8581-0d64c3b34a36-policy_agent_10.zip,1077554,074b2804dd2c7d738577e0d223390394
paintball/runs/P58M_t1_A_20365645/ereq_7fc4adf6-e6ce-4048-8581-0d64c3b34a36-policy_agent_11.art.log,26438048,cfa87f6d1808152e022b96f72e30e1e5
paintball/runs/P58M_t1_A_20365645/ereq_7fc4adf6-e6ce-4048-8581-0d64c3b34a36-policy_agent_11.zip,726407,b1cdaef335e97e44d5ee86a1fc64566b
paintball/runs/P58M_t1_A_20470374/ereq_5baa13ba-c48d-4d6e-959b-bff3accd875e-policy_agent_10.art.log,2259241,13e58c72b92d0b21a1457c1582df8e12
paintball/runs/P58M_t1_A_20470374/ereq_5baa13ba-c48d-4d6e-959b-bff3accd875e-policy_agent_10.zip,80971,6d3c197a39718137f513580c7e7470d8
paintball/runs/P58M_t1_A_20470374/ereq_5baa13ba-c48d-4d6e-959b-bff3accd875e-policy_agent_11.art.log,1742880,d0b21a17c250da61bd8ae1b333b0b806
paintball/runs/P58M_t1_A_20470374/ereq_5baa13ba-c48d-4d6e-959b-bff3accd875e-policy_agent_11.zip,52576,c0a3a8dc1759942fde0799a0607025db
paintball/runs/P58M_t1_A_20575103/ereq_cace0e07-5744-42ee-a732-b4b1a52f5375-policy_agent_10.art.log,1537046,2855816160350cd655c0110ea2500680
paintball/runs/P58M_t1_A_20575103/ereq_cace0e07-5744-42ee-a732-b4b1a52f5375-policy_agent_10.zip,48925,f11661a8abaa48f497fc6c47e23b08ae
paintball/runs/P58M_t1_A_20575103/ereq_cace0e07-5744-42ee-a732-b4b1a52f5375-policy_agent_11.art.log,13164411,399e7b76615c49dde948772db5e234b9
paintball/runs/P58M_t1_A_20575103/ereq_cace0e07-5744-42ee-a732-b4b1a52f5375-policy_agent_11.zip,519551,59fe38fa29e5b99bdb85baa16447a4c0
paintball/runs/P58M_t1_A_20679832/ereq_7d80264a-68a2-4cc6-9e92-9e11abd38fb1-policy_agent_10.art.log,31598268,fe5f2d206dbc76eb1d006d0fd3a5a7df
paintball/runs/P58M_t1_A_20679832/ereq_7d80264a-68a2-4cc6-9e92-9e11abd38fb1-policy_agent_10.zip,838130,0cd453be35ffdf7a54ece7ae6d2837f5
paintball/runs/P58M_t1_A_20679832/ereq_7d80264a-68a2-4cc6-9e92-9e11abd38fb1-policy_agent_11.art.log,32654991,e4097662c8fc6dbba16af3f1bcf86858
paintball/runs/P58M_t1_A_20679832/ereq_7d80264a-68a2-4cc6-9e92-9e11abd38fb1-policy_agent_11.zip,906683,4fc1836c4ff6fa8647a9d1a4927d65ae
paintball/runs/P58M_t1_K_20365645/ereq_4a21164b-04f7-4e90-865f-1d3c1cead24f-policy_agent_10.art.log,21910220,858af03c3cefae6cba5723ebbe84b472
paintball/runs/P58M_t1_K_20365645/ereq_4a21164b-04f7-4e90-865f-1d3c1cead24f-policy_agent_10.zip,692424,dfa1d1c3cc294ba695aaf86083b6721e
paintball/runs/P58M_t1_K_20365645/ereq_4a21164b-04f7-4e90-865f-1d3c1cead24f-policy_agent_11.art.log,27346205,20b49e761ec59590cba9bc197b477f54
paintball/runs/P58M_t1_K_20365645/ereq_4a21164b-04f7-4e90-865f-1d3c1cead24f-policy_agent_11.zip,993974,efecf32db89ead2f91da38cf793c0ce8
paintball/runs/P58M_t1_K_20470374/ereq_6fdac197-e8cf-40c8-9a9a-76ae951f7de6-policy_agent_10.art.log,20292851,3dec70eec1682fa021be60dca399d26c
paintball/runs/P58M_t1_K_20470374/ereq_6fdac197-e8cf-40c8-9a9a-76ae951f7de6-policy_agent_10.zip,577562,cd0f78c67bca021cdd724be082c18ddc
paintball/runs/P58M_t1_K_20470374/ereq_6fdac197-e8cf-40c8-9a9a-76ae951f7de6-policy_agent_11.art.log,22459067,0eb879afad98f7227ab0dbb520ab91e9
paintball/runs/P58M_t1_K_20470374/ereq_6fdac197-e8cf-40c8-9a9a-76ae951f7de6-policy_agent_11.zip,651969,8eff02f23618156b009ff152d683068e
paintball/runs/P58M_t1_K_20575103/ereq_5fa17055-6bda-4b52-aa50-41de6ce65f6e-policy_agent_10.art.log,8658190,9153708763bcb7728423a6d2cd5f8a09
paintball/runs/P58M_t1_K_20575103/ereq_5fa17055-6bda-4b52-aa50-41de6ce65f6e-policy_agent_10.zip,291878,2f4dce9e58e0a04359e58c1c37ba7bed
paintball/runs/P58M_t1_K_20575103/ereq_5fa17055-6bda-4b52-aa50-41de6ce65f6e-policy_agent_11.art.log,7120668,b240c62e20abbaa242223b038497794b
paintball/runs/P58M_t1_K_20575103/ereq_5fa17055-6bda-4b52-aa50-41de6ce65f6e-policy_agent_11.zip,222713,8c019c860d6c1b70e08312eac5711d08
paintball/runs/P58M_t1_K_20679832/ereq_3ba5e8dd-3264-4113-b6b8-52fd1e69eec5-policy_agent_10.art.log,7273451,c66352157b50680c7396e000b91e731a
paintball/runs/P58M_t1_K_20679832/ereq_3ba5e8dd-3264-4113-b6b8-52fd1e69eec5-policy_agent_10.zip,304344,09a946df89e2ed47baac415826dacf15
paintball/runs/P58M_t1_K_20679832/ereq_3ba5e8dd-3264-4113-b6b8-52fd1e69eec5-policy_agent_11.art.log,2804368,bdda1ee667f3a81044dbb35b54488587
paintball/runs/P58M_t1_K_20679832/ereq_3ba5e8dd-3264-4113-b6b8-52fd1e69eec5-policy_agent_11.zip,92815,110e4248709c39ee2e1ad47789adb295
paintball/runs/P58M_t2_A_20784561/ereq_e007ee75-a0a8-44c7-abe5-398342351310-policy_agent_10.art.log,6621343,4cb3db7a583fab5ee99d94000d1067a3
paintball/runs/P58M_t2_A_20784561/ereq_e007ee75-a0a8-44c7-abe5-398342351310-policy_agent_10.zip,192363,8a8d086e126dd00a9639af1d9fe48097
paintball/runs/P58M_t2_A_20784561/ereq_e007ee75-a0a8-44c7-abe5-398342351310-policy_agent_11.art.log,5337171,548f69da4e6040cb6b5b5b63553cb5c1
paintball/runs/P58M_t2_A_20784561/ereq_e007ee75-a0a8-44c7-abe5-398342351310-policy_agent_11.zip,127016,609906165e80eebc76aeb74870844f60
paintball/runs/P58M_t2_A_20889290/ereq_635a72bd-9682-4bb4-889c-8fffdae69953-policy_agent_10.art.log,20638896,aad7a26f3a588ac588a26fef7e366665
paintball/runs/P58M_t2_A_20889290/ereq_635a72bd-9682-4bb4-889c-8fffdae69953-policy_agent_10.zip,469199,727add379cc89fd21493aae11d9f903a
paintball/runs/P58M_t2_A_20889290/ereq_635a72bd-9682-4bb4-889c-8fffdae69953-policy_agent_11.art.log,30774884,65d40c5dda694b5f911d4fa62198f553
paintball/runs/P58M_t2_A_20889290/ereq_635a72bd-9682-4bb4-889c-8fffdae69953-policy_agent_11.zip,928295,675e6eb1ec9b497b212a8b111da2b67d
paintball/runs/P58M_t2_A_20994019/ereq_dfa85342-925d-48ae-b9ac-7a22d462ab22-policy_agent_10.art.log,20483609,04118273aba2414b2961f973e36cf65e
paintball/runs/P58M_t2_A_20994019/ereq_dfa85342-925d-48ae-b9ac-7a22d462ab22-policy_agent_10.zip,582279,3f02d54543a33e70243f5df547070c24
paintball/runs/P58M_t2_A_20994019/ereq_dfa85342-925d-48ae-b9ac-7a22d462ab22-policy_agent_11.art.log,23635071,239dd58e20c62f704de9c1562f27b142
paintball/runs/P58M_t2_A_20994019/ereq_dfa85342-925d-48ae-b9ac-7a22d462ab22-policy_agent_11.zip,517750,fde0bf2558f7eda9a58625cc67d43a82
paintball/runs/P58M_t2_A_21098748/ereq_5ba776e8-7cf9-42bf-a791-a9e58cf174ea-policy_agent_10.art.log,27546007,013e5de477b48256d3b42b06b60ba12f
paintball/runs/P58M_t2_A_21098748/ereq_5ba776e8-7cf9-42bf-a791-a9e58cf174ea-policy_agent_10.zip,670980,af10cc158bcd5e427ff01b6f613dc6f6
paintball/runs/P58M_t2_A_21098748/ereq_5ba776e8-7cf9-42bf-a791-a9e58cf174ea-policy_agent_11.art.log,31988858,3b4c7faef0fee989c9bfd1a0447d8d80
paintball/runs/P58M_t2_A_21098748/ereq_5ba776e8-7cf9-42bf-a791-a9e58cf174ea-policy_agent_11.zip,883542,6261dedc5ba089e0b782e7af3053cce3
paintball/runs/P58M_t2_A_21203477/ereq_0fae9b24-8715-4b8b-82e9-e8aa4dde8719-policy_agent_10.art.log,29328454,fd46dc9fc3517d0b5f5ffb264a9e3b33
paintball/runs/P58M_t2_A_21203477/ereq_0fae9b24-8715-4b8b-82e9-e8aa4dde8719-policy_agent_10.zip,705694,420fc7d20e1eb86c55e4ae03bb05c403
paintball/runs/P58M_t2_A_21203477/ereq_0fae9b24-8715-4b8b-82e9-e8aa4dde8719-policy_agent_11.art.log,33867995,ca249d13c4faa8321f7dffcbce49504e
paintball/runs/P58M_t2_A_21203477/ereq_0fae9b24-8715-4b8b-82e9-e8aa4dde8719-policy_agent_11.zip,845053,23731f7c4c4a8d7c3e7e0e8dda516fc6
paintball/runs/P58M_t2_K_20784561/ereq_e2988026-f17a-460a-b983-e2689031a359-policy_agent_11.art.log,13534430,0d38f29ad238a4ae2597bc7e47fe6d0a
paintball/runs/P58M_t2_K_20784561/ereq_e2988026-f17a-460a-b983-e2689031a359-policy_agent_11.zip,378406,218dd79c2d93bcbe119f16c1bb70eb63
paintball/runs/P58M_t2_K_20889290/ereq_6a525d0a-585d-4e43-bc75-bc6114dd7d09-policy_agent_10.art.log,31655633,8e2a30a61bc3e5e7690382098615236c
paintball/runs/P58M_t2_K_20889290/ereq_6a525d0a-585d-4e43-bc75-bc6114dd7d09-policy_agent_10.zip,654459,c3abd1e34d606518f2772c712aa92674
paintball/runs/P58M_t2_K_20889290/ereq_6a525d0a-585d-4e43-bc75-bc6114dd7d09-policy_agent_11.art.log,31488658,4fb500ab0fca5b11d05713302648dab7
paintball/runs/P58M_t2_K_20889290/ereq_6a525d0a-585d-4e43-bc75-bc6114dd7d09-policy_agent_11.zip,688538,d6744e4a154e8f3a3427b97df833948b
paintball/runs/P58M_t2_K_20994019/ereq_a72f9f35-3bfa-47e9-82db-68e4839180bd-policy_agent_10.art.log,26228412,9cf272e1c2cca418f49bf945c90521bd
paintball/runs/P58M_t2_K_20994019/ereq_a72f9f35-3bfa-47e9-82db-68e4839180bd-policy_agent_10.zip,720482,0b7326bf5b7efdbdf7eee2012778b3e5
paintball/runs/P58M_t2_K_20994019/ereq_a72f9f35-3bfa-47e9-82db-68e4839180bd-policy_agent_11.art.log,26201384,67d21c1df7c4e3f6249263221290e987
paintball/runs/P58M_t2_K_20994019/ereq_a72f9f35-3bfa-47e9-82db-68e4839180bd-policy_agent_11.zip,652308,fd008a3e7eb0edda5562b79da361ca0a
paintball/runs/P58M_t2_K_21098748/ereq_364eeb87-3375-44aa-bff8-d0fd6e34c7aa-policy_agent_10.art.log,43209990,22007db806ef96d3b97ad9e8b8733d36
paintball/runs/P58M_t2_K_21098748/ereq_364eeb87-3375-44aa-bff8-d0fd6e34c7aa-policy_agent_10.zip,1358326,0ad99d2002bbf29b1de22ce7569f88bc
paintball/runs/P58M_t2_K_21098748/ereq_364eeb87-3375-44aa-bff8-d0fd6e34c7aa-policy_agent_11.art.log,27678114,0f0011cce3672378889f57883d20ed5d
paintball/runs/P58M_t2_K_21098748/ereq_364eeb87-3375-44aa-bff8-d0fd6e34c7aa-policy_agent_11.zip,683485,ff748d55d3fafd742fa46975c0a116c2
paintball/runs/P58M_t2_K_21203477/ereq_eab45e1e-5197-4ecd-a7ad-a6061b7afe0d-policy_agent_10.art.log,32716324,55a00dec2bf92801ebb89b868c2bfb9f
paintball/runs/P58M_t2_K_21203477/ereq_eab45e1e-5197-4ecd-a7ad-a6061b7afe0d-policy_agent_10.zip,956807,976ae85dad38d46618737709d8701b4e
paintball/runs/P58M_t2_K_21203477/ereq_eab45e1e-5197-4ecd-a7ad-a6061b7afe0d-policy_agent_11.art.log,40007769,62cfa8f64de86ea22c6587d2645076e0
paintball/runs/P58M_t2_K_21203477/ereq_eab45e1e-5197-4ecd-a7ad-a6061b7afe0d-policy_agent_11.zip,1277230,e8bb491739758adef9b9cb6a2f3d0dc3
paintball/runs/P58M_t3_A_21308206/ereq_a4af2b8c-78c1-4e0c-ba5b-248da63d4889-policy_agent_10.art.log,21319865,f2b793b000eb966f24388d4472b24943
paintball/runs/P58M_t3_A_21308206/ereq_a4af2b8c-78c1-4e0c-ba5b-248da63d4889-policy_agent_10.zip,575769,dd74fa3f937266d00829a49975f772c5
paintball/runs/P58M_t3_A_21308206/ereq_a4af2b8c-78c1-4e0c-ba5b-248da63d4889-policy_agent_11.art.log,21977690,0954a62f9baa9c1e1bb6da931e072ff3
paintball/runs/P58M_t3_A_21308206/ereq_a4af2b8c-78c1-4e0c-ba5b-248da63d4889-policy_agent_11.zip,716319,e5ac8221ee15e9ee721e2dcb8f4db4d8
paintball/runs/P58M_t3_A_21412935/ereq_1abf822b-5f12-4c67-92b3-be80ad14af78-policy_agent_10.art.log,3663434,72a38aa1f9e01d5f8e1fbbc7e0ea9176
paintball/runs/P58M_t3_A_21412935/ereq_1abf822b-5f12-4c67-92b3-be80ad14af78-policy_agent_10.zip,109029,50138d334f56a209b8210edbcdde0187
paintball/runs/P58M_t3_A_21412935/ereq_1abf822b-5f12-4c67-92b3-be80ad14af78-policy_agent_11.art.log,3112694,0104020a7749aea521cc1f34905d00f2
paintball/runs/P58M_t3_A_21412935/ereq_1abf822b-5f12-4c67-92b3-be80ad14af78-policy_agent_11.zip,84978,eabe02b50ede5fa3d01b258c44619ac8
paintball/runs/P58M_t3_A_21517664/ereq_31602cdb-799b-43d7-9cd5-d73f4229fe65-policy_agent_10.art.log,20857281,e69a803a28fd04294ce9df24ca7cb50a
paintball/runs/P58M_t3_A_21517664/ereq_31602cdb-799b-43d7-9cd5-d73f4229fe65-policy_agent_10.zip,595493,39faada40c47d20cfc6d2cdd7c3e6cfd
paintball/runs/P58M_t3_A_21517664/ereq_31602cdb-799b-43d7-9cd5-d73f4229fe65-policy_agent_11.art.log,22547652,4065fac2979beccdafe591c859464cc7
paintball/runs/P58M_t3_A_21517664/ereq_31602cdb-799b-43d7-9cd5-d73f4229fe65-policy_agent_11.zip,591065,4b28880b67b1026c5ecae69ba42f5a6a
paintball/runs/P58M_t3_A_21622393/ereq_d18467e9-6ea5-4de5-a1c6-9a00be9e6912-policy_agent_10.art.log,2774409,4a1a576dc802696d34922dade0d1c31f
paintball/runs/P58M_t3_A_21622393/ereq_d18467e9-6ea5-4de5-a1c6-9a00be9e6912-policy_agent_10.zip,77525,df41978314ddc2559836382fa417a844
paintball/runs/P58M_t3_A_21622393/ereq_d18467e9-6ea5-4de5-a1c6-9a00be9e6912-policy_agent_11.art.log,3594470,44725a4dc407ad274cd23c28668bf408
paintball/runs/P58M_t3_A_21622393/ereq_d18467e9-6ea5-4de5-a1c6-9a00be9e6912-policy_agent_11.zip,123555,025875149eac692407a5ee48cb1071d5
paintball/runs/P58M_t3_A_21727122/ereq_7aff286a-5ead-4fe6-b550-9ce4e75a4c64-policy_agent_10.art.log,22306231,a84687064102a969ac2459c6e9dd9d91
paintball/runs/P58M_t3_A_21727122/ereq_7aff286a-5ead-4fe6-b550-9ce4e75a4c64-policy_agent_10.zip,483830,6769cd388e7193aa0e738ecb76160dfc
paintball/runs/P58M_t3_A_21727122/ereq_7aff286a-5ead-4fe6-b550-9ce4e75a4c64-policy_agent_11.art.log,20706838,bf894eabb9221c78f3cd3e966656940d
paintball/runs/P58M_t3_A_21727122/ereq_7aff286a-5ead-4fe6-b550-9ce4e75a4c64-policy_agent_11.zip,427322,1450e449c6f0654ae7d73d4308e275c5
paintball/runs/P58M_t3_K_21308206/ereq_25a63c19-d114-4553-9a86-5fa5d30d038a-policy_agent_10.art.log,44240564,04e57ccb30dfe6eeb33ff9999a6cf2fb
paintball/runs/P58M_t3_K_21308206/ereq_25a63c19-d114-4553-9a86-5fa5d30d038a-policy_agent_10.zip,1271009,73f90a9494c2548e93f73c218791f78d
paintball/runs/P58M_t3_K_21308206/ereq_25a63c19-d114-4553-9a86-5fa5d30d038a-policy_agent_11.art.log,40094612,ea8c4436e46603c5c06b421bbb05e4db
paintball/runs/P58M_t3_K_21308206/ereq_25a63c19-d114-4553-9a86-5fa5d30d038a-policy_agent_11.zip,1068333,7a5fb121324ef48330f983e069e622bb
paintball/runs/P58M_t3_K_21412935/ereq_6932670d-79a2-4252-8c24-14f5add71590-policy_agent_10.art.log,21977930,3904bfba14e9000ade435a31fe618c75
paintball/runs/P58M_t3_K_21412935/ereq_6932670d-79a2-4252-8c24-14f5add71590-policy_agent_10.zip,636638,ffb517532718b0d3e4ab054decc510c3
paintball/runs/P58M_t3_K_21412935/ereq_6932670d-79a2-4252-8c24-14f5add71590-policy_agent_11.art.log,26514733,f5c269f253d9a4b0aa52e4db174bb61d
paintball/runs/P58M_t3_K_21412935/ereq_6932670d-79a2-4252-8c24-14f5add71590-policy_agent_11.zip,820775,6ea8248fa60d941c8759bee24ef8d8bd
paintball/runs/P58M_t3_K_21517664/ereq_0e5c5ce0-c6e3-40f4-a408-f5486d39ab86-policy_agent_10.art.log,30723037,7435b50d65b98a24dc7d4ba0d2a6f7f2
paintball/runs/P58M_t3_K_21517664/ereq_0e5c5ce0-c6e3-40f4-a408-f5486d39ab86-policy_agent_10.zip,1036983,eb32a0fac2993c1c80ec9939853b1720
paintball/runs/P58M_t3_K_21517664/ereq_0e5c5ce0-c6e3-40f4-a408-f5486d39ab86-policy_agent_11.art.log,32496161,b722b99f3edf4ad399edbe732314ba91
paintball/runs/P58M_t3_K_21517664/ereq_0e5c5ce0-c6e3-40f4-a408-f5486d39ab86-policy_agent_11.zip,1072625,1adf0023528f74030c06af16287201aa
paintball/runs/P58M_t3_K_21622393/ereq_5ad47485-ef8d-4671-bb8d-e9d4820b0bf3-policy_agent_10.art.log,32668862,10cd4349b332e5ba8b6bbd4167872ac9
paintball/runs/P58M_t3_K_21622393/ereq_5ad47485-ef8d-4671-bb8d-e9d4820b0bf3-policy_agent_10.zip,1434923,205bb6376425073be1417819cba2f838
paintball/runs/P58M_t3_K_21622393/ereq_5ad47485-ef8d-4671-bb8d-e9d4820b0bf3-policy_agent_11.art.log,1540071,4ee95894812182745614b5f874295a28
paintball/runs/P58M_t3_K_21622393/ereq_5ad47485-ef8d-4671-bb8d-e9d4820b0bf3-policy_agent_11.zip,50805,251e6122ed6f86c119017d6e12e8bf9c
paintball/runs/P58M_t3_K_21727122/ereq_c10518af-32e7-4a1b-b33e-7663edfc201d-policy_agent_10.art.log,41813227,07c1e148b65197c74f051d5e9d20be90
paintball/runs/P58M_t3_K_21727122/ereq_c10518af-32e7-4a1b-b33e-7663edfc201d-policy_agent_10.zip,1181410,a9bbfb151578e61e6cdc62d37750c059
paintball/runs/P58M_t3_K_21727122/ereq_c10518af-32e7-4a1b-b33e-7663edfc201d-policy_agent_11.art.log,38148874,93efe3787a7435a4bd2d44bf72143915
paintball/runs/P58M_t3_K_21727122/ereq_c10518af-32e7-4a1b-b33e-7663edfc201d-policy_agent_11.zip,1049426,c823108731b97d2dbe5a03acdec66130
paintball/runs/P58M_t4_A_21831851/ereq_61da320b-56ae-48b7-aed1-ff59b3bdccd2-policy_agent_10.art.log,26777111,8e054c6121214acb69eb2bd386256f25
paintball/runs/P58M_t4_A_21831851/ereq_61da320b-56ae-48b7-aed1-ff59b3bdccd2-policy_agent_10.zip,807963,70073f59a39cc8154603fd178300ff03
paintball/runs/P58M_t4_A_21831851/ereq_61da320b-56ae-48b7-aed1-ff59b3bdccd2-policy_agent_11.art.log,33676251,490445e1cff7231e94c4d71de9404722
paintball/runs/P58M_t4_A_21831851/ereq_61da320b-56ae-48b7-aed1-ff59b3bdccd2-policy_agent_11.zip,1009067,eb8bb49e2177b8392328ba89f8a320da
paintball/runs/P58M_t4_A_21936580/ereq_fc2fc13a-2588-4453-994c-d298802e658a-policy_agent_10.art.log,23856297,057016c48c9c5c0cb2e6fb1b682393cf
paintball/runs/P58M_t4_A_21936580/ereq_fc2fc13a-2588-4453-994c-d298802e658a-policy_agent_10.zip,533976,846fc5e796a602e7dfedb7413ea4ec0f
paintball/runs/P58M_t4_A_21936580/ereq_fc2fc13a-2588-4453-994c-d298802e658a-policy_agent_11.art.log,28499964,b3b43e14c7310d19070c05ec700c38b5
paintball/runs/P58M_t4_A_21936580/ereq_fc2fc13a-2588-4453-994c-d298802e658a-policy_agent_11.zip,767407,5f1f351010dd2103bff2d730b3d88716
paintball/runs/P58M_t4_A_22041309/ereq_cd0b5815-2947-4cda-89b2-75303ebe3d3a-policy_agent_10.art.log,26811941,87794a5e2e215a1f9a0970eba131046b
paintball/runs/P58M_t4_A_22041309/ereq_cd0b5815-2947-4cda-89b2-75303ebe3d3a-policy_agent_10.zip,708539,82d1be889b4b5e713e4b41d0767a7943
paintball/runs/P58M_t4_A_22041309/ereq_cd0b5815-2947-4cda-89b2-75303ebe3d3a-policy_agent_11.art.log,32195344,ddb7e08434bc530378b9011936755962
paintball/runs/P58M_t4_A_22041309/ereq_cd0b5815-2947-4cda-89b2-75303ebe3d3a-policy_agent_11.zip,914799,71406423b76138c4bdec9385cd6b6bec
paintball/runs/P58M_t4_A_22146038/ereq_c9bf5acc-ca3e-452f-a3d9-b70a430463b6-policy_agent_10.art.log,23574758,fb62afaa94abffd168ef9981777551c8
paintball/runs/P58M_t4_A_22146038/ereq_c9bf5acc-ca3e-452f-a3d9-b70a430463b6-policy_agent_10.zip,715602,23b792f7dd17b21e438fd5a086c3b067
paintball/runs/P58M_t4_A_22146038/ereq_c9bf5acc-ca3e-452f-a3d9-b70a430463b6-policy_agent_11.art.log,24135753,76e2123eb021f3aab8e42e592fc682f7
paintball/runs/P58M_t4_A_22146038/ereq_c9bf5acc-ca3e-452f-a3d9-b70a430463b6-policy_agent_11.zip,728744,4db850c68e8bfbba2a66d22817261f89
paintball/runs/P58M_t4_A_22250767/ereq_39d19efa-c0c0-44a2-b260-d6c70af5ebc2-policy_agent_10.art.log,25237999,e69b6bad71200cf93e6f61759571c150
paintball/runs/P58M_t4_A_22250767/ereq_39d19efa-c0c0-44a2-b260-d6c70af5ebc2-policy_agent_10.zip,724522,c0a8b4b73379925dba4a7a2c49ef5204
paintball/runs/P58M_t4_A_22250767/ereq_39d19efa-c0c0-44a2-b260-d6c70af5ebc2-policy_agent_11.art.log,25085565,0e01e1c382ed6b461d58c1225e103eaf
paintball/runs/P58M_t4_A_22250767/ereq_39d19efa-c0c0-44a2-b260-d6c70af5ebc2-policy_agent_11.zip,636180,3b7a3f0ef487ec953a86997b18f21c20
paintball/runs/P58M_t4_K_21831851/ereq_93a93cef-1933-4a63-93d1-ebc4f5601838-policy_agent_10.art.log,22292677,e2350007cb7cfa330834921d8daab8c7
paintball/runs/P58M_t4_K_21831851/ereq_93a93cef-1933-4a63-93d1-ebc4f5601838-policy_agent_10.zip,700292,2b6fab91599b4476e6665d6fe7ba4760
paintball/runs/P58M_t4_K_21831851/ereq_93a93cef-1933-4a63-93d1-ebc4f5601838-policy_agent_11.art.log,19647841,81aa85e70364ba21d5ade8b3e8f503c2
paintball/runs/P58M_t4_K_21831851/ereq_93a93cef-1933-4a63-93d1-ebc4f5601838-policy_agent_11.zip,641634,6ac1194a7f9d96c5081a049f0ec5ec8d
paintball/runs/P58M_t4_K_21936580/ereq_63689674-666c-4795-92bd-af8a0e1d59a0-policy_agent_10.art.log,6330680,5160e67e5999b5a20170e2a7bc767541
paintball/runs/P58M_t4_K_21936580/ereq_63689674-666c-4795-92bd-af8a0e1d59a0-policy_agent_10.zip,173980,b8aaee6ec0b3c05be0ce58f086a5a085
paintball/runs/P58M_t4_K_21936580/ereq_63689674-666c-4795-92bd-af8a0e1d59a0-policy_agent_11.art.log,21519739,f5c67b2e6c9086131a8571242375eb79
paintball/runs/P58M_t4_K_21936580/ereq_63689674-666c-4795-92bd-af8a0e1d59a0-policy_agent_11.zip,858602,97262924c0ecc58c0e92bde52e7defde
paintball/runs/P58M_t4_K_22041309/ereq_77c46f5a-bbc1-4e9d-8dd7-04350ad87677-policy_agent_10.art.log,5683118,337365922d169fd5b27be15d8eb48f29
paintball/runs/P58M_t4_K_22041309/ereq_77c46f5a-bbc1-4e9d-8dd7-04350ad87677-policy_agent_10.zip,182995,3ab367088159eaedf037962f85938cde
paintball/runs/P58M_t4_K_22041309/ereq_77c46f5a-bbc1-4e9d-8dd7-04350ad87677-policy_agent_11.art.log,19981361,71271afc66d1a90cd2c27d870ee08193
paintball/runs/P58M_t4_K_22041309/ereq_77c46f5a-bbc1-4e9d-8dd7-04350ad87677-policy_agent_11.zip,823308,2a19b702c630762380429363003b8ef8
paintball/runs/P58M_t4_K_22146038/ereq_af291807-0e48-4ca6-9b19-8746daead2c5-policy_agent_10.art.log,24074346,a4aefb10d4a9662aa9da51f0f6539a26
paintball/runs/P58M_t4_K_22146038/ereq_af291807-0e48-4ca6-9b19-8746daead2c5-policy_agent_10.zip,732124,f5104d80befc9170ed32170d4002655b
paintball/runs/P58M_t4_K_22146038/ereq_af291807-0e48-4ca6-9b19-8746daead2c5-policy_agent_11.art.log,19884705,8892f1def248df3e2417c3c18a72f940
paintball/runs/P58M_t4_K_22146038/ereq_af291807-0e48-4ca6-9b19-8746daead2c5-policy_agent_11.zip,660849,93903a2b04c94d1ebb91b7dad18c5468
paintball/runs/P58M_t4_K_22250767/ereq_5261ffcb-0dbf-484b-b9d7-e0a4497aa285-policy_agent_10.art.log,29177302,c30af28f5b97e616e0222b80c529bd73
paintball/runs/P58M_t4_K_22250767/ereq_5261ffcb-0dbf-484b-b9d7-e0a4497aa285-policy_agent_10.zip,698798,6b8e86a23ab2f1e836a24178f1410632
paintball/runs/P58M_t4_K_22250767/ereq_5261ffcb-0dbf-484b-b9d7-e0a4497aa285-policy_agent_11.art.log,22895393,3a95c8d9cc65d7cd85aa97e00e4b9693
paintball/runs/P58M_t4_K_22250767/ereq_5261ffcb-0dbf-484b-b9d7-e0a4497aa285-policy_agent_11.zip,471568,978d15ddf283d5d62817d4f6a53648bf
paintball/runs/P5_B1/ereq_50c6300c-d5c0-47d4-a4b9-da5a8e256bfa-policy_agent_10.art.log,27546646,944daba2eb18bfa445e44bc8836b185b
paintball/runs/P5_B1/ereq_50c6300c-d5c0-47d4-a4b9-da5a8e256bfa-policy_agent_10.zip,1144016,c084b0faa920e48156f884c9b14ae7b6
paintball/runs/P5_B1/ereq_50c6300c-d5c0-47d4-a4b9-da5a8e256bfa-policy_agent_11.art.log,1684097,3c086a358b3f4a6b07c3e4ae35413c16
paintball/runs/P5_B1/ereq_50c6300c-d5c0-47d4-a4b9-da5a8e256bfa-policy_agent_11.zip,47953,b2cc84744dc6b028cf0e0f83797ea08a
paintball/runs/P5_C2/ereq_e4a28906-755c-4f0b-a4ca-86c6bc809d6a-policy_agent_10.art.log,28989815,14065e44b9e3eca233a745e2dcf5f992
paintball/runs/P5_C2/ereq_e4a28906-755c-4f0b-a4ca-86c6bc809d6a-policy_agent_10.zip,874662,d0a16e7086e66b8e8c5242c81cb99dd9
paintball/runs/P5_C2/ereq_e4a28906-755c-4f0b-a4ca-86c6bc809d6a-policy_agent_11.art.log,26553873,91143a86838e262a24bf590689985863
paintball/runs/P5_C2/ereq_e4a28906-755c-4f0b-a4ca-86c6bc809d6a-policy_agent_11.zip,701584,045182b5ab0fe3fdd9f2f6479e4a0004
paintball/runs/P5_C3/ereq_ba80a7e2-1ddc-4326-88dd-6dfe7c992ea6-policy_agent_10.art.log,1734552,607d8c9e9fcdf5aee13265c295104938
paintball/runs/P5_C3/ereq_ba80a7e2-1ddc-4326-88dd-6dfe7c992ea6-policy_agent_10.zip,55250,8e5ffc57fa457c15ed80273bd3723104
paintball/runs/P5_C3/ereq_ba80a7e2-1ddc-4326-88dd-6dfe7c992ea6-policy_agent_11.art.log,1917206,2cda53f1e36378973a1aeb0ef8d71f32
paintball/runs/P5_C3/ereq_ba80a7e2-1ddc-4326-88dd-6dfe7c992ea6-policy_agent_11.zip,57077,3b6852d0cdcac44f54a207e7a80f224f
paintball/runs/S2_A/ereq_051a3cdd-2095-479b-a057-0bb7fae03124-policy_agent_10.art.log,1048056,2e5d8dcf750cdfd6f6aacd85ba3809b7
paintball/runs/S2_A/ereq_051a3cdd-2095-479b-a057-0bb7fae03124-policy_agent_10.zip,34329,40eed05468b2c5a532cbfb2bd4d10634
paintball/runs/S2_A/ereq_051a3cdd-2095-479b-a057-0bb7fae03124-policy_agent_11.art.log,12987949,23c608266d84140a31e91fcb2ccc246e
paintball/runs/S2_A/ereq_051a3cdd-2095-479b-a057-0bb7fae03124-policy_agent_11.zip,561258,b50b34e8dcce5b359fd2a03cd4e1df84
paintball/runs/S2_A/ereq_16755035-0ab1-4ef3-8a0c-ef29b9c12bf8-policy_agent_10.art.log,8521280,cf50b020fc74eabedf9b1b82084de84d
paintball/runs/S2_A/ereq_16755035-0ab1-4ef3-8a0c-ef29b9c12bf8-policy_agent_10.zip,235309,216e9dcbd0b1eae4ac448acba2bee202
paintball/runs/S2_A/ereq_16755035-0ab1-4ef3-8a0c-ef29b9c12bf8-policy_agent_11.art.log,8383931,fae8ea5e723bd7e4821aaba8bee7d718
paintball/runs/S2_A/ereq_16755035-0ab1-4ef3-8a0c-ef29b9c12bf8-policy_agent_11.zip,231784,cd01f3dff0b203e34f06cfaa3b8121cb
paintball/runs/S2_A/ereq_1a8deabf-392d-4f09-b6d1-b3d7e5c64906-policy_agent_10.art.log,890101,7a516955e910453ddd89a4616237b081
paintball/runs/S2_A/ereq_1a8deabf-392d-4f09-b6d1-b3d7e5c64906-policy_agent_10.zip,32936,085b1e9461d2bcba20d0290487ba05fb
paintball/runs/S2_A/ereq_1a8deabf-392d-4f09-b6d1-b3d7e5c64906-policy_agent_11.art.log,954562,3df5dae9df0c56d9995ea509dc37c678
paintball/runs/S2_A/ereq_1a8deabf-392d-4f09-b6d1-b3d7e5c64906-policy_agent_11.zip,33199,de7aa1e494627a6901a9cbaaf727c9bd
paintball/runs/S2_A/ereq_1bbcb276-78b4-4f52-a0dd-18da8a3b7200-policy_agent_10.art.log,1043961,1350579bc78ec028669861f1409fc936
paintball/runs/S2_A/ereq_1bbcb276-78b4-4f52-a0dd-18da8a3b7200-policy_agent_10.zip,34242,dcf3184a18745e3f0aeb7ec945b3331d
paintball/runs/S2_A/ereq_1bbcb276-78b4-4f52-a0dd-18da8a3b7200-policy_agent_11.art.log,1716670,18fdb83208f42ee5ab58066577f491d3
paintball/runs/S2_A/ereq_1bbcb276-78b4-4f52-a0dd-18da8a3b7200-policy_agent_11.zip,68716,aebf13f06a39bc2ab7471730c9af8bd0
paintball/runs/S2_A/ereq_2097bcee-7df7-406c-9c71-56828ba9bde4-policy_agent_10.art.log,16016800,a139809d0f3514203e0e7635cb5c5985
paintball/runs/S2_A/ereq_2097bcee-7df7-406c-9c71-56828ba9bde4-policy_agent_10.zip,458032,9a4af721e017ba0865ebe18d52df2281
paintball/runs/S2_A/ereq_2097bcee-7df7-406c-9c71-56828ba9bde4-policy_agent_11.art.log,13164883,43a08f531f514911481e4e91fda3df69
paintball/runs/S2_A/ereq_2097bcee-7df7-406c-9c71-56828ba9bde4-policy_agent_11.zip,367688,8c5d9aca7130b8b850eade8653edfc7d
paintball/runs/S2_A/ereq_2297f668-0b20-4ed1-ade5-e67b044ec44c-policy_agent_10.art.log,1314216,83f400a6d61d63f2755ce4157d0acbfe
paintball/runs/S2_A/ereq_2297f668-0b20-4ed1-ade5-e67b044ec44c-policy_agent_10.zip,46045,4d7c7ae989c13164f18b006519ab758a
paintball/runs/S2_A/ereq_2297f668-0b20-4ed1-ade5-e67b044ec44c-policy_agent_11.art.log,3881307,ae1acfa4128bf4fcd06ae24cf75e5739
paintball/runs/S2_A/ereq_2297f668-0b20-4ed1-ade5-e67b044ec44c-policy_agent_11.zip,161822,765a4da6060f69945057417e48f5a4f9
paintball/runs/S2_A/ereq_24cf2499-21d0-42a4-a055-26b373387fee-policy_agent_10.art.log,15146759,7dd63765543f9d8a1fc4cdac9d6216ed
paintball/runs/S2_A/ereq_24cf2499-21d0-42a4-a055-26b373387fee-policy_agent_10.zip,691245,60b5cb55fd3313041e33a9580d361f22
paintball/runs/S2_A/ereq_24cf2499-21d0-42a4-a055-26b373387fee-policy_agent_11.art.log,1202811,d752940ceb45f7c762257c4551b7bc3e
paintball/runs/S2_A/ereq_24cf2499-21d0-42a4-a055-26b373387fee-policy_agent_11.zip,36945,617883a0b59515b230ad79ac1f1c24ee
paintball/runs/S2_A/ereq_30d22e0c-3b1e-4bde-885c-cda7dce5b5e0-policy_agent_10.art.log,10192102,a37ed6d0cd117aec57495b13b6d805db
paintball/runs/S2_A/ereq_30d22e0c-3b1e-4bde-885c-cda7dce5b5e0-policy_agent_10.zip,369020,50c17ffb3c7e98dd5a9743d7ab605303
paintball/runs/S2_A/ereq_30d22e0c-3b1e-4bde-885c-cda7dce5b5e0-policy_agent_11.art.log,7136598,8a4a517e0fb2ae2d2e8c18eaf5a64447
paintball/runs/S2_A/ereq_30d22e0c-3b1e-4bde-885c-cda7dce5b5e0-policy_agent_11.zip,234445,d3659a6b7c5aaa5b32dbdad80295ea1f
paintball/runs/S2_A/ereq_31d3fb92-a581-4e47-a7cd-b48ae78f65a2-policy_agent_10.art.log,11585854,d373b8deca57b39c69a2bdac48ec9d05
paintball/runs/S2_A/ereq_31d3fb92-a581-4e47-a7cd-b48ae78f65a2-policy_agent_10.zip,379190,21a13fc872ae9fab6d02511ba6b5c385
paintball/runs/S2_A/ereq_31d3fb92-a581-4e47-a7cd-b48ae78f65a2-policy_agent_11.art.log,10487166,b0c8627c3a26d137324d6655418f6d49
paintball/runs/S2_A/ereq_31d3fb92-a581-4e47-a7cd-b48ae78f65a2-policy_agent_11.zip,338159,3baf906a4e785b383da7459b158992b1
paintball/runs/S2_A/ereq_324e3c0c-9214-450a-976c-1cdd8dd9c633-policy_agent_10.art.log,18729670,f85a7f1bc6e3f804882f3e94433ff8a9
paintball/runs/S2_A/ereq_324e3c0c-9214-450a-976c-1cdd8dd9c633-policy_agent_10.zip,567157,846cf3d2de5325666c1e2f95e95af93e
paintball/runs/S2_A/ereq_324e3c0c-9214-450a-976c-1cdd8dd9c633-policy_agent_11.art.log,19076252,b46e2fcdeebf68ea80f2cfc6b390e098
paintball/runs/S2_A/ereq_324e3c0c-9214-450a-976c-1cdd8dd9c633-policy_agent_11.zip,591351,f4579932872799f088c61cc312dbc383
paintball/runs/S2_A/ereq_3a087642-1b59-41a8-b918-527c977e2d07-policy_agent_10.art.log,21404276,dff57132ad694476eaf944546b0801cf
paintball/runs/S2_A/ereq_3a087642-1b59-41a8-b918-527c977e2d07-policy_agent_10.zip,690136,d4fa0c9b8bbf100ccecc4cac7e6e5ccf
paintball/runs/S2_A/ereq_3a087642-1b59-41a8-b918-527c977e2d07-policy_agent_11.art.log,5776548,b2bc4cf6c23cdd23bc9b94edfac02ed8
paintball/runs/S2_A/ereq_3a087642-1b59-41a8-b918-527c977e2d07-policy_agent_11.zip,152658,bc68a11c957fe7d4e7c1bfe0b1bd343c
paintball/runs/S2_A/ereq_3a0ba9b9-a23b-472d-a71c-d40309590177-policy_agent_10.art.log,978687,f91f32ff6846511994de75edf665f6fb
paintball/runs/S2_A/ereq_3a0ba9b9-a23b-472d-a71c-d40309590177-policy_agent_10.zip,31563,3d16d3d13f07c712c8620875d7f27375
paintball/runs/S2_A/ereq_3a0ba9b9-a23b-472d-a71c-d40309590177-policy_agent_11.art.log,1901736,9507f06bfd4488e9d17fda98c48e5ba7
paintball/runs/S2_A/ereq_3a0ba9b9-a23b-472d-a71c-d40309590177-policy_agent_11.zip,80270,3a14bd32997f97c5d9c0cd87ba53941f
paintball/runs/S2_A/ereq_491e2657-ba40-4035-83f1-4ed8c231a9df-policy_agent_10.art.log,20338780,9402a9146a9ae2b77f2e64ca2246262a
paintball/runs/S2_A/ereq_491e2657-ba40-4035-83f1-4ed8c231a9df-policy_agent_10.zip,637098,7d7d721d145ca69fa0187f1a6772091d
paintball/runs/S2_A/ereq_491e2657-ba40-4035-83f1-4ed8c231a9df-policy_agent_11.art.log,5215868,1f2c42fb64267ea0f85535402b8334ad
paintball/runs/S2_A/ereq_491e2657-ba40-4035-83f1-4ed8c231a9df-policy_agent_11.zip,155957,a57e5c06ac3ba573f2d351ec5b0f790c
paintball/runs/S2_A/ereq_4aa10efb-1f91-4d3a-bc35-dcca60f46f39-policy_agent_10.art.log,1232208,b4ab8944123dabece728aea34bf6eae7
paintball/runs/S2_A/ereq_4aa10efb-1f91-4d3a-bc35-dcca60f46f39-policy_agent_10.zip,46254,193f9a0e041869b4c81c06bdc49baa01
paintball/runs/S2_A/ereq_4aa10efb-1f91-4d3a-bc35-dcca60f46f39-policy_agent_11.art.log,3512916,d4522cf8da8aee54bf6d81ff9244d034
paintball/runs/S2_A/ereq_4aa10efb-1f91-4d3a-bc35-dcca60f46f39-policy_agent_11.zip,134024,d3949ad6c7d5035e79be2af499059773
paintball/runs/S2_A/ereq_5062c98b-790d-4e7f-ade5-063648df0eae-policy_agent_10.art.log,2167695,7fc758c69af997bb034364ebbe4d2fc7
paintball/runs/S2_A/ereq_5062c98b-790d-4e7f-ade5-063648df0eae-policy_agent_10.zip,84742,52833b348662eb6ae6d855ff66a73c87
paintball/runs/S2_A/ereq_5062c98b-790d-4e7f-ade5-063648df0eae-policy_agent_11.art.log,2060060,485f5b375e66339230882e6deb57f6df
paintball/runs/S2_A/ereq_5062c98b-790d-4e7f-ade5-063648df0eae-policy_agent_11.zip,71156,906e7eb5ffcdc9a388b89a41b350bfeb
paintball/runs/S2_A/ereq_53433c61-767a-446b-879e-d7e74704b035-policy_agent_10.art.log,19955873,ec19790ddf85d1b1c1d842075f77bdca
paintball/runs/S2_A/ereq_53433c61-767a-446b-879e-d7e74704b035-policy_agent_10.zip,691501,afb76bae7df8f6144ac80de2a6d334bd
paintball/runs/S2_A/ereq_53433c61-767a-446b-879e-d7e74704b035-policy_agent_11.art.log,16117817,3b9315605da78892d8418d1d48c4186a
paintball/runs/S2_A/ereq_53433c61-767a-446b-879e-d7e74704b035-policy_agent_11.zip,478922,5d1649467cecc47095d1c975fe09bd40
paintball/runs/S2_A/ereq_5a3e6497-a380-4936-9e60-e71cfcb4e0fd-policy_agent_10.art.log,14857707,e26cd4286c0a3e12105d90916d8c9921
paintball/runs/S2_A/ereq_5a3e6497-a380-4936-9e60-e71cfcb4e0fd-policy_agent_10.zip,425910,d5aabfa8b3ec8830f679662f2c669254
paintball/runs/S2_A/ereq_5a3e6497-a380-4936-9e60-e71cfcb4e0fd-policy_agent_11.art.log,14747255,4e5e8e94a392adc9196f5fcb57a2bd51
paintball/runs/S2_A/ereq_5a3e6497-a380-4936-9e60-e71cfcb4e0fd-policy_agent_11.zip,428936,5141462bb582a35d5d1d45ea52796542
paintball/runs/S2_A/ereq_65286abf-9886-451e-819b-78638c1919ea-policy_agent_10.art.log,1088465,dd2c35856fbfa504c08fc4fb18e5f77f
paintball/runs/S2_A/ereq_65286abf-9886-451e-819b-78638c1919ea-policy_agent_10.zip,39974,acbb39db3d3cc1672f69143016e5faa0
paintball/runs/S2_A/ereq_65286abf-9886-451e-819b-78638c1919ea-policy_agent_11.art.log,1200052,81e19ec4267f3f644c72663ddc1c1775
paintball/runs/S2_A/ereq_65286abf-9886-451e-819b-78638c1919ea-policy_agent_11.zip,47161,5ba2f598df4630b419d726f3a5d0ad99
paintball/runs/S2_A/ereq_66aaf7f3-15a3-4e70-9215-f19938516ea8-policy_agent_10.art.log,19707073,37719f7fd63f7a9c9047f6095f18417d
paintball/runs/S2_A/ereq_66aaf7f3-15a3-4e70-9215-f19938516ea8-policy_agent_10.zip,559432,5895e50e599cb729627707217dd39a5c
paintball/runs/S2_A/ereq_66aaf7f3-15a3-4e70-9215-f19938516ea8-policy_agent_11.art.log,20364507,fcc258a5d63e812a0761295d06db16d6
paintball/runs/S2_A/ereq_66aaf7f3-15a3-4e70-9215-f19938516ea8-policy_agent_11.zip,583920,a729e05132cfedbbdd140dbcffa84af4
paintball/runs/S2_A/ereq_6f4693e6-222c-44cd-ba2f-1b670597d014-policy_agent_10.art.log,2240162,9d865494fca172e99d32d3e83897e313
paintball/runs/S2_A/ereq_6f4693e6-222c-44cd-ba2f-1b670597d014-policy_agent_10.zip,96571,9d61d7f9d73037a1a9ae10a2c7962b15
paintball/runs/S2_A/ereq_6f4693e6-222c-44cd-ba2f-1b670597d014-policy_agent_11.art.log,983527,18aefbc5a920e09e13523a23cc9d4f11
paintball/runs/S2_A/ereq_6f4693e6-222c-44cd-ba2f-1b670597d014-policy_agent_11.zip,29166,39c9bacf97d1f567046bc0c8df9a523b
paintball/runs/S2_A/ereq_71dceea0-319c-4e68-b12d-a6ab37794822-policy_agent_10.art.log,5158223,ce38ebdc144188f8026f0c4bce564859
paintball/runs/S2_A/ereq_71dceea0-319c-4e68-b12d-a6ab37794822-policy_agent_10.zip,233724,a120d59766cbbe0a21417dd8090f229d
paintball/runs/S2_A/ereq_71dceea0-319c-4e68-b12d-a6ab37794822-policy_agent_11.art.log,1030234,db4739937e494bb519850f3bb6e8ce32
paintball/runs/S2_A/ereq_71dceea0-319c-4e68-b12d-a6ab37794822-policy_agent_11.zip,32266,98eff48edfa4f647c8339a26828cc186
paintball/runs/S2_A/ereq_7955ecb7-226b-4397-aa3d-7d49e0aff21e-policy_agent_10.art.log,1766949,0b96e7938f0bb1a3fe7ff791a686ffee
paintball/runs/S2_A/ereq_7955ecb7-226b-4397-aa3d-7d49e0aff21e-policy_agent_10.zip,58984,03c478f09fc5a76107581a406900e0c5
paintball/runs/S2_A/ereq_7955ecb7-226b-4397-aa3d-7d49e0aff21e-policy_agent_11.art.log,2889081,9084bf72ee294a2074b4403b95d50dad
paintball/runs/S2_A/ereq_7955ecb7-226b-4397-aa3d-7d49e0aff21e-policy_agent_11.zip,111828,f4995904b9c822b21375bbdd6627eea0
paintball/runs/S2_A/ereq_838f5af9-07a3-4cd7-8cc1-7eb840b0544e-policy_agent_10.art.log,15401657,89cc524d41fe1b303d8ad2d8db65f813
paintball/runs/S2_A/ereq_838f5af9-07a3-4cd7-8cc1-7eb840b0544e-policy_agent_10.zip,574867,02d24dc7717365a67d84d83e2ceb47b2
paintball/runs/S2_A/ereq_838f5af9-07a3-4cd7-8cc1-7eb840b0544e-policy_agent_11.art.log,4943833,4d8af35f1a49662722b0e742b39d2c5f
paintball/runs/S2_A/ereq_838f5af9-07a3-4cd7-8cc1-7eb840b0544e-policy_agent_11.zip,118217,5309dffe31a6a184a833961e196edf66
paintball/runs/S2_A/ereq_8acd5fed-da17-494a-a4e0-a4d65f19bca3-policy_agent_10.art.log,12379949,2bed407890b61eba73b883a92b755ca0
paintball/runs/S2_A/ereq_8acd5fed-da17-494a-a4e0-a4d65f19bca3-policy_agent_10.zip,367059,0161b9ab6d07f5e34f58fcec5646da6e
paintball/runs/S2_A/ereq_8acd5fed-da17-494a-a4e0-a4d65f19bca3-policy_agent_11.art.log,12522031,189e8b598a1612cfe66a34b096bb8e13
paintball/runs/S2_A/ereq_8acd5fed-da17-494a-a4e0-a4d65f19bca3-policy_agent_11.zip,350139,aca39b3451a396b8e557ba46147be3a4
paintball/runs/S2_A/ereq_9074b5db-f41f-4f73-a1ad-ca76ecb5a9a0-policy_agent_10.art.log,1083833,0cfc7c539033fa19d7d09c4bb865930f
paintball/runs/S2_A/ereq_9074b5db-f41f-4f73-a1ad-ca76ecb5a9a0-policy_agent_10.zip,42097,d4f40d2ee40dfd5deed1f2403a371326
paintball/runs/S2_A/ereq_9074b5db-f41f-4f73-a1ad-ca76ecb5a9a0-policy_agent_11.art.log,1161294,0e82ab7538e6d44b612fad6c646c6ed5
paintball/runs/S2_A/ereq_9074b5db-f41f-4f73-a1ad-ca76ecb5a9a0-policy_agent_11.zip,42344,e9513344086da755fc62f29a330cf17c
paintball/runs/S2_A/ereq_9b857f4f-7dc7-4b36-af81-bad823a3f1d6-policy_agent_10.art.log,7446788,b41764d3f619b2daef5d9bd8af4b3b57
paintball/runs/S2_A/ereq_9b857f4f-7dc7-4b36-af81-bad823a3f1d6-policy_agent_10.zip,302638,df6bce29c108333170f8a11353155eca
paintball/runs/S2_A/ereq_9b857f4f-7dc7-4b36-af81-bad823a3f1d6-policy_agent_11.art.log,1996444,321af672fcfc157a663475d511f9a15e
paintball/runs/S2_A/ereq_9b857f4f-7dc7-4b36-af81-bad823a3f1d6-policy_agent_11.zip,69390,12f3478c2693492722a628111b16253e
paintball/runs/S2_A/ereq_acc8f976-01e6-4e3b-aeab-33262eaf19d4-policy_agent_10.art.log,19705517,e6ee67708787255ffa256a765ebc9af0
paintball/runs/S2_A/ereq_acc8f976-01e6-4e3b-aeab-33262eaf19d4-policy_agent_10.zip,577516,cbafbfbc5db0fa28548769195d7128e4
paintball/runs/S2_A/ereq_acc8f976-01e6-4e3b-aeab-33262eaf19d4-policy_agent_11.art.log,13909108,6000af987528b1305f9de95a62da78a3
paintball/runs/S2_A/ereq_acc8f976-01e6-4e3b-aeab-33262eaf19d4-policy_agent_11.zip,407186,ac09a27352e839ece9f388fb64f54ef9
paintball/runs/S2_A/ereq_aeb613c3-3f96-4d52-af94-81875c389cb4-policy_agent_10.art.log,13986081,810b3325b45ff63e97cc39e736b6a967
paintball/runs/S2_A/ereq_aeb613c3-3f96-4d52-af94-81875c389cb4-policy_agent_10.zip,467762,e4efde670a21e22cfa91612afebfd763
paintball/runs/S2_A/ereq_aeb613c3-3f96-4d52-af94-81875c389cb4-policy_agent_11.art.log,12736994,3ef3c666c465ad26c1230ba86722d7fa
paintball/runs/S2_A/ereq_aeb613c3-3f96-4d52-af94-81875c389cb4-policy_agent_11.zip,423476,817513d45879d93da77333f8990cc4f8
paintball/runs/S2_A/ereq_c185eca4-aa29-43bb-940c-2cc3914e54d6-policy_agent_10.art.log,13695705,2df8ae25f46d70a4ecece66534d31930
paintball/runs/S2_A/ereq_c185eca4-aa29-43bb-940c-2cc3914e54d6-policy_agent_10.zip,461905,867be25e69d76e1e1f1f4d053e3a16fe
paintball/runs/S2_A/ereq_c185eca4-aa29-43bb-940c-2cc3914e54d6-policy_agent_11.art.log,6558129,6fbd52fbb81156f78234b6fa59be46b5
paintball/runs/S2_A/ereq_c185eca4-aa29-43bb-940c-2cc3914e54d6-policy_agent_11.zip,153488,9a1ad9db1639618ae433b1cbc77533db
paintball/runs/S2_A/ereq_d16961f6-a4c4-4ead-89d6-cfd3a41f7c93-policy_agent_10.art.log,1717097,6bcf70d8c681059c56274c7daefe1a12
paintball/runs/S2_A/ereq_d16961f6-a4c4-4ead-89d6-cfd3a41f7c93-policy_agent_10.zip,52767,b84d83811991c9871368286774f3520e
paintball/runs/S2_A/ereq_d16961f6-a4c4-4ead-89d6-cfd3a41f7c93-policy_agent_11.art.log,6236507,72022d801a15838fb7f0c93d60a693c1
paintball/runs/S2_A/ereq_d16961f6-a4c4-4ead-89d6-cfd3a41f7c93-policy_agent_11.zip,251980,0d258d43923fe2682c0c56bf9af98b3d
paintball/runs/S2_A/ereq_d6d58059-d76e-4296-8657-52785154fcb5-policy_agent_10.art.log,1336049,aa06fd17df2e0615f5a5f00c8519cea6
paintball/runs/S2_A/ereq_d6d58059-d76e-4296-8657-52785154fcb5-policy_agent_10.zip,53000,b16ddd5c0aeb6bf87f2e63e706022f39
paintball/runs/S2_A/ereq_d6d58059-d76e-4296-8657-52785154fcb5-policy_agent_11.art.log,1125818,d7f7e7ea38e14a8f4408de0e0aff3d85
paintball/runs/S2_A/ereq_d6d58059-d76e-4296-8657-52785154fcb5-policy_agent_11.zip,41491,a36fb792f33625eda04ab8654e6a7f9d
paintball/runs/S2_A/ereq_df4455e7-1af0-4424-9adf-a6c042c8400c-policy_agent_10.art.log,1611603,2700dcd17a0bc4d9cb237f58e9c0fbee
paintball/runs/S2_A/ereq_df4455e7-1af0-4424-9adf-a6c042c8400c-policy_agent_10.zip,62502,363d679b13c6d5a9726d4bb594d231d8
paintball/runs/S2_A/ereq_df4455e7-1af0-4424-9adf-a6c042c8400c-policy_agent_11.art.log,1497441,d988036586ceec971ade045cfa2510f0
paintball/runs/S2_A/ereq_df4455e7-1af0-4424-9adf-a6c042c8400c-policy_agent_11.zip,53929,4a3eb8ff07cd90b99ff52a793a7bf0b4
paintball/runs/S2_A/ereq_ea701ab1-1839-451b-9b6d-4001243d8f32-policy_agent_10.art.log,10808138,b0206fa6821771126093e58d0bae9805
paintball/runs/S2_A/ereq_ea701ab1-1839-451b-9b6d-4001243d8f32-policy_agent_10.zip,383002,71c2bb486be70a3fafc5e79948046756
paintball/runs/S2_A/ereq_ea701ab1-1839-451b-9b6d-4001243d8f32-policy_agent_11.art.log,9963513,46294c7f5d1b35df2094c77bb78de918
paintball/runs/S2_A/ereq_ea701ab1-1839-451b-9b6d-4001243d8f32-policy_agent_11.zip,323061,6e58122ce9935b0af1fcbbdbdb337a55
paintball/runs/S2_A/ereq_eb07dcf6-1b9f-4311-9732-06b5d2b946a1-policy_agent_10.art.log,4691653,df466a115031538c21ef520ec9efb287
paintball/runs/S2_A/ereq_eb07dcf6-1b9f-4311-9732-06b5d2b946a1-policy_agent_10.zip,131059,ce6d47f6b453a19282c8f18fc52c93aa
paintball/runs/S2_A/ereq_eb07dcf6-1b9f-4311-9732-06b5d2b946a1-policy_agent_11.art.log,7965366,08c2b0ebea96c54834325cf0f1de05e0
paintball/runs/S2_A/ereq_eb07dcf6-1b9f-4311-9732-06b5d2b946a1-policy_agent_11.zip,287867,0c5fef49aa37e82771c7c28b8d4841c4
paintball/runs/S2_A/ereq_eb4b5b8a-ad03-478d-9357-ba6645b2c3dc-policy_agent_10.art.log,16467994,d9215ce056d78d5965613d40ab8709b4
paintball/runs/S2_A/ereq_eb4b5b8a-ad03-478d-9357-ba6645b2c3dc-policy_agent_10.zip,492197,16df86d7f6c4b16e1deee6f7ce7af4e5
paintball/runs/S2_A/ereq_eb4b5b8a-ad03-478d-9357-ba6645b2c3dc-policy_agent_11.art.log,15695769,894d7e433a5c33cb9da45fbd1453bc44
paintball/runs/S2_A/ereq_eb4b5b8a-ad03-478d-9357-ba6645b2c3dc-policy_agent_11.zip,433100,aec7cae8f1c29d8d46c74e7be40f9e1a
paintball/runs/S2_A/ereq_ebde300e-4796-4a89-ae0c-f1e3f7c2d0ed-policy_agent_10.art.log,10199881,80b20536f78ab52f541c1795daa9d67d
paintball/runs/S2_A/ereq_ebde300e-4796-4a89-ae0c-f1e3f7c2d0ed-policy_agent_10.zip,338749,0cb573323d6685f6653518691c9ac98f
paintball/runs/S2_A/ereq_ebde300e-4796-4a89-ae0c-f1e3f7c2d0ed-policy_agent_11.art.log,8852881,b33fcdc35c38ff1cb5dc648bc3883f5d
paintball/runs/S2_A/ereq_ebde300e-4796-4a89-ae0c-f1e3f7c2d0ed-policy_agent_11.zip,198353,160bf0f5157b073d0048170420ebab43
paintball/runs/S2_A/ereq_ef4fa19b-d288-49d2-8b46-5ab3454c4ea9-policy_agent_10.art.log,1290632,37fab136a3e55dd2ad417a6b1517f075
paintball/runs/S2_A/ereq_ef4fa19b-d288-49d2-8b46-5ab3454c4ea9-policy_agent_10.zip,50035,e89257a3f529658c9b69293da6a570cb
paintball/runs/S2_A/ereq_ef4fa19b-d288-49d2-8b46-5ab3454c4ea9-policy_agent_11.art.log,1547244,11e56b7eb48dc4d646bce94343cbadd6
paintball/runs/S2_A/ereq_ef4fa19b-d288-49d2-8b46-5ab3454c4ea9-policy_agent_11.zip,55021,d8910026ad1e81d6406edc6051d31903
paintball/runs/S2_A/ereq_f3d031e5-1fbd-4e6e-b087-82019f175111-policy_agent_10.art.log,1180197,2528637cf4eadd6f8f1109edd35e6c06
paintball/runs/S2_A/ereq_f3d031e5-1fbd-4e6e-b087-82019f175111-policy_agent_10.zip,47700,89cdcce37aa6e36b8c6131f0633ca2f9
paintball/runs/S2_A/ereq_f3d031e5-1fbd-4e6e-b087-82019f175111-policy_agent_11.art.log,961067,886f411ed4164e5b31c8665eaf8701b5
paintball/runs/S2_A/ereq_f3d031e5-1fbd-4e6e-b087-82019f175111-policy_agent_11.zip,34095,5720e4ccc3974ee14c5a999459909516
paintball/runs/S2_A/ereq_f9260322-df6a-473d-afd6-c008ce938d62-policy_agent_10.art.log,17139955,603a417d32f808575c757ba06fe4d488
paintball/runs/S2_A/ereq_f9260322-df6a-473d-afd6-c008ce938d62-policy_agent_10.zip,479212,a7427b4913a16dc45edd149d2e43c2e5
paintball/runs/S2_A/ereq_f9260322-df6a-473d-afd6-c008ce938d62-policy_agent_11.art.log,16311570,8aa26d31d573f1af2dbbb6a8155ddc92
paintball/runs/S2_A/ereq_f9260322-df6a-473d-afd6-c008ce938d62-policy_agent_11.zip,457666,e56db99c1f53eea1190b80697771922f
paintball/runs/S2_A/ereq_fb05017f-574e-4d74-b00f-369f2d648d46-policy_agent_10.art.log,6634812,2cb1bd0cf7d96833fd9e950cce589ee8
paintball/runs/S2_A/ereq_fb05017f-574e-4d74-b00f-369f2d648d46-policy_agent_10.zip,296164,9899534652dc89155cf740592453c6ae
paintball/runs/S2_A/ereq_fb05017f-574e-4d74-b00f-369f2d648d46-policy_agent_11.art.log,1266442,f19f1497d6d5f7ca436c1fafcdb7b396
paintball/runs/S2_A/ereq_fb05017f-574e-4d74-b00f-369f2d648d46-policy_agent_11.zip,46961,e3b6127868e5e9387564fcbc0134f581
paintball/runs/S2_Aconf/ereq_1a919817-3cd9-4ddd-b88a-8edbbd4edfec-policy_agent_10.art.log,1663228,81c2e47152c38e9c0772c6bc8e5f96b2
paintball/runs/S2_Aconf/ereq_1a919817-3cd9-4ddd-b88a-8edbbd4edfec-policy_agent_10.zip,66350,f7c2cc4880d3956a6a7bbee54b5f1147
paintball/runs/S2_Aconf/ereq_1a919817-3cd9-4ddd-b88a-8edbbd4edfec-policy_agent_11.art.log,1041271,9b830719dc384941ba417927bca70eab
paintball/runs/S2_Aconf/ereq_1a919817-3cd9-4ddd-b88a-8edbbd4edfec-policy_agent_11.zip,33777,0cef4652521443360c1309c3e98a35a3
paintball/runs/S2_Aconf/ereq_52cb1a95-abf1-4645-843f-912cd59da250-policy_agent_10.art.log,12191821,17e011b1e76dcd5086a9cbe8b2b6321d
paintball/runs/S2_Aconf/ereq_52cb1a95-abf1-4645-843f-912cd59da250-policy_agent_10.zip,432438,5a5f5811eeb3832498d6980f99c8834a
paintball/runs/S2_Aconf/ereq_52cb1a95-abf1-4645-843f-912cd59da250-policy_agent_11.art.log,8290012,a437250bfd36cd5d6fb57f3808c38092
paintball/runs/S2_Aconf/ereq_52cb1a95-abf1-4645-843f-912cd59da250-policy_agent_11.zip,270921,f0e34f88c8de7a180e7304a21b03a39d
paintball/runs/S2_Aconf/ereq_68b30d37-1693-4f76-b1c7-6c2b059b4a49-policy_agent_10.art.log,5839366,8f02734f84676aa0b4720ac42584bf8a
paintball/runs/S2_Aconf/ereq_68b30d37-1693-4f76-b1c7-6c2b059b4a49-policy_agent_10.zip,188740,6e740820ce6406827d2f48bfbd7a9c43
paintball/runs/S2_Aconf/ereq_68b30d37-1693-4f76-b1c7-6c2b059b4a49-policy_agent_11.art.log,9788533,eccadb649b453098c01e72ff653e1983
paintball/runs/S2_Aconf/ereq_68b30d37-1693-4f76-b1c7-6c2b059b4a49-policy_agent_11.zip,364644,930e0675a32d0624df5f60e1f011c3b4
paintball/runs/S2_Aconf/ereq_6bdf372b-cf64-47de-862c-49fb176801e1-policy_agent_10.art.log,3933150,2e46a644e3bb71eaa3507bd469c7dc63
paintball/runs/S2_Aconf/ereq_6bdf372b-cf64-47de-862c-49fb176801e1-policy_agent_10.zip,113375,8834aea681e0e22ff46184246d7c40b2
paintball/runs/S2_Aconf/ereq_6bdf372b-cf64-47de-862c-49fb176801e1-policy_agent_11.art.log,6398319,ff0729bb5509d4361c12dda10ef0d707
paintball/runs/S2_Aconf/ereq_6bdf372b-cf64-47de-862c-49fb176801e1-policy_agent_11.zip,229259,02c92ae7e3f091c8c71dd862128cd0af
paintball/runs/S2_Aconf/ereq_6f75e97b-04c3-47ba-88d8-564132d50d6e-policy_agent_10.art.log,5764591,1a259279e35708c5659e0f17216f6c9a
paintball/runs/S2_Aconf/ereq_6f75e97b-04c3-47ba-88d8-564132d50d6e-policy_agent_10.zip,170129,4f7fae383221f4bee1e260a65c3729fb
paintball/runs/S2_Aconf/ereq_6f75e97b-04c3-47ba-88d8-564132d50d6e-policy_agent_11.art.log,7279843,fd3aeb780a8746db223b16c22603fa08
paintball/runs/S2_Aconf/ereq_6f75e97b-04c3-47ba-88d8-564132d50d6e-policy_agent_11.zip,238286,45c82b21291187d764ffa31a340e7e6d
paintball/runs/S2_Aconf/ereq_755450ad-162c-4346-8469-b62ef9e63230-policy_agent_10.art.log,978808,d4cf55b20e55347ce91c28b1d1289416
paintball/runs/S2_Aconf/ereq_755450ad-162c-4346-8469-b62ef9e63230-policy_agent_10.zip,31488,7a194e793d04be7998fb0e4d783bc7d0
paintball/runs/S2_Aconf/ereq_755450ad-162c-4346-8469-b62ef9e63230-policy_agent_11.art.log,1901548,8bcbd617411219b0895731135de782e9
paintball/runs/S2_Aconf/ereq_755450ad-162c-4346-8469-b62ef9e63230-policy_agent_11.zip,80226,79b787fb6aee66650eaa431c79f0b542
paintball/runs/S2_Aconf/ereq_8fc0e232-f7fa-41a9-a68b-303427bfbfe1-policy_agent_10.art.log,18824392,fbc0286906103146f6f1c2f6a57bc9ce
paintball/runs/S2_Aconf/ereq_8fc0e232-f7fa-41a9-a68b-303427bfbfe1-policy_agent_10.zip,756467,d0bf972ab985a3550c8ac63aecb3f53b
paintball/runs/S2_Aconf/ereq_8fc0e232-f7fa-41a9-a68b-303427bfbfe1-policy_agent_11.art.log,5776522,fb7a6e062ad0f55f76470328afc703d8
paintball/runs/S2_Aconf/ereq_8fc0e232-f7fa-41a9-a68b-303427bfbfe1-policy_agent_11.zip,152650,f6317c0eb7ffdb4f98de28cf2ad32e76
paintball/runs/S2_Aconf/ereq_9425c5b8-360d-4ebf-a9e1-f5dea25ddf84-policy_agent_10.art.log,18778295,88c05c5bd53c0ac2a9a8ab96350bd47e
paintball/runs/S2_Aconf/ereq_9425c5b8-360d-4ebf-a9e1-f5dea25ddf84-policy_agent_10.zip,566871,3eeece2c4fe850c6bc653e383c146c5f
paintball/runs/S2_Aconf/ereq_9425c5b8-360d-4ebf-a9e1-f5dea25ddf84-policy_agent_11.art.log,16609198,99dc109dacc163cbb8955a68f2d01283
paintball/runs/S2_Aconf/ereq_9425c5b8-360d-4ebf-a9e1-f5dea25ddf84-policy_agent_11.zip,395765,5a835ed34bc16b24cb37b465e4ae1cbf
paintball/runs/S2_Aconf/ereq_d33bc068-94c8-4817-82f8-a2138808fbae-policy_agent_10.art.log,3315951,ce84c6dc5a13e7d3f997fd5731d137cb
paintball/runs/S2_Aconf/ereq_d33bc068-94c8-4817-82f8-a2138808fbae-policy_agent_10.zip,93029,ec22cb16bd1021191f3f83a6d1acc81a
paintball/runs/S2_Aconf/ereq_d33bc068-94c8-4817-82f8-a2138808fbae-policy_agent_11.art.log,2844413,117c48f52925051368532daa1dbbc2a9
paintball/runs/S2_Aconf/ereq_d33bc068-94c8-4817-82f8-a2138808fbae-policy_agent_11.zip,67692,44e0eba85291a26734a83debcb4c7ab2
paintball/runs/S2_Aconf/ereq_da0f8638-e185-45be-8cf4-b8065f2fc390-policy_agent_10.art.log,5551227,d2d00eb1b58cccf61df5ebb9aad345b7
paintball/runs/S2_Aconf/ereq_da0f8638-e185-45be-8cf4-b8065f2fc390-policy_agent_10.zip,175485,b1a9b17ccbc3bf1b01d87b21d8264843
paintball/runs/S2_Aconf/ereq_da0f8638-e185-45be-8cf4-b8065f2fc390-policy_agent_11.art.log,5750607,8e0fb53e633de3c028b5ed2fb2dd94c7
paintball/runs/S2_Aconf/ereq_da0f8638-e185-45be-8cf4-b8065f2fc390-policy_agent_11.zip,151943,c4cfea9d83a693131e7d8ca3dfb16f46
paintball/runs/S2_B/ereq_03d5e1a6-9ccd-46c8-8e13-3385ef45f006-policy_agent_10.art.log,14930571,02af8b1af5bd190d83f1a93c73bd0817
paintball/runs/S2_B/ereq_03d5e1a6-9ccd-46c8-8e13-3385ef45f006-policy_agent_10.zip,497603,69d8dc4b709023586a117f6ea0f0ebef
paintball/runs/S2_B/ereq_03d5e1a6-9ccd-46c8-8e13-3385ef45f006-policy_agent_11.art.log,14119486,2d9427f0587c2cb9679eb12905a31415
paintball/runs/S2_B/ereq_03d5e1a6-9ccd-46c8-8e13-3385ef45f006-policy_agent_11.zip,575346,3a2e53b5d7bd95b5e49c5c967d653a2d
paintball/runs/S2_B/ereq_06319ddf-b8d6-48c5-ae0a-a40f8ac09561-policy_agent_10.art.log,1153751,970799a2b6fe0221f407b26eb18f0277
paintball/runs/S2_B/ereq_06319ddf-b8d6-48c5-ae0a-a40f8ac09561-policy_agent_10.zip,49055,854d24210041f6316cf0c0bf771aa564
paintball/runs/S2_B/ereq_06319ddf-b8d6-48c5-ae0a-a40f8ac09561-policy_agent_11.art.log,1249078,8d584dffeae3cb367c6756c3ca994dcb
paintball/runs/S2_B/ereq_06319ddf-b8d6-48c5-ae0a-a40f8ac09561-policy_agent_11.zip,55004,20c22ee45467b0b4d8d37b2cbd04e39d
paintball/runs/S2_B/ereq_16975f45-fd0e-4927-bcd3-a982aacdca39-policy_agent_10.art.log,15132852,331bf2c4ff416be52f621bd0d0ae212b
paintball/runs/S2_B/ereq_16975f45-fd0e-4927-bcd3-a982aacdca39-policy_agent_10.zip,536865,0b3e60b282110f2b597bfe24c803b4e5
paintball/runs/S2_B/ereq_16975f45-fd0e-4927-bcd3-a982aacdca39-policy_agent_11.art.log,17539360,3540012dfcbcdfce9c11f90b3c73fc5c
paintball/runs/S2_B/ereq_16975f45-fd0e-4927-bcd3-a982aacdca39-policy_agent_11.zip,678135,e05e30c6299bd694e3d965f18efbe296
paintball/runs/S2_B/ereq_210d8935-1330-4407-a2e4-633e4d8c84bd-policy_agent_10.art.log,20496913,db06dd71b84f5b309e92d521111ea44d
paintball/runs/S2_B/ereq_210d8935-1330-4407-a2e4-633e4d8c84bd-policy_agent_10.zip,932740,8c061f7033ab69805419e6b0fc3386d3
paintball/runs/S2_B/ereq_210d8935-1330-4407-a2e4-633e4d8c84bd-policy_agent_11.art.log,17492025,b1478041367e0060ab127bbbf157b248
paintball/runs/S2_B/ereq_210d8935-1330-4407-a2e4-633e4d8c84bd-policy_agent_11.zip,708678,3fb69987a47438b1fbf8fc450b4a5e8c
paintball/runs/S2_B/ereq_23c35088-877e-4905-bd80-ac3cf5f2e8ea-policy_agent_10.art.log,3931627,9e630c101978a96cde58f7ac404f0e2b
paintball/runs/S2_B/ereq_23c35088-877e-4905-bd80-ac3cf5f2e8ea-policy_agent_10.zip,128016,924e87a0b9610d859e3adeec27d8b9b9
paintball/runs/S2_B/ereq_23c35088-877e-4905-bd80-ac3cf5f2e8ea-policy_agent_11.art.log,3305826,a7c382593786842211f0b03196569b59
paintball/runs/S2_B/ereq_23c35088-877e-4905-bd80-ac3cf5f2e8ea-policy_agent_11.zip,93946,fb67d69e6cf8357c1c7cdee83119e6ec
paintball/runs/S2_B/ereq_380d7cc8-138a-4176-893e-16285b8213f0-policy_agent_10.art.log,6486968,5bae8f6e0860827879e947ba2e082f1c
paintball/runs/S2_B/ereq_380d7cc8-138a-4176-893e-16285b8213f0-policy_agent_10.zip,265578,8471a02cee95c435d51a561e0c2761b9
paintball/runs/S2_B/ereq_380d7cc8-138a-4176-893e-16285b8213f0-policy_agent_11.art.log,6881138,fad51e3e35272dd3d9f75022b2a9992c
paintball/runs/S2_B/ereq_380d7cc8-138a-4176-893e-16285b8213f0-policy_agent_11.zip,279350,112dee54306bbc0257660eda535eaffd
paintball/runs/S2_B/ereq_460dc538-d9c1-43bc-ad72-6bbd8d185f94-policy_agent_10.art.log,8840935,0a10bf8984372cab81198de10f2f821c
paintball/runs/S2_B/ereq_460dc538-d9c1-43bc-ad72-6bbd8d185f94-policy_agent_10.zip,449212,d0928d0cd382ba4f775b5f529fa3bb03
paintball/runs/S2_B/ereq_460dc538-d9c1-43bc-ad72-6bbd8d185f94-policy_agent_11.art.log,1369524,54b2e5e5e12c92c15caf28996e347f82
paintball/runs/S2_B/ereq_460dc538-d9c1-43bc-ad72-6bbd8d185f94-policy_agent_11.zip,59307,a000ce20d0ba18e7b9c781c159e22471
paintball/runs/S2_B/ereq_4ff15487-f0db-4af7-ac4f-5268d0962ff8-policy_agent_10.art.log,12854108,4aa96b8055d4531047a800a6c9f0b4a3
paintball/runs/S2_B/ereq_4ff15487-f0db-4af7-ac4f-5268d0962ff8-policy_agent_10.zip,542676,581bb090bb4a06d8a88165d31f973c4f
paintball/runs/S2_B/ereq_4ff15487-f0db-4af7-ac4f-5268d0962ff8-policy_agent_11.art.log,8967071,5b851b745ea01634168783e3aabad2cb
paintball/runs/S2_B/ereq_4ff15487-f0db-4af7-ac4f-5268d0962ff8-policy_agent_11.zip,330233,c2e7f903407e091908e8129c8c85abea
paintball/runs/S2_B/ereq_51ff249d-69e2-43ae-9e56-c427286e7c69-policy_agent_10.art.log,2913070,406f98dbb16cd39a8fc5aad13c87da2c
paintball/runs/S2_B/ereq_51ff249d-69e2-43ae-9e56-c427286e7c69-policy_agent_10.zip,146424,4d63d7a26caa7612a5534eafa4bedf31
paintball/runs/S2_B/ereq_51ff249d-69e2-43ae-9e56-c427286e7c69-policy_agent_11.art.log,1111465,2184472269b9dbaa69f030a11de97831
paintball/runs/S2_B/ereq_51ff249d-69e2-43ae-9e56-c427286e7c69-policy_agent_11.zip,41890,4fd5c499933e0fbac4013b8c50f4fbd7
paintball/runs/S2_B/ereq_548d3814-f0c8-41df-891e-a52c3b6b94e2-policy_agent_10.art.log,1293512,eed49c44022b7e2151e100c389d396c9
paintball/runs/S2_B/ereq_548d3814-f0c8-41df-891e-a52c3b6b94e2-policy_agent_10.zip,57180,d12df801c8494a1511a8ed0ea1bd7c34
paintball/runs/S2_B/ereq_548d3814-f0c8-41df-891e-a52c3b6b94e2-policy_agent_11.art.log,1039870,2f7c521d92b4fa93a30c06e528392501
paintball/runs/S2_B/ereq_548d3814-f0c8-41df-891e-a52c3b6b94e2-policy_agent_11.zip,40929,e0dd7beb38ecae79fafc0fad0ebce4ee
paintball/runs/S2_B/ereq_58646280-2bac-41ef-b36f-ae896eeb52a5-policy_agent_10.art.log,942486,451527b4ac77c4d4b062d5c84633be5f
paintball/runs/S2_B/ereq_58646280-2bac-41ef-b36f-ae896eeb52a5-policy_agent_10.zip,40048,fba431be28f5cfd38d5a2fa288e7e5b2
paintball/runs/S2_B/ereq_58646280-2bac-41ef-b36f-ae896eeb52a5-policy_agent_11.art.log,1026024,4679b305c459970861e384c1475dda16
paintball/runs/S2_B/ereq_58646280-2bac-41ef-b36f-ae896eeb52a5-policy_agent_11.zip,43243,bee8056d509bdd7a387d78545d7d7e0c
paintball/runs/S2_B/ereq_58a9e51e-a612-4512-b6e7-5150d99583e0-policy_agent_10.art.log,10195025,aaaa55ed5e63af3e80733de77cc7d314
paintball/runs/S2_B/ereq_58a9e51e-a612-4512-b6e7-5150d99583e0-policy_agent_10.zip,334861,0052c2fe4ba8ef45e48b2dc722cb9da9
paintball/runs/S2_B/ereq_58a9e51e-a612-4512-b6e7-5150d99583e0-policy_agent_11.art.log,9453202,59570a927d2c1c75f5a4b4fad9950bc6
paintball/runs/S2_B/ereq_58a9e51e-a612-4512-b6e7-5150d99583e0-policy_agent_11.zip,309821,3ce91044bdfa66aef3e5acd7b19ab9fe
paintball/runs/S2_B/ereq_59d8fa60-1275-4c46-9701-50bffc931a74-policy_agent_10.art.log,14423203,518fba12c30da232edaa09050c9862a1
paintball/runs/S2_B/ereq_59d8fa60-1275-4c46-9701-50bffc931a74-policy_agent_10.zip,546819,e58577857b65600be1ea134239807bf0
paintball/runs/S2_B/ereq_59d8fa60-1275-4c46-9701-50bffc931a74-policy_agent_11.art.log,13143185,019014b8db9f372b0000090d4b940437
paintball/runs/S2_B/ereq_59d8fa60-1275-4c46-9701-50bffc931a74-policy_agent_11.zip,475373,8c589f34167c08256a141be4ef096dda
paintball/runs/S2_B/ereq_5c278ba2-0398-4c71-8ccb-7b4124c09592-policy_agent_10.art.log,2465607,2508391339edda74199fb1acdd12c8d9
paintball/runs/S2_B/ereq_5c278ba2-0398-4c71-8ccb-7b4124c09592-policy_agent_10.zip,108934,84b0b3d24de325606fbc707b2f63c869
paintball/runs/S2_B/ereq_5c278ba2-0398-4c71-8ccb-7b4124c09592-policy_agent_11.art.log,2192148,78959ae38c77cef9218ca1f33a810af8
paintball/runs/S2_B/ereq_5c278ba2-0398-4c71-8ccb-7b4124c09592-policy_agent_11.zip,89598,d8f1724b8d5199b386bb28cf63a186f2
paintball/runs/S2_B/ereq_69f6d0f0-4774-44fb-b127-1fc9b02fc427-policy_agent_10.art.log,10279265,3409ee14b8893ebf89cc624e524406db
paintball/runs/S2_B/ereq_69f6d0f0-4774-44fb-b127-1fc9b02fc427-policy_agent_10.zip,398247,86aad831a5b0298d0ebfeae36a08e459
paintball/runs/S2_B/ereq_69f6d0f0-4774-44fb-b127-1fc9b02fc427-policy_agent_11.art.log,6517373,965a549c830d535338f531c3e8e6b40d
paintball/runs/S2_B/ereq_69f6d0f0-4774-44fb-b127-1fc9b02fc427-policy_agent_11.zip,265713,ce386f80bcac701a3fc1f926c5bb29e1
paintball/runs/S2_B/ereq_6a27845e-202e-4707-af25-f00df0f609b7-policy_agent_10.art.log,1556510,ff074f7b3f01502386b8cdc9cabf2ec7
paintball/runs/S2_B/ereq_6a27845e-202e-4707-af25-f00df0f609b7-policy_agent_10.zip,67349,3b9c06970ca51af2b3971ccbf60308f7
paintball/runs/S2_B/ereq_6a27845e-202e-4707-af25-f00df0f609b7-policy_agent_11.art.log,1700344,982e6b930ca90a8b0831003ddcd93954
paintball/runs/S2_B/ereq_6a27845e-202e-4707-af25-f00df0f609b7-policy_agent_11.zip,73223,0a2e2c4b1357edb3397dd67dfafa0edf
paintball/runs/S2_B/ereq_6de69b74-bd9a-4c7e-94b9-eb161b8cb1cf-policy_agent_10.art.log,1080085,eb9bb04519ce0d1fecf6603c7a3035f5
paintball/runs/S2_B/ereq_6de69b74-bd9a-4c7e-94b9-eb161b8cb1cf-policy_agent_10.zip,42599,a4741316a23bc331c631cf6741495084
paintball/runs/S2_B/ereq_6de69b74-bd9a-4c7e-94b9-eb161b8cb1cf-policy_agent_11.art.log,22588596,a82aad3dc9c9c6179349d6f9c2222f51
paintball/runs/S2_B/ereq_6de69b74-bd9a-4c7e-94b9-eb161b8cb1cf-policy_agent_11.zip,1154999,7453c114127a39d03ed0bfcbc3a16aa3
paintball/runs/S2_B/ereq_6efcac41-5c0f-4f2a-90cb-63eca1bd6fea-policy_agent_10.art.log,1028972,51673413f367acf5e510f2f9238dae62
paintball/runs/S2_B/ereq_6efcac41-5c0f-4f2a-90cb-63eca1bd6fea-policy_agent_10.zip,40592,5daaba7d708612914e75f15077bf9f10
paintball/runs/S2_B/ereq_6efcac41-5c0f-4f2a-90cb-63eca1bd6fea-policy_agent_11.art.log,1604785,e1151af02600dd5fbe90576976a04b60
paintball/runs/S2_B/ereq_6efcac41-5c0f-4f2a-90cb-63eca1bd6fea-policy_agent_11.zip,75440,606cc622c3e3832735b4aab6838925db
paintball/runs/S2_B/ereq_7228e12c-684f-4509-8cd2-abc6e123c9dd-policy_agent_10.art.log,26335817,14a82f642e79b4909114b0fac9386149
paintball/runs/S2_B/ereq_7228e12c-684f-4509-8cd2-abc6e123c9dd-policy_agent_10.zip,1129519,7e4af34804220b0702f2623fe7867899
paintball/runs/S2_B/ereq_7228e12c-684f-4509-8cd2-abc6e123c9dd-policy_agent_11.art.log,5810138,f3c4d2c9c93d23b6389407ef0ef12557
paintball/runs/S2_B/ereq_7228e12c-684f-4509-8cd2-abc6e123c9dd-policy_agent_11.zip,229209,373c738da39a6779831f74e8bec0bae8
paintball/runs/S2_B/ereq_815dacd4-24f5-48ce-95cc-4a31931d6ad9-policy_agent_10.art.log,11936272,5dc39d56e139332896d884e997b9416b
paintball/runs/S2_B/ereq_815dacd4-24f5-48ce-95cc-4a31931d6ad9-policy_agent_10.zip,567896,d98e9d4ab179df7d113ae767a2422f4c
paintball/runs/S2_B/ereq_815dacd4-24f5-48ce-95cc-4a31931d6ad9-policy_agent_11.art.log,1014647,7fda205df399d24c1160ac95746440ae
paintball/runs/S2_B/ereq_815dacd4-24f5-48ce-95cc-4a31931d6ad9-policy_agent_11.zip,35030,acba8e29eb27ecc0edbd90d0877e3529
paintball/runs/S2_B/ereq_825e724e-400b-4a61-b3b4-c1b4d2538454-policy_agent_10.art.log,20784898,efefce196e18c644a2759df320768267
paintball/runs/S2_B/ereq_825e724e-400b-4a61-b3b4-c1b4d2538454-policy_agent_10.zip,1100411,9f4cee19999a00b065a6264b0dcf3440
paintball/runs/S2_B/ereq_825e724e-400b-4a61-b3b4-c1b4d2538454-policy_agent_11.art.log,1583775,7aaf494d45600cb5b4b9916b8972dfd8
paintball/runs/S2_B/ereq_825e724e-400b-4a61-b3b4-c1b4d2538454-policy_agent_11.zip,71242,c8001b69176c0b8288c4c8b55ab7c3b9
paintball/runs/S2_B/ereq_83d75f8b-5669-46c1-b9bf-8749cf0567bc-policy_agent_10.art.log,14937119,97b586d4a47fd8189372d71a73be44de
paintball/runs/S2_B/ereq_83d75f8b-5669-46c1-b9bf-8749cf0567bc-policy_agent_10.zip,798088,fbef42e8d9cdbe203cfe05d66366c70c
paintball/runs/S2_B/ereq_83d75f8b-5669-46c1-b9bf-8749cf0567bc-policy_agent_11.art.log,1337874,38a3ca8dc848c144883fd3b96529e004
paintball/runs/S2_B/ereq_83d75f8b-5669-46c1-b9bf-8749cf0567bc-policy_agent_11.zip,61070,8d1a37a5348e54f6cae51f6f8fa667ad
paintball/runs/S2_B/ereq_83de9ff0-0ff5-4592-aa6f-1b1b3326ef84-policy_agent_10.art.log,1375963,e8519daaa29f35e538abbea3d200ebdc
paintball/runs/S2_B/ereq_83de9ff0-0ff5-4592-aa6f-1b1b3326ef84-policy_agent_10.zip,57910,772b34234cb79a5e264465597e186ac6
paintball/runs/S2_B/ereq_83de9ff0-0ff5-4592-aa6f-1b1b3326ef84-policy_agent_11.art.log,3539779,98ef644f1dde52a4aa37ab4ffe87143d
paintball/runs/S2_B/ereq_83de9ff0-0ff5-4592-aa6f-1b1b3326ef84-policy_agent_11.zip,161912,848da3f4cb6951c76c819b4458381ce2
paintball/runs/S2_B/ereq_846432f4-a5cb-4def-be93-2b66885caf8e-policy_agent_10.art.log,1059298,11754a2827ca362b3d75d02a73933534
paintball/runs/S2_B/ereq_846432f4-a5cb-4def-be93-2b66885caf8e-policy_agent_10.zip,40012,4ceaa76cd6f9660bed566c7cdc0ae2e4
paintball/runs/S2_B/ereq_846432f4-a5cb-4def-be93-2b66885caf8e-policy_agent_11.art.log,1944952,7ed4fc127217d9664c72dfcde7ea015b
paintball/runs/S2_B/ereq_846432f4-a5cb-4def-be93-2b66885caf8e-policy_agent_11.zip,92845,74b558c064b2e4cdd01e95533d0f6326
paintball/runs/S2_B/ereq_84e59cd6-e8eb-4352-adce-0383f4f38e4d-policy_agent_10.art.log,7200885,71ad7fe6958a6d7146865e3cd1fbc2d2
paintball/runs/S2_B/ereq_84e59cd6-e8eb-4352-adce-0383f4f38e4d-policy_agent_10.zip,289913,a2edd673c3085888fadb203af7325bab
paintball/runs/S2_B/ereq_84e59cd6-e8eb-4352-adce-0383f4f38e4d-policy_agent_11.art.log,7405350,9e3ed0b4b67ec4a5b360c9d7d33c7ab8
paintball/runs/S2_B/ereq_84e59cd6-e8eb-4352-adce-0383f4f38e4d-policy_agent_11.zip,224797,43214b07bc1f9082ade96c4043322a25
paintball/runs/S2_B/ereq_92bd16b1-e3fb-45b1-99fb-e0134b79b4e6-policy_agent_10.art.log,1989106,95b9996db7cdd4b00b407ba6b9c20c9b
paintball/runs/S2_B/ereq_92bd16b1-e3fb-45b1-99fb-e0134b79b4e6-policy_agent_10.zip,82530,ea99f18a480db3c215284c06864071ef
paintball/runs/S2_B/ereq_92bd16b1-e3fb-45b1-99fb-e0134b79b4e6-policy_agent_11.art.log,16528095,1f3e9472e0ffa6dbb17cc75ad55f74b7
paintball/runs/S2_B/ereq_92bd16b1-e3fb-45b1-99fb-e0134b79b4e6-policy_agent_11.zip,904862,1df9780e9a03457bf9f0a39a9d389f75
paintball/runs/S2_B/ereq_9ae01aac-1256-4e93-830f-0e1a21fdf5a7-policy_agent_10.art.log,11032924,3c71eb8bfb329bfae83b206044c4d31a
paintball/runs/S2_B/ereq_9ae01aac-1256-4e93-830f-0e1a21fdf5a7-policy_agent_10.zip,351304,370967a00717b724b0d628b59c2b5aad
paintball/runs/S2_B/ereq_9ae01aac-1256-4e93-830f-0e1a21fdf5a7-policy_agent_11.art.log,12275913,2150763313eb2decbc117ca421f28f6a
paintball/runs/S2_B/ereq_9ae01aac-1256-4e93-830f-0e1a21fdf5a7-policy_agent_11.zip,419539,e38fcb6b346c9f7b2a9ad8d772571ebe
paintball/runs/S2_B/ereq_a4f46118-fb89-4c4a-b8ac-c09d69d26348-policy_agent_10.art.log,2955087,682b4e0963cc9e2ac56d0ef481d18996
paintball/runs/S2_B/ereq_a4f46118-fb89-4c4a-b8ac-c09d69d26348-policy_agent_10.zip,142573,bb66e88a658ca3904b826b36424fb6d7
paintball/runs/S2_B/ereq_a4f46118-fb89-4c4a-b8ac-c09d69d26348-policy_agent_11.art.log,1622522,ca0085a6ad1089820afb395c261a3dd6
paintball/runs/S2_B/ereq_a4f46118-fb89-4c4a-b8ac-c09d69d26348-policy_agent_11.zip,60973,40a6f757a431b03373a6740f06706916
paintball/runs/S2_B/ereq_b598badb-de78-4384-84a5-21cbfcc48630-policy_agent_10.art.log,24244386,c5052a65a8770fb79a440f51d5843d54
paintball/runs/S2_B/ereq_b598badb-de78-4384-84a5-21cbfcc48630-policy_agent_10.zip,1051386,24048e4638f2835b91460eb8b60bc7c6
paintball/runs/S2_B/ereq_b598badb-de78-4384-84a5-21cbfcc48630-policy_agent_11.art.log,12462719,09e36a2562fd8bd858da6af50eb7575b
paintball/runs/S2_B/ereq_b598badb-de78-4384-84a5-21cbfcc48630-policy_agent_11.zip,401637,1fc16f63179048f9b470d7bbc9d4297c
paintball/runs/S2_B/ereq_bf04efce-8b15-4a9b-bb6b-38f8a9da1090-policy_agent_10.art.log,8257011,6d6bd75a47c00245508bf4a4ee6782c5
paintball/runs/S2_B/ereq_bf04efce-8b15-4a9b-bb6b-38f8a9da1090-policy_agent_10.zip,423282,9bb42705c15145aac4ab98907c04c1b5
paintball/runs/S2_B/ereq_bf04efce-8b15-4a9b-bb6b-38f8a9da1090-policy_agent_11.art.log,1101985,3653a7feb20d603d5cfe8380413f7d57
paintball/runs/S2_B/ereq_bf04efce-8b15-4a9b-bb6b-38f8a9da1090-policy_agent_11.zip,40191,b4456427d854bd1877dbfdf61fa81776
paintball/runs/S2_B/ereq_c4b90316-770f-4386-b9d4-a16b6da84065-policy_agent_10.art.log,1804359,d8cc1c90fdd91a972d4bf6f8dd4e4f9b
paintball/runs/S2_B/ereq_c4b90316-770f-4386-b9d4-a16b6da84065-policy_agent_10.zip,84380,24a57872d8441661c9c3576dfa85cbcf
paintball/runs/S2_B/ereq_c4b90316-770f-4386-b9d4-a16b6da84065-policy_agent_11.art.log,1540082,b2fb34b8e78af2c7ebe88c05d52f079c
paintball/runs/S2_B/ereq_c4b90316-770f-4386-b9d4-a16b6da84065-policy_agent_11.zip,65376,ec49678e361175f99f7985690370f162
paintball/runs/S2_B/ereq_d200980f-aa60-496d-9cba-553ad561ae99-policy_agent_10.art.log,4049211,e1b0db4094eeba5991e6d31cb2cb2aea
paintball/runs/S2_B/ereq_d200980f-aa60-496d-9cba-553ad561ae99-policy_agent_10.zip,142895,ebfb542e7f17ca380b2b4bf418db22a8
paintball/runs/S2_B/ereq_d200980f-aa60-496d-9cba-553ad561ae99-policy_agent_11.art.log,4617155,179f22e970d7af328ad539e29588ca42
paintball/runs/S2_B/ereq_d200980f-aa60-496d-9cba-553ad561ae99-policy_agent_11.zip,206952,049607f39202ae9162946a6ccf8efca2
paintball/runs/S2_B/ereq_d683d6e0-2df3-4942-9b63-ce5a3d33e918-policy_agent_10.art.log,1330103,1234b07889c64b9f4cf233230c0cc1d3
paintball/runs/S2_B/ereq_d683d6e0-2df3-4942-9b63-ce5a3d33e918-policy_agent_10.zip,61610,774be08c7c52b318e49719c851bf3da4
paintball/runs/S2_B/ereq_d683d6e0-2df3-4942-9b63-ce5a3d33e918-policy_agent_11.art.log,986195,0cc5296ca68596c0ad1d8bcaf2a6f90a
paintball/runs/S2_B/ereq_d683d6e0-2df3-4942-9b63-ce5a3d33e918-policy_agent_11.zip,39938,b97f55092e5082f9a431ce39df41cec8
paintball/runs/S2_B/ereq_d7022d13-0b61-4ffb-a033-3d1f91cbdd19-policy_agent_10.art.log,6678210,1bc7229b3c0882d8033c46038a0afcb7
paintball/runs/S2_B/ereq_d7022d13-0b61-4ffb-a033-3d1f91cbdd19-policy_agent_10.zip,253500,a21309918767bb460551eba84103b826
paintball/runs/S2_B/ereq_d7022d13-0b61-4ffb-a033-3d1f91cbdd19-policy_agent_11.art.log,6295175,e20dd99b4412a97fce5488a5a183ea13
paintball/runs/S2_B/ereq_d7022d13-0b61-4ffb-a033-3d1f91cbdd19-policy_agent_11.zip,251140,95bda3a5718eb3d6eee6d33cbc02c9c0
paintball/runs/S2_B/ereq_d95fdf6c-d1b0-458e-9286-fd7ca5a97267-policy_agent_10.art.log,14189076,a7b243a63c89ca3f6a2d6b19e928e694
paintball/runs/S2_B/ereq_d95fdf6c-d1b0-458e-9286-fd7ca5a97267-policy_agent_10.zip,617600,3ec4b0544a1f64bade8fd61ad6628da4
paintball/runs/S2_B/ereq_d95fdf6c-d1b0-458e-9286-fd7ca5a97267-policy_agent_11.art.log,12080284,93bba13edd689df4d248bf3b7507f668
paintball/runs/S2_B/ereq_d95fdf6c-d1b0-458e-9286-fd7ca5a97267-policy_agent_11.zip,503740,ce88156c052d1f46b5f0c9aef2ca4506
paintball/runs/S2_B/ereq_df95f81f-046d-411d-9d57-3db6899f6b2b-policy_agent_10.art.log,1553114,a6c56e6a48cc49696638d63bdfa5920a
paintball/runs/S2_B/ereq_df95f81f-046d-411d-9d57-3db6899f6b2b-policy_agent_10.zip,71089,81390cbebd5a6feb2d75dbb8af2af9d7
paintball/runs/S2_B/ereq_df95f81f-046d-411d-9d57-3db6899f6b2b-policy_agent_11.art.log,9275758,df53ea50066727564f5554e7190148b7
paintball/runs/S2_B/ereq_df95f81f-046d-411d-9d57-3db6899f6b2b-policy_agent_11.zip,475169,6d4c801d2951b69f436fd2a7c615fdba
paintball/runs/S2_B/ereq_f32f4601-4ccf-479d-8450-4b23d462a8b8-policy_agent_10.art.log,2465407,358b099b093eab52c2c17a1ef8e1d819
paintball/runs/S2_B/ereq_f32f4601-4ccf-479d-8450-4b23d462a8b8-policy_agent_10.zip,107771,62a7088042a6ab5e788d3896691349e7
paintball/runs/S2_B/ereq_f32f4601-4ccf-479d-8450-4b23d462a8b8-policy_agent_11.art.log,2943876,c8346d336c3ef65353c9d35f82e07f70
paintball/runs/S2_B/ereq_f32f4601-4ccf-479d-8450-4b23d462a8b8-policy_agent_11.zip,137832,fcddbbd5e54b1c2758e2f7e6ca15a109
paintball/runs/S2_B/ereq_f3a6bbfb-6f69-45f5-9e85-ef16b4ad9017-policy_agent_10.art.log,7655057,f40d32438f4cdd9f439c94ca33d7f26c
paintball/runs/S2_B/ereq_f3a6bbfb-6f69-45f5-9e85-ef16b4ad9017-policy_agent_10.zip,327091,08517822a19afe6b2be4024844f0a736
paintball/runs/S2_B/ereq_f3a6bbfb-6f69-45f5-9e85-ef16b4ad9017-policy_agent_11.art.log,6256959,3e43dcab8b35b1d33da57256fdefcb64
paintball/runs/S2_B/ereq_f3a6bbfb-6f69-45f5-9e85-ef16b4ad9017-policy_agent_11.zip,250649,0171c0010052ee9734cb683cdad65581
paintball/runs/S2_B/ereq_f9c446e6-df91-4ea2-99aa-7a389c182528-policy_agent_10.art.log,16606909,e94ddeb9329c2714c8abf3989b900919
paintball/runs/S2_B/ereq_f9c446e6-df91-4ea2-99aa-7a389c182528-policy_agent_10.zip,664901,130b23278cd0c1efa24cbd1f18bc653c
paintball/runs/S2_B/ereq_f9c446e6-df91-4ea2-99aa-7a389c182528-policy_agent_11.art.log,18700898,a31ee43297ec16f12a27117443be992e
paintball/runs/S2_B/ereq_f9c446e6-df91-4ea2-99aa-7a389c182528-policy_agent_11.zip,738434,5b01db485200f804edbaf3eac5595241
paintball/runs/S2_B/ereq_fd2bb72c-415e-462d-89c7-b2b8e8b1e201-policy_agent_10.art.log,12115261,afd77b6215382622eb2f2aff8b2c9a62
paintball/runs/S2_B/ereq_fd2bb72c-415e-462d-89c7-b2b8e8b1e201-policy_agent_10.zip,635403,f18ad270bc0ff77ca8130531fcdc8246
paintball/runs/S2_B/ereq_fd2bb72c-415e-462d-89c7-b2b8e8b1e201-policy_agent_11.art.log,1472206,b6708c5f144c036f59c0c000de069ae7
paintball/runs/S2_B/ereq_fd2bb72c-415e-462d-89c7-b2b8e8b1e201-policy_agent_11.zip,53331,3e21fa6e1b6fcbc1a33f1e2341a9857c
paintball/runs/S2_C/ereq_05c5a1c8-31fb-4c52-b2ab-2f13ae8596b8-policy_agent_10.art.log,10776049,25394626f54e8ce3a38ee8fcc9f4e60f
paintball/runs/S2_C/ereq_05c5a1c8-31fb-4c52-b2ab-2f13ae8596b8-policy_agent_10.zip,479310,534d5578aa2be7641a423b7ac693d09f
paintball/runs/S2_C/ereq_05c5a1c8-31fb-4c52-b2ab-2f13ae8596b8-policy_agent_11.art.log,4081298,d80a87d4c51eba19a4a7379d850005c2
paintball/runs/S2_C/ereq_05c5a1c8-31fb-4c52-b2ab-2f13ae8596b8-policy_agent_11.zip,166310,3325fe51bb8f221c8ed389d4070c8293
paintball/runs/S2_C/ereq_0da9fd61-20dc-4fb0-823f-2fb8a7ffb0c1-policy_agent_10.art.log,2409614,8a2431f71fa26de24bf457e49831baa0
paintball/runs/S2_C/ereq_0da9fd61-20dc-4fb0-823f-2fb8a7ffb0c1-policy_agent_10.zip,105489,0e967a556baf0c38e100e834a03fb4f5
paintball/runs/S2_C/ereq_0da9fd61-20dc-4fb0-823f-2fb8a7ffb0c1-policy_agent_11.art.log,2289788,61c6c84a4b209b256eb43184df48ecc0
paintball/runs/S2_C/ereq_0da9fd61-20dc-4fb0-823f-2fb8a7ffb0c1-policy_agent_11.zip,95993,7d7dbdfb2664cb244a2ee6879d05d60d
paintball/runs/S2_C/ereq_11876b52-7044-4608-ace4-507c4de47524-policy_agent_10.art.log,8866738,64d62335a55e3532f7a337eb3e2a0697
paintball/runs/S2_C/ereq_11876b52-7044-4608-ace4-507c4de47524-policy_agent_10.zip,350747,9d2c209e9be19c013c94c5b189e33e98
paintball/runs/S2_C/ereq_11876b52-7044-4608-ace4-507c4de47524-policy_agent_11.art.log,8226339,9c2e6eea0ab82213ed8bafa531fdd5aa
paintball/runs/S2_C/ereq_11876b52-7044-4608-ace4-507c4de47524-policy_agent_11.zip,301190,60068e3f23e55bf3c37d2f0b3ab5587b
paintball/runs/S2_C/ereq_11b5ff4f-38a8-44f9-ae2a-31454f0f5073-policy_agent_10.art.log,18928718,ea5add8679a2bda73215e48542d65c3d
paintball/runs/S2_C/ereq_11b5ff4f-38a8-44f9-ae2a-31454f0f5073-policy_agent_10.zip,742073,be0787c584ce5b5781c71f42418fd1d5
paintball/runs/S2_C/ereq_11b5ff4f-38a8-44f9-ae2a-31454f0f5073-policy_agent_11.art.log,18560875,a2c1c28e1ead49a46c5bcac39d87cd35
paintball/runs/S2_C/ereq_11b5ff4f-38a8-44f9-ae2a-31454f0f5073-policy_agent_11.zip,723477,2b07a9b1106f5b2c2c6133433e4154f3
paintball/runs/S2_C/ereq_1dd9fc29-b191-4346-a586-0757b900fa8c-policy_agent_10.art.log,6723601,a8cdf7dd8bd1200f58e829f9a37a04a7
paintball/runs/S2_C/ereq_1dd9fc29-b191-4346-a586-0757b900fa8c-policy_agent_10.zip,256475,0119975cdea0eaefe2795791316fb3de
paintball/runs/S2_C/ereq_1dd9fc29-b191-4346-a586-0757b900fa8c-policy_agent_11.art.log,6970161,937a28be1aad418bcfc67f06df3b3a0f
paintball/runs/S2_C/ereq_1dd9fc29-b191-4346-a586-0757b900fa8c-policy_agent_11.zip,272411,91746e079aaebecae82979c70643cb52
paintball/runs/S2_C/ereq_1f9c44bb-cb1c-4c57-b8eb-900ffc7a5d49-policy_agent_10.art.log,1261057,269e5a59bc2aec70263afd1f686407a0
paintball/runs/S2_C/ereq_1f9c44bb-cb1c-4c57-b8eb-900ffc7a5d49-policy_agent_10.zip,54637,1d1a8486a280aff2e8a7b554a14ba938
paintball/runs/S2_C/ereq_1f9c44bb-cb1c-4c57-b8eb-900ffc7a5d49-policy_agent_11.art.log,1062209,cc552ae3504da870e29efbf75eb4417a
paintball/runs/S2_C/ereq_1f9c44bb-cb1c-4c57-b8eb-900ffc7a5d49-policy_agent_11.zip,42233,2e86a8d584dcbcc07a11fb72e013e111
paintball/runs/S2_C/ereq_2567cadd-7000-4b06-9dc9-f6d84b5f94bd-policy_agent_10.art.log,1193278,73429c1c7aa43d652abd49f8f4132427
paintball/runs/S2_C/ereq_2567cadd-7000-4b06-9dc9-f6d84b5f94bd-policy_agent_10.zip,45945,a41c6274f3bccb4526bea0de86e31f50
paintball/runs/S2_C/ereq_2567cadd-7000-4b06-9dc9-f6d84b5f94bd-policy_agent_11.art.log,1824644,60ff681b59b1bc85d181e64de6f79feb
paintball/runs/S2_C/ereq_2567cadd-7000-4b06-9dc9-f6d84b5f94bd-policy_agent_11.zip,87559,4b93a0057d0a3637fbec45bba23b76fe
paintball/runs/S2_C/ereq_2673e8c6-f71e-4554-a95c-03fd008b5eeb-policy_agent_10.art.log,1735863,8c75429c63270e58d998e7724581b123
paintball/runs/S2_C/ereq_2673e8c6-f71e-4554-a95c-03fd008b5eeb-policy_agent_10.zip,72049,976914381431b217809c5723a4b5be58
paintball/runs/S2_C/ereq_2673e8c6-f71e-4554-a95c-03fd008b5eeb-policy_agent_11.art.log,2622677,f64dab2ef2b75e48f8fb7f0eb9b6715e
paintball/runs/S2_C/ereq_2673e8c6-f71e-4554-a95c-03fd008b5eeb-policy_agent_11.zip,121316,7fdfcba52ba97b1f436ec24424df5773
paintball/runs/S2_C/ereq_34f58691-92ea-401d-8aff-5c3e44f6a72d-policy_agent_10.art.log,6578279,97563cac2f9537c99103e6e5357a1593
paintball/runs/S2_C/ereq_34f58691-92ea-401d-8aff-5c3e44f6a72d-policy_agent_10.zip,261876,c99440b5f14ccb4990e7a82e272f0905
paintball/runs/S2_C/ereq_34f58691-92ea-401d-8aff-5c3e44f6a72d-policy_agent_11.art.log,6582018,47a83fe5bdf1197b80fa79044b69d1a0
paintball/runs/S2_C/ereq_34f58691-92ea-401d-8aff-5c3e44f6a72d-policy_agent_11.zip,263562,835828a5c79b6eab32c334bf809cd662
paintball/runs/S2_C/ereq_350a6b1c-e228-4105-aff6-fae8fabba607-policy_agent_10.art.log,19231209,5fe9c622a34900a9e34a48e9feccca1d
paintball/runs/S2_C/ereq_350a6b1c-e228-4105-aff6-fae8fabba607-policy_agent_10.zip,953145,8905f936485eda13ed551b1d68733a1b
paintball/runs/S2_C/ereq_350a6b1c-e228-4105-aff6-fae8fabba607-policy_agent_11.art.log,1072021,244e9d52e6c8e310bf9954a1236cf053
paintball/runs/S2_C/ereq_350a6b1c-e228-4105-aff6-fae8fabba607-policy_agent_11.zip,39346,722c177e5988d050eec149e4ab77d5fe
paintball/runs/S2_C/ereq_391f8937-7be7-4dec-ad51-52e77636b3d6-policy_agent_10.art.log,1114441,6745d05763b30669edb3c2aa5ee1dfea
paintball/runs/S2_C/ereq_391f8937-7be7-4dec-ad51-52e77636b3d6-policy_agent_10.zip,50420,84515145e253e69e66d60f185a611a20
paintball/runs/S2_C/ereq_391f8937-7be7-4dec-ad51-52e77636b3d6-policy_agent_11.art.log,1213558,94237cbe774b7bbe7224c070b118e3cd
paintball/runs/S2_C/ereq_391f8937-7be7-4dec-ad51-52e77636b3d6-policy_agent_11.zip,51672,cac49ffac3773d8bd704061c2387d785
paintball/runs/S2_C/ereq_39b8c1df-2cad-4860-8972-cd10b4550ad0-policy_agent_10.art.log,2059032,2d67febab54c6e8154f40d2dacc9c1e2
paintball/runs/S2_C/ereq_39b8c1df-2cad-4860-8972-cd10b4550ad0-policy_agent_10.zip,96804,3a6e0ce22e2d779abf8e7e2baa958607
paintball/runs/S2_C/ereq_39b8c1df-2cad-4860-8972-cd10b4550ad0-policy_agent_11.art.log,1120241,21081dfc29540e46073bccdcbf97fe40
paintball/runs/S2_C/ereq_39b8c1df-2cad-4860-8972-cd10b4550ad0-policy_agent_11.zip,44013,6e64a546b65e7df8b371e3176272e002
paintball/runs/S2_C/ereq_445169ca-8c36-4be3-a861-9689f8d69809-policy_agent_10.art.log,6934987,4a6dcf7a2be7ad0cb99458d5269dc273
paintball/runs/S2_C/ereq_445169ca-8c36-4be3-a861-9689f8d69809-policy_agent_10.zip,368553,622d9c3d3698544605ece4f980a73f09
paintball/runs/S2_C/ereq_445169ca-8c36-4be3-a861-9689f8d69809-policy_agent_11.art.log,1857646,7b384eed6f0bae45ff46706e96c072b3
paintball/runs/S2_C/ereq_445169ca-8c36-4be3-a861-9689f8d69809-policy_agent_11.zip,67849,61eee7e7c7a9f3f8806bf99d2426be56
paintball/runs/S2_C/ereq_44eaa5b9-129d-44ed-8eea-a6f761c660f0-policy_agent_10.art.log,1360562,3bfec5af5829875c01596dae45035c05
paintball/runs/S2_C/ereq_44eaa5b9-129d-44ed-8eea-a6f761c660f0-policy_agent_10.zip,57650,ff829e4426fe2d380fc2be114c55cd9a
paintball/runs/S2_C/ereq_44eaa5b9-129d-44ed-8eea-a6f761c660f0-policy_agent_11.art.log,5149408,9a3a4497c456c9396bc5b61e63305a0e
paintball/runs/S2_C/ereq_44eaa5b9-129d-44ed-8eea-a6f761c660f0-policy_agent_11.zip,232654,07ddd59298e03114740b194dead979f6
paintball/runs/S2_C/ereq_4e755aa0-be58-45d2-8773-e67d25e06cbe-policy_agent_10.art.log,8273175,6ea3091534490291eb801ace14499ae1
paintball/runs/S2_C/ereq_4e755aa0-be58-45d2-8773-e67d25e06cbe-policy_agent_10.zip,378161,0a7c3e2982d26ac9146a9bce286762cf
paintball/runs/S2_C/ereq_4e755aa0-be58-45d2-8773-e67d25e06cbe-policy_agent_11.art.log,3893707,dc3302f8eb3ed94db2f36a42354872ce
paintball/runs/S2_C/ereq_4e755aa0-be58-45d2-8773-e67d25e06cbe-policy_agent_11.zip,157554,14bb17fce34af63d1b9f53730e68acef
paintball/runs/S2_C/ereq_523ca9f9-8b0c-491e-8aa6-dc46c1cf19e8-policy_agent_10.art.log,1075108,6a7c9ee52a15b71dd10730c64f139a22
paintball/runs/S2_C/ereq_523ca9f9-8b0c-491e-8aa6-dc46c1cf19e8-policy_agent_10.zip,42685,59a647d6d0cbba486719c1d83946419b
paintball/runs/S2_C/ereq_523ca9f9-8b0c-491e-8aa6-dc46c1cf19e8-policy_agent_11.art.log,2350462,e39571ee72c46ac80cac276a30b1da8d
paintball/runs/S2_C/ereq_523ca9f9-8b0c-491e-8aa6-dc46c1cf19e8-policy_agent_11.zip,122300,8783619482335c59e76c2e95618cf850
paintball/runs/S2_C/ereq_5a8c07bd-7d27-4d16-b336-366923439a10-policy_agent_10.art.log,13107774,c61873e8a205d82c02e1e0f68a1d69fa
paintball/runs/S2_C/ereq_5a8c07bd-7d27-4d16-b336-366923439a10-policy_agent_10.zip,488221,76d61daf628b6c3ba710ad9356c50e55
paintball/runs/S2_C/ereq_5a8c07bd-7d27-4d16-b336-366923439a10-policy_agent_11.art.log,13068896,e35ec23a7e36f5d92b66b41a6c277644
paintball/runs/S2_C/ereq_5a8c07bd-7d27-4d16-b336-366923439a10-policy_agent_11.zip,400599,248b8d3eae78e051313b8979e1eb10bf
paintball/runs/S2_C/ereq_5b097a99-2afb-4c23-89cb-eec356d6f37d-policy_agent_10.art.log,8068420,62dd3b410edc306dd44ee746a0ad91e4
paintball/runs/S2_C/ereq_5b097a99-2afb-4c23-89cb-eec356d6f37d-policy_agent_10.zip,324761,c775d5e81009e5a2a6c419fd6048f2ca
paintball/runs/S2_C/ereq_5b097a99-2afb-4c23-89cb-eec356d6f37d-policy_agent_11.art.log,7971514,72744848979236e1d911c8648a9aec90
paintball/runs/S2_C/ereq_5b097a99-2afb-4c23-89cb-eec356d6f37d-policy_agent_11.zip,327515,9b7969ad374610f4299d014b387123f0
paintball/runs/S2_C/ereq_5c65b2da-9616-4371-bb30-6f36710e8d57-policy_agent_10.art.log,4575285,38f0e22dad9a95ed7d68716c22614635
paintball/runs/S2_C/ereq_5c65b2da-9616-4371-bb30-6f36710e8d57-policy_agent_10.zip,237566,748d2a7aafbbbcbdf19a02a1dd75b4bf
paintball/runs/S2_C/ereq_5c65b2da-9616-4371-bb30-6f36710e8d57-policy_agent_11.art.log,1199315,d2699734a06527c14a87d662ff947068
paintball/runs/S2_C/ereq_5c65b2da-9616-4371-bb30-6f36710e8d57-policy_agent_11.zip,44820,689710eb313dca77e6d0e3f519e6cf46
paintball/runs/S2_C/ereq_5e30e9b8-588f-429c-8e2a-c541b2c265c8-policy_agent_10.art.log,9196241,9eef6b74615b688959406ca8a433aae1
paintball/runs/S2_C/ereq_5e30e9b8-588f-429c-8e2a-c541b2c265c8-policy_agent_10.zip,394876,d7d66263d1b03cd381dd4d0b3ea4337f
paintball/runs/S2_C/ereq_5e30e9b8-588f-429c-8e2a-c541b2c265c8-policy_agent_11.art.log,13030964,61eb438ab1ba1ec7da80c1141f864d78
paintball/runs/S2_C/ereq_5e30e9b8-588f-429c-8e2a-c541b2c265c8-policy_agent_11.zip,610773,5b5329a0217123e51b9223437d34fd8e
paintball/runs/S2_C/ereq_65e01285-ca56-4cbd-a747-920af4e9135d-policy_agent_10.art.log,20945951,c55f013b6d79e045d986b2fc8693d9a1
paintball/runs/S2_C/ereq_65e01285-ca56-4cbd-a747-920af4e9135d-policy_agent_10.zip,998263,cff8355d16cd603f6ee873afec18d93a
paintball/runs/S2_C/ereq_65e01285-ca56-4cbd-a747-920af4e9135d-policy_agent_11.art.log,1466330,0dfdfeed489fb9f6cedc88c1bdd30822
paintball/runs/S2_C/ereq_65e01285-ca56-4cbd-a747-920af4e9135d-policy_agent_11.zip,63990,3edc7306f67d0201e5bf7da522c416fe
paintball/runs/S2_C/ereq_68ab6a4c-2dfe-4780-a523-65c41ab1804f-policy_agent_10.art.log,1147502,985d00862cd86b778d89af07ff2f4b2a
paintball/runs/S2_C/ereq_68ab6a4c-2dfe-4780-a523-65c41ab1804f-policy_agent_10.zip,48691,dd6357ae1ad47eedf1a219c0d162e791
paintball/runs/S2_C/ereq_68ab6a4c-2dfe-4780-a523-65c41ab1804f-policy_agent_11.art.log,1283422,b654e3ef4deca9b8dfd60db38d8d1d69
paintball/runs/S2_C/ereq_68ab6a4c-2dfe-4780-a523-65c41ab1804f-policy_agent_11.zip,57946,61e05ed55dbf8fdfc2223285a5589ea1
paintball/runs/S2_C/ereq_69f9559c-07c1-4976-85b0-a25ec5cc36de-policy_agent_10.art.log,3556620,d12943806583ce3c3426f6a2750ff99e
paintball/runs/S2_C/ereq_69f9559c-07c1-4976-85b0-a25ec5cc36de-policy_agent_10.zip,100651,94bc6a160c623045637ac8187cbbe72d
paintball/runs/S2_C/ereq_69f9559c-07c1-4976-85b0-a25ec5cc36de-policy_agent_11.art.log,4252417,184bd103d8ab9a439851abb1f9035706
paintball/runs/S2_C/ereq_69f9559c-07c1-4976-85b0-a25ec5cc36de-policy_agent_11.zip,139323,02225a8e9ab5d15dbc3e72b65235cc6e
paintball/runs/S2_C/ereq_6fec0115-61db-4979-bdf8-dc09c498e576-policy_agent_10.art.log,18953742,f9e72ff837a51b463bdc7aeef51006b8
paintball/runs/S2_C/ereq_6fec0115-61db-4979-bdf8-dc09c498e576-policy_agent_10.zip,749019,be9ea948276c79f1264dcef3120d3848
paintball/runs/S2_C/ereq_6fec0115-61db-4979-bdf8-dc09c498e576-policy_agent_11.art.log,18120058,8c4c14ecfa70bc7de2100c33d05bf185
paintball/runs/S2_C/ereq_6fec0115-61db-4979-bdf8-dc09c498e576-policy_agent_11.zip,717936,0877828450dceb6653f1e15bce1dd140
paintball/runs/S2_C/ereq_7140e005-0f5a-4396-8630-77d82786489e-policy_agent_10.art.log,6189614,a8476011c66950fcd3c1163ff47a2dc2
paintball/runs/S2_C/ereq_7140e005-0f5a-4396-8630-77d82786489e-policy_agent_10.zip,325455,e3c788a67a379984f652defbde06369f
paintball/runs/S2_C/ereq_7140e005-0f5a-4396-8630-77d82786489e-policy_agent_11.art.log,1199777,92ec9db7b161eed2ade58ffe7ef1e573
paintball/runs/S2_C/ereq_7140e005-0f5a-4396-8630-77d82786489e-policy_agent_11.zip,52461,d613193c47d740f8a773331e33a8f638
paintball/runs/S2_C/ereq_7ae81ee1-b826-4abd-bff4-d108626ddc0e-policy_agent_10.art.log,2374232,e5f12dd6490e584c0e1eabafdb83d88c
paintball/runs/S2_C/ereq_7ae81ee1-b826-4abd-bff4-d108626ddc0e-policy_agent_10.zip,120558,2b0250a41ab4bb8d9aeb973f9cabacfe
paintball/runs/S2_C/ereq_7ae81ee1-b826-4abd-bff4-d108626ddc0e-policy_agent_11.art.log,1135166,e99424caf0e634063825d1fc5ea220a4
paintball/runs/S2_C/ereq_7ae81ee1-b826-4abd-bff4-d108626ddc0e-policy_agent_11.zip,47041,59852bffeba12681483990587284ecc8
paintball/runs/S2_C/ereq_872c1f58-abf6-481c-b235-92c83469595c-policy_agent_10.art.log,1023534,6b72ec7a243cb43b5260795490442cdb
paintball/runs/S2_C/ereq_872c1f58-abf6-481c-b235-92c83469595c-policy_agent_10.zip,39396,a61d58266c91b52486a9b22cdcaf19f7
paintball/runs/S2_C/ereq_872c1f58-abf6-481c-b235-92c83469595c-policy_agent_11.art.log,1755754,b7bf5519d9eca323e75cb6e5b1258562
paintball/runs/S2_C/ereq_872c1f58-abf6-481c-b235-92c83469595c-policy_agent_11.zip,86148,a88c3d5f0447066ce6a4cbdc32259097
paintball/runs/S2_C/ereq_87d8d778-a694-49e2-ba9c-f69f384a6bd1-policy_agent_10.art.log,19467110,94773ffa2c0b82ce9e0d30c56dc521c3
paintball/runs/S2_C/ereq_87d8d778-a694-49e2-ba9c-f69f384a6bd1-policy_agent_10.zip,758685,4f5f1e1d6e7a5361846d72650159e8a7
paintball/runs/S2_C/ereq_87d8d778-a694-49e2-ba9c-f69f384a6bd1-policy_agent_11.art.log,19099942,37ac143f702e7a49fcab067918f6ccb5
paintball/runs/S2_C/ereq_87d8d778-a694-49e2-ba9c-f69f384a6bd1-policy_agent_11.zip,737367,678889abbef40f319bfa59a1ffd73dc7
paintball/runs/S2_C/ereq_90c7373d-7cf1-4647-9193-d0f15779b648-policy_agent_10.art.log,21000245,2517bc1eb41270ae8c3cb177294bc308
paintball/runs/S2_C/ereq_90c7373d-7cf1-4647-9193-d0f15779b648-policy_agent_10.zip,933628,d55a27036b2f3ca600020912645f472a
paintball/runs/S2_C/ereq_90c7373d-7cf1-4647-9193-d0f15779b648-policy_agent_11.art.log,7181151,1047de3f323e7ad8bae1d75d69291ad6
paintball/runs/S2_C/ereq_90c7373d-7cf1-4647-9193-d0f15779b648-policy_agent_11.zip,223186,3786a13f679e4747b718983913ce7da5
paintball/runs/S2_C/ereq_944a27b7-3f74-45e9-855e-8aadea3d8649-policy_agent_10.art.log,8471171,35cc69b6d33d817a9bec696a362a3ddb
paintball/runs/S2_C/ereq_944a27b7-3f74-45e9-855e-8aadea3d8649-policy_agent_10.zip,307806,962c63f6b92fc4a1a096181a4c3dde50
paintball/runs/S2_C/ereq_944a27b7-3f74-45e9-855e-8aadea3d8649-policy_agent_11.art.log,17637128,d60e50fce7da168458fa4fbffd3368f3
paintball/runs/S2_C/ereq_944a27b7-3f74-45e9-855e-8aadea3d8649-policy_agent_11.zip,808349,c6623dfc6f74bdaafa738d880243d3fa
paintball/runs/S2_C/ereq_97d223b5-f974-4be7-884f-e38d1155cb1e-policy_agent_10.art.log,6095575,3059c6a448e551621c17df53d63b6366
paintball/runs/S2_C/ereq_97d223b5-f974-4be7-884f-e38d1155cb1e-policy_agent_10.zip,214422,825a505e22b33ad356020924f2d452ae
paintball/runs/S2_C/ereq_97d223b5-f974-4be7-884f-e38d1155cb1e-policy_agent_11.art.log,23254383,8c56de41449aa5d2726bd6d63c3b2efd
paintball/runs/S2_C/ereq_97d223b5-f974-4be7-884f-e38d1155cb1e-policy_agent_11.zip,1090418,691edc757175f9558a6c932caa21f9fb
paintball/runs/S2_C/ereq_a1387d25-7973-4565-8814-8088e678a2a6-policy_agent_10.art.log,25733606,14515348da64c6cf384ec7145cf25284
paintball/runs/S2_C/ereq_a1387d25-7973-4565-8814-8088e678a2a6-policy_agent_10.zip,1018146,107489660b7e1968a8c96355617d67a7
paintball/runs/S2_C/ereq_a1387d25-7973-4565-8814-8088e678a2a6-policy_agent_11.art.log,18940576,a40dd53cb6aecc28d36903338c8d9a90
paintball/runs/S2_C/ereq_a1387d25-7973-4565-8814-8088e678a2a6-policy_agent_11.zip,656636,ddad31e3077dd9132f58ec1792362328
paintball/runs/S2_C/ereq_a538c4c8-5cec-4ffd-9aca-ea44a5fc0104-policy_agent_10.art.log,2107106,067c92912c12145a45abc823e53c9296
paintball/runs/S2_C/ereq_a538c4c8-5cec-4ffd-9aca-ea44a5fc0104-policy_agent_10.zip,101444,7ec258159eca1c325065c6f2bb3f0142
paintball/runs/S2_C/ereq_a538c4c8-5cec-4ffd-9aca-ea44a5fc0104-policy_agent_11.art.log,1034052,8ce103cb33fd81648288b443ffa20170
paintball/runs/S2_C/ereq_a538c4c8-5cec-4ffd-9aca-ea44a5fc0104-policy_agent_11.zip,35577,9034cdcdbe4413607fa6ff93cd3f922c
paintball/runs/S2_C/ereq_bceb8528-85cc-422a-aeb9-618fe47695b2-policy_agent_10.art.log,1114667,ce9f42c2d1e09a5b2a855f6e800092af
paintball/runs/S2_C/ereq_bceb8528-85cc-422a-aeb9-618fe47695b2-policy_agent_10.zip,44432,c6b02ee072a83a3e7b4d76c5013044e7
paintball/runs/S2_C/ereq_bceb8528-85cc-422a-aeb9-618fe47695b2-policy_agent_11.art.log,16780447,8e38ef3a7b50e0c4e814528802c366b5
paintball/runs/S2_C/ereq_bceb8528-85cc-422a-aeb9-618fe47695b2-policy_agent_11.zip,882069,8bc56027bda3655be9bad4b2e35376f6
paintball/runs/S2_C/ereq_cb5ccfdf-9a22-4772-9684-bebcc8fe3e3a-policy_agent_10.art.log,9923540,2b63305e5defb561967d5bc4e11c149f
paintball/runs/S2_C/ereq_cb5ccfdf-9a22-4772-9684-bebcc8fe3e3a-policy_agent_10.zip,380761,b91c59142fcc87aa47430fa39bffffc1
paintball/runs/S2_C/ereq_cb5ccfdf-9a22-4772-9684-bebcc8fe3e3a-policy_agent_11.art.log,10402727,bc70137ade6ecee0242b3ff03f6246d2
paintball/runs/S2_C/ereq_cb5ccfdf-9a22-4772-9684-bebcc8fe3e3a-policy_agent_11.zip,388410,8ea79c77c3446e71eb944a491a6814e2
paintball/runs/S2_C/ereq_e33f7fad-fd9b-4d58-9bd2-50c3493a1259-policy_agent_10.art.log,16177622,af2dfacdd0ce15ad6cbe677fcf1f39b7
paintball/runs/S2_C/ereq_e33f7fad-fd9b-4d58-9bd2-50c3493a1259-policy_agent_10.zip,848885,04c20a31a0a688fc25588e01b42d4291
paintball/runs/S2_C/ereq_e33f7fad-fd9b-4d58-9bd2-50c3493a1259-policy_agent_11.art.log,1814367,64629a01415a4f1517d6719f23a307d0
paintball/runs/S2_C/ereq_e33f7fad-fd9b-4d58-9bd2-50c3493a1259-policy_agent_11.zip,73404,51f686469bc7343226c4f20ecb403049
paintball/runs/S2_C/ereq_ed62b360-af43-4226-b5af-b0957258bb42-policy_agent_10.art.log,8400570,03302c15af8087a9f18112a03cc01222
paintball/runs/S2_C/ereq_ed62b360-af43-4226-b5af-b0957258bb42-policy_agent_10.zip,434281,3eb857483b2352634a90fe64a945c571
paintball/runs/S2_C/ereq_ed62b360-af43-4226-b5af-b0957258bb42-policy_agent_11.art.log,1304170,bee3108d7e22d6304a359efd04e6bb77
paintball/runs/S2_C/ereq_ed62b360-af43-4226-b5af-b0957258bb42-policy_agent_11.zip,60164,ba7fddf489bbab1b85c3ea232ac7f142
paintball/runs/S2_C/ereq_f09aa372-77a9-4329-aa80-1621c03f4a75-policy_agent_10.art.log,945296,ce0c520844a4a1911d480625187bad30
paintball/runs/S2_C/ereq_f09aa372-77a9-4329-aa80-1621c03f4a75-policy_agent_10.zip,40599,af0453726adc10cbc742d8386d3ba066
paintball/runs/S2_C/ereq_f09aa372-77a9-4329-aa80-1621c03f4a75-policy_agent_11.art.log,3604705,11c53a9c3704872110d32b8a8b5b655d
paintball/runs/S2_C/ereq_f09aa372-77a9-4329-aa80-1621c03f4a75-policy_agent_11.zip,174394,cfc6b60d52b8cf078b58fd0a18ffc1e9
paintball/runs/S2_C/ereq_f470faae-561d-4479-85c4-f4f8bcab5b95-policy_agent_10.art.log,7860097,71cf2029a667febe2fff141d295198f1
paintball/runs/S2_C/ereq_f470faae-561d-4479-85c4-f4f8bcab5b95-policy_agent_10.zip,293160,33b6e085911f979238240537a2257eb6
paintball/runs/S2_C/ereq_f470faae-561d-4479-85c4-f4f8bcab5b95-policy_agent_11.art.log,10393880,78abc0f96cb2fe79e5f3a9a9c1506035
paintball/runs/S2_C/ereq_f470faae-561d-4479-85c4-f4f8bcab5b95-policy_agent_11.zip,449159,50975cba0255f16c3eaa0a81473892aa
paintball/runs/S2_C/ereq_f92aebea-f01f-456f-ae95-482779ca4c16-policy_agent_10.art.log,17445396,fc5c8887f418105ecbe09e3f3c3f3a61
paintball/runs/S2_C/ereq_f92aebea-f01f-456f-ae95-482779ca4c16-policy_agent_10.zip,904183,7eadc6261f9acef62242b13ed17ab11a
paintball/runs/S2_C/ereq_f92aebea-f01f-456f-ae95-482779ca4c16-policy_agent_11.art.log,1961125,b99ee2f95ba675eab2927d295b4cd7c9
paintball/runs/S2_C/ereq_f92aebea-f01f-456f-ae95-482779ca4c16-policy_agent_11.zip,85300,567c14dbf5573e2ff723f5deb67a3ad2
paintball/runs/S2_P5/ereq_2fac5dd3-1372-4bf2-8aba-c4f9b7b1b8a0-policy_agent_10.art.log,5735438,2c194406b84bbc87002adb4c6fbd98a6
paintball/runs/S2_P5/ereq_2fac5dd3-1372-4bf2-8aba-c4f9b7b1b8a0-policy_agent_10.zip,223803,8176edf5a07762b78a0e445116685dff
paintball/runs/S2_P5/ereq_2fac5dd3-1372-4bf2-8aba-c4f9b7b1b8a0-policy_agent_11.art.log,8959346,693a527bc6ebf856ce590929847974dc
paintball/runs/S2_P5/ereq_2fac5dd3-1372-4bf2-8aba-c4f9b7b1b8a0-policy_agent_11.zip,388625,64b7d1c829750e7916c49fb11441a6b5
paintball/runs/S2_P6/ereq_360bad37-8488-4fcd-8fc9-514d6e50e72f-policy_agent_10.art.log,1326487,6c052e5d1a5b2df8895dbb16e40a1047
paintball/runs/S2_P6/ereq_360bad37-8488-4fcd-8fc9-514d6e50e72f-policy_agent_10.zip,51818,139acc5fcf13c3d0e753c345396c58a8
paintball/runs/S2_P6/ereq_360bad37-8488-4fcd-8fc9-514d6e50e72f-policy_agent_11.art.log,2509463,671da8bd1e29cd5ec49d625056b07156
paintball/runs/S2_P6/ereq_360bad37-8488-4fcd-8fc9-514d6e50e72f-policy_agent_11.zip,120131,e6cbf1a4318fa372f5bb4ffac7a54e5b
paintball/runs/S2_P6/ereq_e1361633-a1f1-4d5c-b23f-37a82d93fca1-policy_agent_10.art.log,2796578,1f71bcd8b53c31a16b1248b32c668f0b
paintball/runs/S2_P6/ereq_e1361633-a1f1-4d5c-b23f-37a82d93fca1-policy_agent_10.zip,151473,0d39bd36b4d9a2b9a3dcd381d8256a48
paintball/runs/S2_P6/ereq_e1361633-a1f1-4d5c-b23f-37a82d93fca1-policy_agent_11.art.log,1173334,03d563ebdd5132ea260b8d14cbef2f95
paintball/runs/S2_P6/ereq_e1361633-a1f1-4d5c-b23f-37a82d93fca1-policy_agent_11.zip,48789,2b28b4aa62c79c7dc08e344f5e98254c
paintball/runs/S2_humo/ereq_1a7217f2-19cb-4b1a-ac5f-ce7c86dbdc2a-policy_agent_10.art.log,7004867,f59e525bce65c4d77ce2e698334c41de
paintball/runs/S2_humo/ereq_1a7217f2-19cb-4b1a-ac5f-ce7c86dbdc2a-policy_agent_10.zip,277677,76b19fba4ee7c1a9a63b5f283ac66e5e
paintball/runs/S2_humo/ereq_1a7217f2-19cb-4b1a-ac5f-ce7c86dbdc2a-policy_agent_11.art.log,13714073,8da5915268cabd90d786e40eab4f3c14
paintball/runs/S2_humo/ereq_1a7217f2-19cb-4b1a-ac5f-ce7c86dbdc2a-policy_agent_11.zip,643217,258c48f2572cf4019a062c78142f8092
paintball/runs/S3_D0/ereq_1c2ec525-0ae3-47e3-bc01-40b51bee8f08-policy_agent_10.art.log,1917135,a56d44ee50ec4588b7a68542f5f8c73c
paintball/runs/S3_D0/ereq_1c2ec525-0ae3-47e3-bc01-40b51bee8f08-policy_agent_10.zip,72709,b3ab9855eff0a95489f8f765f4748737
paintball/runs/S3_D0/ereq_1c2ec525-0ae3-47e3-bc01-40b51bee8f08-policy_agent_11.art.log,4102293,1e853ab908aa31387a4715226a1c2de5
paintball/runs/S3_D0/ereq_1c2ec525-0ae3-47e3-bc01-40b51bee8f08-policy_agent_11.zip,199072,02e15ac51119b374739d60eff949a455
paintball/runs/S3_D0/ereq_1ef97f02-ca23-4d6c-8ef2-3492502f6101-policy_agent_10.art.log,1149712,f646046faee1a2033834ac3737efcad1
paintball/runs/S3_D0/ereq_1ef97f02-ca23-4d6c-8ef2-3492502f6101-policy_agent_10.zip,48896,8dbbf4d4963232f744845ae0f4043e4a
paintball/runs/S3_D0/ereq_1ef97f02-ca23-4d6c-8ef2-3492502f6101-policy_agent_11.art.log,1265244,01ba8396a2aaae38cf30da71244c55f4
paintball/runs/S3_D0/ereq_1ef97f02-ca23-4d6c-8ef2-3492502f6101-policy_agent_11.zip,57159,3632c25929130bd3b15fce53405fb37b
paintball/runs/S3_D0/ereq_214ce18a-7265-423e-b2d8-e33fc82e7572-policy_agent_10.art.log,14981871,5e68b699847d6586e634e7c47ee10fcd
paintball/runs/S3_D0/ereq_214ce18a-7265-423e-b2d8-e33fc82e7572-policy_agent_10.zip,782319,77c6ed680599dbcb87f7a3bd4074d3aa
paintball/runs/S3_D0/ereq_214ce18a-7265-423e-b2d8-e33fc82e7572-policy_agent_11.art.log,1348176,cadd30a1bc16dd4fd04b92c72c9158bd
paintball/runs/S3_D0/ereq_214ce18a-7265-423e-b2d8-e33fc82e7572-policy_agent_11.zip,61860,3f22fd0630d2ad88537933b586b2030c
paintball/runs/S3_D0/ereq_4634248f-b69a-4c3a-be47-db9772c32630-policy_agent_10.art.log,7409978,a55bccd1c16643d90c0eba83e2f0a0db
paintball/runs/S3_D0/ereq_4634248f-b69a-4c3a-be47-db9772c32630-policy_agent_10.zip,367394,04cd769d9a82aec7c9ab882bde7376fb
paintball/runs/S3_D0/ereq_4634248f-b69a-4c3a-be47-db9772c32630-policy_agent_11.art.log,1290414,c1123dca981387dcc47181935a03e703
paintball/runs/S3_D0/ereq_4634248f-b69a-4c3a-be47-db9772c32630-policy_agent_11.zip,46906,79692bbf807e7ec0e88a987f6abe063c
paintball/runs/S3_D0/ereq_59ebb5e0-99f4-429a-84f7-1e9786911c9d-policy_agent_10.art.log,1994090,6ce3e92e321c8fcf14f7e97e001fde6e
paintball/runs/S3_D0/ereq_59ebb5e0-99f4-429a-84f7-1e9786911c9d-policy_agent_10.zip,83333,d8cae6e96f2656b229979b6fa1a5e6d0
paintball/runs/S3_D0/ereq_59ebb5e0-99f4-429a-84f7-1e9786911c9d-policy_agent_11.art.log,2205031,0c7eae13573db6ee5030cb17047332af
paintball/runs/S3_D0/ereq_59ebb5e0-99f4-429a-84f7-1e9786911c9d-policy_agent_11.zip,109596,ab9c8dc041c228d6e2ba1cf78f2167a8
paintball/runs/S3_D0/ereq_708b34cd-fe13-41a7-9152-6000599cfeea-policy_agent_10.art.log,17931627,e79cc9ae4845df93166ed66691962c15
paintball/runs/S3_D0/ereq_708b34cd-fe13-41a7-9152-6000599cfeea-policy_agent_10.zip,930862,f4c53fef8e60f96a267517672ebe5b1d
paintball/runs/S3_D0/ereq_708b34cd-fe13-41a7-9152-6000599cfeea-policy_agent_11.art.log,1955945,a453264f0c596231e333f569607bcc8e
paintball/runs/S3_D0/ereq_708b34cd-fe13-41a7-9152-6000599cfeea-policy_agent_11.zip,75197,ae2cc60991303faf1da722e02df6e5ac
paintball/runs/S3_D0/ereq_79514f02-fe59-4af5-983e-b34b8fdccb7e-policy_agent_10.art.log,27824537,f40dffc5481fa2eeb717426f743b6c75
paintball/runs/S3_D0/ereq_79514f02-fe59-4af5-983e-b34b8fdccb7e-policy_agent_10.zip,951338,5defb47cef60262940f347002c2078b9
paintball/runs/S3_D0/ereq_79514f02-fe59-4af5-983e-b34b8fdccb7e-policy_agent_11.art.log,23761365,54802386c825b7fdfa212fde07407c22
paintball/runs/S3_D0/ereq_79514f02-fe59-4af5-983e-b34b8fdccb7e-policy_agent_11.zip,931230,e9aec2fdb916cc8d71532b984a17eb57
paintball/runs/S3_D0/ereq_83b56020-5a23-4d54-960f-794341bb4a96-policy_agent_10.art.log,1595566,1ec422deb5beeab59f93e8af51ecdbf9
paintball/runs/S3_D0/ereq_83b56020-5a23-4d54-960f-794341bb4a96-policy_agent_10.zip,73657,63eba0cba1eb25171dad519b65971de1
paintball/runs/S3_D0/ereq_83b56020-5a23-4d54-960f-794341bb4a96-policy_agent_11.art.log,6518764,bbe8bd9545823aa6eb8a3dd34a9fd716
paintball/runs/S3_D0/ereq_83b56020-5a23-4d54-960f-794341bb4a96-policy_agent_11.zip,311219,550665987242113107e02c80a9ef4cea
paintball/runs/S3_D0/ereq_85f29e6c-3991-41fd-afd7-91bd73ee2bfa-policy_agent_10.art.log,17239422,492643e2caff25b63ea72b1ff8b97137
paintball/runs/S3_D0/ereq_85f29e6c-3991-41fd-afd7-91bd73ee2bfa-policy_agent_10.zip,643713,18e8b9b3296a56d6fbfd994e0e77dabb
paintball/runs/S3_D0/ereq_85f29e6c-3991-41fd-afd7-91bd73ee2bfa-policy_agent_11.art.log,19100044,aa81f2c6d2f789a09e63654e24e829b9
paintball/runs/S3_D0/ereq_85f29e6c-3991-41fd-afd7-91bd73ee2bfa-policy_agent_11.zip,769654,59d5e2bbd933eb6a0d23a03f44fc3191
paintball/runs/S3_D0/ereq_8a1f73cf-ed41-42d3-8b59-499d2d3fb0f7-policy_agent_10.art.log,2414720,78077ddb1c7e3995b4412f632a0294ed
paintball/runs/S3_D0/ereq_8a1f73cf-ed41-42d3-8b59-499d2d3fb0f7-policy_agent_10.zip,108051,5aa3983184900082da5c716ec81ec34d
paintball/runs/S3_D0/ereq_8a1f73cf-ed41-42d3-8b59-499d2d3fb0f7-policy_agent_11.art.log,2233902,dfb95b8bc7a16f2dcd727052dccd2ebf
paintball/runs/S3_D0/ereq_8a1f73cf-ed41-42d3-8b59-499d2d3fb0f7-policy_agent_11.zip,93745,10333d39cc6fe6b5c3e8295f18c15d37
paintball/runs/S3_D0/ereq_8e339f22-9911-4ef0-aa8c-2284ab2e1ec2-policy_agent_10.art.log,21159627,e50c40520f9374162fc3859be2e32827
paintball/runs/S3_D0/ereq_8e339f22-9911-4ef0-aa8c-2284ab2e1ec2-policy_agent_10.zip,974981,30be3891810efac6ec88548d50db1133
paintball/runs/S3_D0/ereq_8e339f22-9911-4ef0-aa8c-2284ab2e1ec2-policy_agent_11.art.log,7469029,2a0ba356744da1071127769ee84a6768
paintball/runs/S3_D0/ereq_8e339f22-9911-4ef0-aa8c-2284ab2e1ec2-policy_agent_11.zip,306253,d637efbf573f61cb49c6939d583d42cd
paintball/runs/S3_D0/ereq_970b64ec-e2f3-4926-a244-b5bda48440fd-policy_agent_10.art.log,11488849,25907a69aa892f11cbe41d1edf9cb0b6
paintball/runs/S3_D0/ereq_970b64ec-e2f3-4926-a244-b5bda48440fd-policy_agent_10.zip,556561,8d8cac78e9e147d70c3609c9f0b0b657
paintball/runs/S3_D0/ereq_970b64ec-e2f3-4926-a244-b5bda48440fd-policy_agent_11.art.log,6182069,22031822f0e72af4c0cdddda67d8702d
paintball/runs/S3_D0/ereq_970b64ec-e2f3-4926-a244-b5bda48440fd-policy_agent_11.zip,228599,d959b404f536300cc1fdc84dc5f89ddc
paintball/runs/S3_D0/ereq_9bb512f7-7040-4cff-91d0-2f5d5d011b31-policy_agent_10.art.log,14990877,462c27bf0fdaebe50ad6b3b69349ad43
paintball/runs/S3_D0/ereq_9bb512f7-7040-4cff-91d0-2f5d5d011b31-policy_agent_10.zip,644788,5e492eec492dd4a6069a40154724f8b1
paintball/runs/S3_D0/ereq_9bb512f7-7040-4cff-91d0-2f5d5d011b31-policy_agent_11.art.log,11519055,d4a717d59538c5605296e5edf9b0b16c
paintball/runs/S3_D0/ereq_9bb512f7-7040-4cff-91d0-2f5d5d011b31-policy_agent_11.zip,443268,207690f13d9e68b0fa6391e6a47f6df3
paintball/runs/S3_D0/ereq_9cf61642-a6c4-4163-a32c-bdc4da40e07e-policy_agent_10.art.log,2413896,861fa388e39d3102c9fa9b68350832e5
paintball/runs/S3_D0/ereq_9cf61642-a6c4-4163-a32c-bdc4da40e07e-policy_agent_10.zip,86481,32a7ffbbbb4a7cae22ebfe46af964117
paintball/runs/S3_D0/ereq_9cf61642-a6c4-4163-a32c-bdc4da40e07e-policy_agent_11.art.log,3044705,e42ae7f03bc22cf007bdebb831a00e43
paintball/runs/S3_D0/ereq_9cf61642-a6c4-4163-a32c-bdc4da40e07e-policy_agent_11.zip,147078,815c98d884a61b557f1ccabec144f77c
paintball/runs/S3_D0/ereq_a62a0065-e26c-49db-838e-f6b58ff2b53d-policy_agent_10.art.log,1884528,16c62ab1055ec92aeafa020a200f60b4
paintball/runs/S3_D0/ereq_a62a0065-e26c-49db-838e-f6b58ff2b53d-policy_agent_10.zip,91523,134dfc30ef4a70d186bf61d3a0683fbf
paintball/runs/S3_D0/ereq_a62a0065-e26c-49db-838e-f6b58ff2b53d-policy_agent_11.art.log,1161921,a02cde5b4ddb2a159aac7ea932827ca9
paintball/runs/S3_D0/ereq_a62a0065-e26c-49db-838e-f6b58ff2b53d-policy_agent_11.zip,44337,5706ffe8538bca09caef72d4e7635683
paintball/runs/S3_D0/ereq_af12a0ba-1b8e-4986-8f06-8736d1393701-policy_agent_10.art.log,2088878,2832194437f410340293eb6351c9f8d2
paintball/runs/S3_D0/ereq_af12a0ba-1b8e-4986-8f06-8736d1393701-policy_agent_10.zip,99632,f0da25c93dc066c0d34ad83f4de9ade7
paintball/runs/S3_D0/ereq_af12a0ba-1b8e-4986-8f06-8736d1393701-policy_agent_11.art.log,879088,e6920d1085896ada03cbf6bca7a8b1f8
paintball/runs/S3_D0/ereq_af12a0ba-1b8e-4986-8f06-8736d1393701-policy_agent_11.zip,35295,973c2a78b3cf3a8d813c7b8ec53e7fb0
paintball/runs/S3_D0/ereq_b9e1b57f-ccfb-4a3e-985a-a09d5a0393e6-policy_agent_10.art.log,1159357,ddd0345db108f83a80e032b73df6058f
paintball/runs/S3_D0/ereq_b9e1b57f-ccfb-4a3e-985a-a09d5a0393e6-policy_agent_10.zip,46639,f936d0eaa9ae39c2f849f7a0b69bb06d
paintball/runs/S3_D0/ereq_b9e1b57f-ccfb-4a3e-985a-a09d5a0393e6-policy_agent_11.art.log,1858909,c21c5ee7e63fe4b99b8f95bdc02232fd
paintball/runs/S3_D0/ereq_b9e1b57f-ccfb-4a3e-985a-a09d5a0393e6-policy_agent_11.zip,91676,ed611b53aa112b58955f9d3565e3818b
paintball/runs/S3_D0/ereq_bc8ecef4-e4f9-49bb-821f-a7a5589a8b21-policy_agent_10.art.log,20578517,12aa62f4abba4657260ce59669394a1b
paintball/runs/S3_D0/ereq_bc8ecef4-e4f9-49bb-821f-a7a5589a8b21-policy_agent_10.zip,744216,5663c27d1a20c9cbf308ed674f131eaa
paintball/runs/S3_D0/ereq_bc8ecef4-e4f9-49bb-821f-a7a5589a8b21-policy_agent_11.art.log,17970780,f3d219dfdd90ccac5eba71373201f80a
paintball/runs/S3_D0/ereq_bc8ecef4-e4f9-49bb-821f-a7a5589a8b21-policy_agent_11.zip,716118,6e12eb02a816734d4b7e7ed87a16edd7
paintball/runs/S3_D0/ereq_c17564ba-0504-4f33-9ae1-80f61afb3d81-policy_agent_10.art.log,26681392,0629262e1652d7dd93c3ffe9a63d8d82
paintball/runs/S3_D0/ereq_c17564ba-0504-4f33-9ae1-80f61afb3d81-policy_agent_10.zip,975074,eb3b1d33ee0138bc8444340de4773313
paintball/runs/S3_D0/ereq_c17564ba-0504-4f33-9ae1-80f61afb3d81-policy_agent_11.art.log,22139105,0d2b7e624ead5b940af44c9dfb3f21e3
paintball/runs/S3_D0/ereq_c17564ba-0504-4f33-9ae1-80f61afb3d81-policy_agent_11.zip,782047,95df6d732075663ed4fbbe70a581c316
paintball/runs/S3_D0/ereq_c352887f-1fc3-45cf-b7cb-f0bf0f7efa70-policy_agent_10.art.log,1108389,a0b45944d6a6773f8de28e1b60cc714f
paintball/runs/S3_D0/ereq_c352887f-1fc3-45cf-b7cb-f0bf0f7efa70-policy_agent_10.zip,44262,94abd6f7076ee3d442ec75eac7d361ed
paintball/runs/S3_D0/ereq_c352887f-1fc3-45cf-b7cb-f0bf0f7efa70-policy_agent_11.art.log,2020804,2068f509139777f416891f5bde81db12
paintball/runs/S3_D0/ereq_c352887f-1fc3-45cf-b7cb-f0bf0f7efa70-policy_agent_11.zip,99600,f43f30b9316d0316afb5349e60257875
paintball/runs/S3_D0/ereq_cd9fc84e-6b5b-4e55-ab19-42efe774a631-policy_agent_10.art.log,2046639,f482a26345db713d120695cf56a3d498
paintball/runs/S3_D0/ereq_cd9fc84e-6b5b-4e55-ab19-42efe774a631-policy_agent_10.zip,101627,2d4800a8854f6624147579653a7a6d1e
paintball/runs/S3_D0/ereq_cd9fc84e-6b5b-4e55-ab19-42efe774a631-policy_agent_11.art.log,1036121,3736c80309c1d1871a29f7f5a852de6f
paintball/runs/S3_D0/ereq_cd9fc84e-6b5b-4e55-ab19-42efe774a631-policy_agent_11.zip,41044,2577f07d9dc718f13b8e3d4a254fa940
paintball/runs/S3_D0/ereq_dce3c957-b4e9-46ac-8785-65966554242f-policy_agent_10.art.log,2216284,d7e2e7e10bcfd5186e9c0185453a11e3
paintball/runs/S3_D0/ereq_dce3c957-b4e9-46ac-8785-65966554242f-policy_agent_10.zip,109713,6fa3cb9c50bcb1f93ba799efa1949307
paintball/runs/S3_D0/ereq_dce3c957-b4e9-46ac-8785-65966554242f-policy_agent_11.art.log,1029433,230e47b5b4e30fee0956a1fadd03baae
paintball/runs/S3_D0/ereq_dce3c957-b4e9-46ac-8785-65966554242f-policy_agent_11.zip,35274,a614918938f4ec3fdb6119ca89f92a9d
paintball/runs/S3_D0/ereq_e56b589c-b784-446f-abee-aa59b6010b86-policy_agent_10.art.log,13062027,8c97725d7431552257f9fd45f17ef043
paintball/runs/S3_D0/ereq_e56b589c-b784-446f-abee-aa59b6010b86-policy_agent_10.zip,580657,10a4492ee53953b20db5714afbb8b76f
paintball/runs/S3_D0/ereq_e56b589c-b784-446f-abee-aa59b6010b86-policy_agent_11.art.log,7210740,fc63022f6610bdbd9d55531b98a31ff4
paintball/runs/S3_D0/ereq_e56b589c-b784-446f-abee-aa59b6010b86-policy_agent_11.zip,222628,de84665d0aedc51fef9f94262a50d110
paintball/runs/S3_D0/ereq_e875e757-b456-4829-a054-2bec5a508256-policy_agent_10.art.log,6475645,5a1ba0b5f3f6574585ec5bfb2c3d63d2
paintball/runs/S3_D0/ereq_e875e757-b456-4829-a054-2bec5a508256-policy_agent_10.zip,255687,90374987f51c7a0f4fd398d1720e0e39
paintball/runs/S3_D0/ereq_e875e757-b456-4829-a054-2bec5a508256-policy_agent_11.art.log,6980059,ae35b0e94c1fe4ab33d8ce961017da7a
paintball/runs/S3_D0/ereq_e875e757-b456-4829-a054-2bec5a508256-policy_agent_11.zip,263386,9803c0a3e8d245ba03770fe011041856
paintball/runs/S3_D0/ereq_ef12c1aa-2b2e-4859-bc7b-57294e6b9463-policy_agent_10.art.log,3763805,a3e2f794d2804ddc983839cd2bd34ee0
paintball/runs/S3_D0/ereq_ef12c1aa-2b2e-4859-bc7b-57294e6b9463-policy_agent_10.zip,183485,1d58eed565e21325ac2ad51d4d90f68b
paintball/runs/S3_D0/ereq_ef12c1aa-2b2e-4859-bc7b-57294e6b9463-policy_agent_11.art.log,1483653,68ee99d086006ce6bfb6a78bc60edd11
paintball/runs/S3_D0/ereq_ef12c1aa-2b2e-4859-bc7b-57294e6b9463-policy_agent_11.zip,53456,0073a4799c6837d67ee92a7911999f0a
paintball/runs/S3_D0/ereq_f69d2e9d-3397-49ec-8ced-bf86093195a8-policy_agent_10.art.log,1113821,237b1b998751d966ff4c5423aed23082
paintball/runs/S3_D0/ereq_f69d2e9d-3397-49ec-8ced-bf86093195a8-policy_agent_10.zip,44180,dc92924b3fbde5c942a260f753d8a37a
paintball/runs/S3_D0/ereq_f69d2e9d-3397-49ec-8ced-bf86093195a8-policy_agent_11.art.log,6356838,b7fd3101dbfdf1868e33c1f96b1ffe4e
paintball/runs/S3_D0/ereq_f69d2e9d-3397-49ec-8ced-bf86093195a8-policy_agent_11.zip,326745,548b9b88d1412a5dacbb8f071a5fef98
paintball/runs/S3_D0/ereq_f96b9471-555c-425a-a21b-c67d14c9807f-policy_agent_10.art.log,6951929,c4c6261b8fc1c24edd4f93d1ffc1bbb3
paintball/runs/S3_D0/ereq_f96b9471-555c-425a-a21b-c67d14c9807f-policy_agent_10.zip,263487,93b3a877a715c27d0092baab17afc348
paintball/runs/S3_D0/ereq_f96b9471-555c-425a-a21b-c67d14c9807f-policy_agent_11.art.log,7761874,f53d52dc17621f1ab29980a00926323d
paintball/runs/S3_D0/ereq_f96b9471-555c-425a-a21b-c67d14c9807f-policy_agent_11.zip,230100,5132fb4c57004874bd34f5f0377a4647
paintball/runs/S3_D0/ereq_fd563a10-0f17-4a31-b0c3-4669da072e37-policy_agent_10.art.log,3968682,659a29a98882b9ccb8bc306b39de883e
paintball/runs/S3_D0/ereq_fd563a10-0f17-4a31-b0c3-4669da072e37-policy_agent_10.zip,126020,1372b46902a7cf0c311ecdc644368263
paintball/runs/S3_D0/ereq_fd563a10-0f17-4a31-b0c3-4669da072e37-policy_agent_11.art.log,3516797,6b3e99842dd71a380020daffc185b8c6
paintball/runs/S3_D0/ereq_fd563a10-0f17-4a31-b0c3-4669da072e37-policy_agent_11.zip,100360,c7c28b9ef6ff90f7b9983669ac9644de
paintball/runs/S3_D0/ereq_fdec37e4-ec51-449b-8e96-a15d9d70388d-policy_agent_10.art.log,8036836,648724fc5a25c378fae9b2aac6c0ae3f
paintball/runs/S3_D0/ereq_fdec37e4-ec51-449b-8e96-a15d9d70388d-policy_agent_10.zip,395613,18c70a377d9554bd3f25588b9500d32e
paintball/runs/S3_D0/ereq_fdec37e4-ec51-449b-8e96-a15d9d70388d-policy_agent_11.art.log,1176857,dff71658dd4ec778d42b6c3514720d79
paintball/runs/S3_D0/ereq_fdec37e4-ec51-449b-8e96-a15d9d70388d-policy_agent_11.zip,51737,a07a58193d2b9dcba328e9b8831fc984
paintball/runs/S3_D100/ereq_0b2cc7ba-6c54-4295-abf7-4c5843b04cc2-policy_agent_10.art.log,7162390,3a71223154be1d15d8075524dbc351aa
paintball/runs/S3_D100/ereq_0b2cc7ba-6c54-4295-abf7-4c5843b04cc2-policy_agent_10.zip,271722,cf52bbb45c93d5b1247ed0ca2e2b32ff
paintball/runs/S3_D100/ereq_0b2cc7ba-6c54-4295-abf7-4c5843b04cc2-policy_agent_11.art.log,17499488,f53d4a8de153374694a31ceb0d49505a
paintball/runs/S3_D100/ereq_0b2cc7ba-6c54-4295-abf7-4c5843b04cc2-policy_agent_11.zip,814035,d94fc190e6373740de0f7403230ebc26
paintball/runs/S3_D100/ereq_34d371c9-5c64-482f-8740-02f0d15da997-policy_agent_10.art.log,11248808,d36a7570e554579a526c53de7df0a181
paintball/runs/S3_D100/ereq_34d371c9-5c64-482f-8740-02f0d15da997-policy_agent_10.zip,412849,41a5dfcb7cfdcfbbd1ebed6c7e1482ee
paintball/runs/S3_D100/ereq_34d371c9-5c64-482f-8740-02f0d15da997-policy_agent_11.art.log,11506755,da22c73b8b1012f4e49455b09ab36dc5
paintball/runs/S3_D100/ereq_34d371c9-5c64-482f-8740-02f0d15da997-policy_agent_11.zip,397520,1384727c10489beb1940c073c3d0feb1
paintball/runs/S3_D100/ereq_41d37a23-4a74-4cfc-88dc-b8085c5025fa-policy_agent_10.art.log,9299255,a1693f9e636962cca7e9a171bafe31af
paintball/runs/S3_D100/ereq_41d37a23-4a74-4cfc-88dc-b8085c5025fa-policy_agent_10.zip,316116,c9d44afb9b750928d1ffa3550e714fdf
paintball/runs/S3_D100/ereq_41d37a23-4a74-4cfc-88dc-b8085c5025fa-policy_agent_11.art.log,7931042,d99ec8d111bfc027ca652e4120a341a7
paintball/runs/S3_D100/ereq_41d37a23-4a74-4cfc-88dc-b8085c5025fa-policy_agent_11.zip,243405,7c47eb9c102c68140a6b0d6a56aaf14a
paintball/runs/S3_D100/ereq_46945a59-5226-4c30-bb4d-73eca7c323ff-policy_agent_10.art.log,1113104,56e7da6f2b8458622caa7ae7da69a314
paintball/runs/S3_D100/ereq_46945a59-5226-4c30-bb4d-73eca7c323ff-policy_agent_10.zip,50267,b6f219ae384d850b8e5d81f0109c55ee
paintball/runs/S3_D100/ereq_46945a59-5226-4c30-bb4d-73eca7c323ff-policy_agent_11.art.log,1199799,84ad94ecf55e9fdd490dcc0050208347
paintball/runs/S3_D100/ereq_46945a59-5226-4c30-bb4d-73eca7c323ff-policy_agent_11.zip,50642,60046b21867d3f099ea40a783f1e2a82
paintball/runs/S3_D100/ereq_503574fd-aae1-4d8d-b19a-106848637dab-policy_agent_10.art.log,22643143,70be42ea2ac10f23b7cc2e5b31fbcccd
paintball/runs/S3_D100/ereq_503574fd-aae1-4d8d-b19a-106848637dab-policy_agent_10.zip,1120728,c9d7c439dcbe9ea27d8f7fa2737bd12d
paintball/runs/S3_D100/ereq_503574fd-aae1-4d8d-b19a-106848637dab-policy_agent_11.art.log,7307644,4daa0ed255cd91a480841785ede84743
paintball/runs/S3_D100/ereq_503574fd-aae1-4d8d-b19a-106848637dab-policy_agent_11.zip,222004,d97a4e09ab0b7bcfb8010dbe8893a4cd
paintball/runs/S3_D100/ereq_5b1291d1-cdb8-41a7-aabb-025ee8945be9-policy_agent_10.art.log,8629568,bb4811f56c953272715d3f8d389ff28c
paintball/runs/S3_D100/ereq_5b1291d1-cdb8-41a7-aabb-025ee8945be9-policy_agent_10.zip,425098,855d960b227c9af83c41f5d2991b01ea
paintball/runs/S3_D100/ereq_5b1291d1-cdb8-41a7-aabb-025ee8945be9-policy_agent_11.art.log,1312572,c665c79cfffd8690c41a8470e387ada9
paintball/runs/S3_D100/ereq_5b1291d1-cdb8-41a7-aabb-025ee8945be9-policy_agent_11.zip,56366,763c7dab9c147c4393f88b3a7d40908c
paintball/runs/S3_D100/ereq_6c1d69b8-5fc5-4fa9-8b5c-3d177312deaf-policy_agent_10.art.log,1448029,cef038c28f8bfd53c5b2757f19b1878b
paintball/runs/S3_D100/ereq_6c1d69b8-5fc5-4fa9-8b5c-3d177312deaf-policy_agent_10.zip,55941,387ad82f3e9498ccea997c352c791a22
paintball/runs/S3_D100/ereq_6c1d69b8-5fc5-4fa9-8b5c-3d177312deaf-policy_agent_11.art.log,2860202,12c20a606c3e4c03eb5dc697fd15446d
paintball/runs/S3_D100/ereq_6c1d69b8-5fc5-4fa9-8b5c-3d177312deaf-policy_agent_11.zip,138708,77037bcba12adeaa783565a8014a762b
paintball/runs/S3_D100/ereq_71775d4a-e53a-4824-ad0d-b5beb8c1c571-policy_agent_10.art.log,12255975,36fc325f7137bee9070e20397217606c
paintball/runs/S3_D100/ereq_71775d4a-e53a-4824-ad0d-b5beb8c1c571-policy_agent_10.zip,512474,670d6999e532b292be361c4d2f957e99
paintball/runs/S3_D100/ereq_71775d4a-e53a-4824-ad0d-b5beb8c1c571-policy_agent_11.art.log,12008919,683a471249fd7ec49e239c68f1c7901f
paintball/runs/S3_D100/ereq_71775d4a-e53a-4824-ad0d-b5beb8c1c571-policy_agent_11.zip,506099,78061a59f33a799621d2b236e2948ab7
paintball/runs/S3_D100/ereq_7d7128db-87c6-4baf-bdf6-ccf3789cfb36-policy_agent_10.art.log,10073295,37127d5fc5ddf3a4764fce1e27fa3f88
paintball/runs/S3_D100/ereq_7d7128db-87c6-4baf-bdf6-ccf3789cfb36-policy_agent_10.zip,513852,c4c0decb27735f7d98183be692417eb7
paintball/runs/S3_D100/ereq_7d7128db-87c6-4baf-bdf6-ccf3789cfb36-policy_agent_11.art.log,2153407,1c82fb48a9bf3fba2e6668ee8f143a71
paintball/runs/S3_D100/ereq_7d7128db-87c6-4baf-bdf6-ccf3789cfb36-policy_agent_11.zip,90546,acf55aca0ca9b0f9b2e7d960a4414675
paintball/runs/S3_D100/ereq_7eb0f757-3a96-4ebf-9e73-e4d8535b197a-policy_agent_10.art.log,1989987,8d757dd6699230ca12c8548fb1e8e004
paintball/runs/S3_D100/ereq_7eb0f757-3a96-4ebf-9e73-e4d8535b197a-policy_agent_10.zip,75470,dcd9d02f2315566ec89fdac149b376ce
paintball/runs/S3_D100/ereq_7eb0f757-3a96-4ebf-9e73-e4d8535b197a-policy_agent_11.art.log,4293139,796f03968ce24233525f9a92e6e69643
paintball/runs/S3_D100/ereq_7eb0f757-3a96-4ebf-9e73-e4d8535b197a-policy_agent_11.zip,218045,93e2365160b6a7a7d78ba79eab7192ea
paintball/runs/S3_D100/ereq_80ba2d3c-f774-43ba-ae55-ca3e3fdf9032-policy_agent_10.art.log,6542604,0a4429d2f4787faf7e56f8c1928149f5
paintball/runs/S3_D100/ereq_80ba2d3c-f774-43ba-ae55-ca3e3fdf9032-policy_agent_10.zip,176044,c6c0d97cda7b9a84b1f765c963047090
paintball/runs/S3_D100/ereq_80ba2d3c-f774-43ba-ae55-ca3e3fdf9032-policy_agent_11.art.log,19051458,038c10fdab1e5ee6dd1a93f5cd053d78
paintball/runs/S3_D100/ereq_80ba2d3c-f774-43ba-ae55-ca3e3fdf9032-policy_agent_11.zip,837974,1738b4bfb8a2cb7db2912ea7cc73515c
paintball/runs/S3_D100/ereq_87288c57-11de-4e7d-9942-9e83f978a6ff-policy_agent_10.art.log,4248115,3591d99595a9217b2998ae11f9bf2bb8
paintball/runs/S3_D100/ereq_87288c57-11de-4e7d-9942-9e83f978a6ff-policy_agent_10.zip,146708,c86f7a88712b938b91004759d37a85c1
paintball/runs/S3_D100/ereq_87288c57-11de-4e7d-9942-9e83f978a6ff-policy_agent_11.art.log,5308782,9f7998a013a85882406d661feb23c809
paintball/runs/S3_D100/ereq_87288c57-11de-4e7d-9942-9e83f978a6ff-policy_agent_11.zip,201066,85a05849e47c9d911a2e0e5c5b3035ac
paintball/runs/S3_D100/ereq_872af916-c5c1-494d-b026-bf8ca1818375-policy_agent_10.art.log,2645500,94bb135ba05880f1405679d879896f58
paintball/runs/S3_D100/ereq_872af916-c5c1-494d-b026-bf8ca1818375-policy_agent_10.zip,95911,a4a2f2cc010f9e5bd18307e306705176
paintball/runs/S3_D100/ereq_872af916-c5c1-494d-b026-bf8ca1818375-policy_agent_11.art.log,6224047,3b336f5882a2305576e1f99e4d734b09
paintball/runs/S3_D100/ereq_872af916-c5c1-494d-b026-bf8ca1818375-policy_agent_11.zip,297575,105a35b744ab14a92a3615af60e5bb34
paintball/runs/S3_D100/ereq_8c27cbfc-ea31-4124-931f-e616f9c3bc4b-policy_agent_10.art.log,1413215,cb35770389a808f97e14752a6f835ee8
paintball/runs/S3_D100/ereq_8c27cbfc-ea31-4124-931f-e616f9c3bc4b-policy_agent_10.zip,64381,68d8faae87742c465e9dd5727904731b
paintball/runs/S3_D100/ereq_8c27cbfc-ea31-4124-931f-e616f9c3bc4b-policy_agent_11.art.log,4426359,7052a8fc4e714863a45dae9fc059e9c4
paintball/runs/S3_D100/ereq_8c27cbfc-ea31-4124-931f-e616f9c3bc4b-policy_agent_11.zip,217009,ea5faf6f2c7ea43d4f607d45b405fd7c
paintball/runs/S3_D100/ereq_9550fbe3-2193-4518-b1f0-aca8ea675dbc-policy_agent_10.art.log,1804543,be380f5c2d51b3ea57152192c0680546
paintball/runs/S3_D100/ereq_9550fbe3-2193-4518-b1f0-aca8ea675dbc-policy_agent_10.zip,68871,9aa8be674e10e59f3089124f1defb5c5
paintball/runs/S3_D100/ereq_9550fbe3-2193-4518-b1f0-aca8ea675dbc-policy_agent_11.art.log,5823710,241fc19dd3ba40e02ce2e8d2bfc97afa
paintball/runs/S3_D100/ereq_9550fbe3-2193-4518-b1f0-aca8ea675dbc-policy_agent_11.zip,329524,5bc22e1ab9f5d34cba98b1813cb6f3a1
paintball/runs/S3_D100/ereq_96305884-144f-498f-87a7-251c7a53a140-policy_agent_10.art.log,14513395,c6fb65b1dfad15ab0384b9ba510c071e
paintball/runs/S3_D100/ereq_96305884-144f-498f-87a7-251c7a53a140-policy_agent_10.zip,658044,023e59b2caab2066d8c4e0f402495b3c
paintball/runs/S3_D100/ereq_96305884-144f-498f-87a7-251c7a53a140-policy_agent_11.art.log,17853240,4a6e16af762edf74f5dd1e46a2982c4d
paintball/runs/S3_D100/ereq_96305884-144f-498f-87a7-251c7a53a140-policy_agent_11.zip,823641,ef3c384be7e607b7ba43ff61c682fdf0
paintball/runs/S3_D100/ereq_9b00f45c-f056-4607-a0f6-092aedfcf300-policy_agent_10.art.log,16719336,d2ffaaa35e3a1870cf8e25d07e5e3634
paintball/runs/S3_D100/ereq_9b00f45c-f056-4607-a0f6-092aedfcf300-policy_agent_10.zip,710366,6bbd4ac1b2dcd8cd8db371d4e9d4345a
paintball/runs/S3_D100/ereq_9b00f45c-f056-4607-a0f6-092aedfcf300-policy_agent_11.art.log,21780579,0d586775c4015812619be9e3add70c90
paintball/runs/S3_D100/ereq_9b00f45c-f056-4607-a0f6-092aedfcf300-policy_agent_11.zip,978103,4dd2be755d29c93e12fefacae5fb22da
paintball/runs/S3_D100/ereq_a0f91ff1-86ac-4f22-bece-08b736e82483-policy_agent_10.art.log,17753510,28342cabf37510ed6c1efc9615a05ebb
paintball/runs/S3_D100/ereq_a0f91ff1-86ac-4f22-bece-08b736e82483-policy_agent_10.zip,864899,c10008b79b162f7d3580734a69c13fe9
paintball/runs/S3_D100/ereq_a0f91ff1-86ac-4f22-bece-08b736e82483-policy_agent_11.art.log,997720,582f47eff7de681235b071f28fe55e3e
paintball/runs/S3_D100/ereq_a0f91ff1-86ac-4f22-bece-08b736e82483-policy_agent_11.zip,39421,dee3b02873baa8a621248bede461a83e
paintball/runs/S3_D100/ereq_a1ecf269-d45f-4a0a-8dda-93a610ee9fa8-policy_agent_10.art.log,1797698,aefdb7e7c765dd8e7b53f9f4b98af254
paintball/runs/S3_D100/ereq_a1ecf269-d45f-4a0a-8dda-93a610ee9fa8-policy_agent_10.zip,86799,9fd7ac20af158e063a9c2d0d7e6d2149
paintball/runs/S3_D100/ereq_a1ecf269-d45f-4a0a-8dda-93a610ee9fa8-policy_agent_11.art.log,2054953,2e10ac3928cc9910e205b3564e91caa3
paintball/runs/S3_D100/ereq_a1ecf269-d45f-4a0a-8dda-93a610ee9fa8-policy_agent_11.zip,89763,0057c48d5402c8adb5118bf8ab374afd
paintball/runs/S3_D100/ereq_abd8b255-0dd9-4a79-b521-60f2d2576c71-policy_agent_10.art.log,903501,27564fa1c1dbced637b011a15b6bc6fa
paintball/runs/S3_D100/ereq_abd8b255-0dd9-4a79-b521-60f2d2576c71-policy_agent_10.zip,38607,7c4310b23549c41a3bf7cc920f6445d0
paintball/runs/S3_D100/ereq_abd8b255-0dd9-4a79-b521-60f2d2576c71-policy_agent_11.art.log,973051,f6deb250a90e6289ea60f041a9f9b5fb
paintball/runs/S3_D100/ereq_abd8b255-0dd9-4a79-b521-60f2d2576c71-policy_agent_11.zip,40359,737065ff9815c906a57df84279166767
paintball/runs/S3_D100/ereq_ac10bc62-ab2a-4586-ae57-3103a108a26b-policy_agent_10.art.log,1742935,933317b8a203ee2ae30bb38310d1a54e
paintball/runs/S3_D100/ereq_ac10bc62-ab2a-4586-ae57-3103a108a26b-policy_agent_10.zip,81390,b796f4e33327f52c541eec71938da4ff
paintball/runs/S3_D100/ereq_ac10bc62-ab2a-4586-ae57-3103a108a26b-policy_agent_11.art.log,1515347,fcecaa26b759414862815cf8961ef625
paintball/runs/S3_D100/ereq_ac10bc62-ab2a-4586-ae57-3103a108a26b-policy_agent_11.zip,64787,4465d35064e707df695ea6b108d925ab
paintball/runs/S3_D100/ereq_b0153752-6817-419a-815b-dd29b955a21a-policy_agent_10.art.log,3809626,8f6d728ab118497866ad7a3bcf2f6ff7
paintball/runs/S3_D100/ereq_b0153752-6817-419a-815b-dd29b955a21a-policy_agent_10.zip,192027,7062c11deabcf0158ce4a0619fc7853f
paintball/runs/S3_D100/ereq_b0153752-6817-419a-815b-dd29b955a21a-policy_agent_11.art.log,1043436,4f604fa0381895aebcafcc00753aee45
paintball/runs/S3_D100/ereq_b0153752-6817-419a-815b-dd29b955a21a-policy_agent_11.zip,37745,70768dcbc9a3a6613852bd4c4d95d73e
paintball/runs/S3_D100/ereq_b15a4d7e-86c3-4e47-b95d-c5f7a74d24b2-policy_agent_10.art.log,1851095,42ad148d0a8a35ab62c98526c916b6ed
paintball/runs/S3_D100/ereq_b15a4d7e-86c3-4e47-b95d-c5f7a74d24b2-policy_agent_10.zip,77659,b381d1c8181b106580affa146089f81a
paintball/runs/S3_D100/ereq_b15a4d7e-86c3-4e47-b95d-c5f7a74d24b2-policy_agent_11.art.log,2140302,00ec7f9d3d03983ae12f7127196731af
paintball/runs/S3_D100/ereq_b15a4d7e-86c3-4e47-b95d-c5f7a74d24b2-policy_agent_11.zip,105369,8dd64d5926c2b6940678a115fb9ee641
paintball/runs/S3_D100/ereq_b3c61e5c-0ab6-4d18-8804-5fff9d855a9a-policy_agent_10.art.log,19627054,edac23e2e0f4355a4c7f49cfdb59e28f
paintball/runs/S3_D100/ereq_b3c61e5c-0ab6-4d18-8804-5fff9d855a9a-policy_agent_10.zip,714970,0f0752cf5c71f52fbcf90cf3528d9e9d
paintball/runs/S3_D100/ereq_b3c61e5c-0ab6-4d18-8804-5fff9d855a9a-policy_agent_11.art.log,14239224,6eeedacae5480991e55843f60d9f1945
paintball/runs/S3_D100/ereq_b3c61e5c-0ab6-4d18-8804-5fff9d855a9a-policy_agent_11.zip,566198,ae63ac9587d8233e3d8f1a56bd7c5a02
paintball/runs/S3_D100/ereq_cc220adf-ba9e-4d22-a00e-60777dcfd945-policy_agent_10.art.log,10102607,bd8a623f57597ef5e20ea7d86f384d5d
paintball/runs/S3_D100/ereq_cc220adf-ba9e-4d22-a00e-60777dcfd945-policy_agent_10.zip,456643,5cb74683f163906048d762ecb39510c1
paintball/runs/S3_D100/ereq_cc220adf-ba9e-4d22-a00e-60777dcfd945-policy_agent_11.art.log,7411542,4bae71e8d6e18df55bb7fe5af62465b3
paintball/runs/S3_D100/ereq_cc220adf-ba9e-4d22-a00e-60777dcfd945-policy_agent_11.zip,297691,99881caa15673bf6b7761f9c64ba6db0
paintball/runs/S3_D100/ereq_ce93e6ff-33af-47a5-89bd-ede267839fc1-policy_agent_10.art.log,1299136,d98ae2d2e6cc4f94bf2aed65c909bde6
paintball/runs/S3_D100/ereq_ce93e6ff-33af-47a5-89bd-ede267839fc1-policy_agent_10.zip,55113,617068a17677f0283a05a3fdc0707ab8
paintball/runs/S3_D100/ereq_ce93e6ff-33af-47a5-89bd-ede267839fc1-policy_agent_11.art.log,5907801,5e4bf5cc3b5d7700ff7364ec44a5cb6b
paintball/runs/S3_D100/ereq_ce93e6ff-33af-47a5-89bd-ede267839fc1-policy_agent_11.zip,271209,73b51481e46d58784d15f17e875eb22a
paintball/runs/S3_T/ereq_097e618e-ab2d-441e-a9c3-3e81fe695fce-policy_agent_10.art.log,1423038,27ac3939fb513f79cc6b766e2550f777
paintball/runs/S3_T/ereq_097e618e-ab2d-441e-a9c3-3e81fe695fce-policy_agent_10.zip,50781,5622bf5fb0851729b144dee29839bc20
paintball/runs/S3_T/ereq_097e618e-ab2d-441e-a9c3-3e81fe695fce-policy_agent_11.art.log,15451873,7b322f28ccd2e71b461f494e982ab6c4
paintball/runs/S3_T/ereq_097e618e-ab2d-441e-a9c3-3e81fe695fce-policy_agent_11.zip,676112,a1904fd84a32551b523d02cd2adbe4f9
paintball/runs/S3_T/ereq_0c343733-935e-4533-b7c4-915af743a50e-policy_agent_10.art.log,16154029,926e926ecd1978da11068dca9ec24529
paintball/runs/S3_T/ereq_0c343733-935e-4533-b7c4-915af743a50e-policy_agent_10.zip,624949,719b86130dc5e09e02034792ca0a4c47
paintball/runs/S3_T/ereq_0c343733-935e-4533-b7c4-915af743a50e-policy_agent_11.art.log,8892993,8cab3cc68d5b1b20a5533cfde7e79971
paintball/runs/S3_T/ereq_0c343733-935e-4533-b7c4-915af743a50e-policy_agent_11.zip,285527,afee7f0f7895433b17ceb2c20353eb8e
paintball/runs/S3_T/ereq_107cd9f6-f6ee-4243-9457-cbeb7d51d26e-policy_agent_10.art.log,6381876,17fc45086ea7de33d7fe9793c6fc5a72
paintball/runs/S3_T/ereq_107cd9f6-f6ee-4243-9457-cbeb7d51d26e-policy_agent_10.zip,211220,9ebad3472775d590c958e8d6356ef5aa
paintball/runs/S3_T/ereq_107cd9f6-f6ee-4243-9457-cbeb7d51d26e-policy_agent_11.art.log,8885298,0724e334dc2a396928a6ba4cf8d7dec7
paintball/runs/S3_T/ereq_107cd9f6-f6ee-4243-9457-cbeb7d51d26e-policy_agent_11.zip,326865,070dfad8c4fdec9d389f536774e87fc1
paintball/runs/S3_T/ereq_188adbb0-fb73-49e7-8d1f-3f236055f7ae-policy_agent_10.art.log,1933412,a2457b651ef124ff3afd323bfa7077dd
paintball/runs/S3_T/ereq_188adbb0-fb73-49e7-8d1f-3f236055f7ae-policy_agent_10.zip,86910,8dd6ef8fd6aa3fac8ff43710105998e2
paintball/runs/S3_T/ereq_188adbb0-fb73-49e7-8d1f-3f236055f7ae-policy_agent_11.art.log,1123473,40ba90d5fe8f2b06a0cd910cbf6043a6
paintball/runs/S3_T/ereq_188adbb0-fb73-49e7-8d1f-3f236055f7ae-policy_agent_11.zip,38262,d676fda3e0c702f3d234a2341041fdb7
paintball/runs/S3_T/ereq_1b66f043-73e4-4583-918e-19f1890e1288-policy_agent_10.art.log,12600994,5db399d33fd09e5e4b82da9a4c3c650d
paintball/runs/S3_T/ereq_1b66f043-73e4-4583-918e-19f1890e1288-policy_agent_10.zip,548404,ec0270f71cb3675f14777870027ffd79
paintball/runs/S3_T/ereq_1b66f043-73e4-4583-918e-19f1890e1288-policy_agent_11.art.log,1039943,13af55407b05525c91aea855ac875df4
paintball/runs/S3_T/ereq_1b66f043-73e4-4583-918e-19f1890e1288-policy_agent_11.zip,36460,1fb4102f56b552e7ee9c47689074967e
paintball/runs/S3_T/ereq_20d9d4b7-7cc7-428a-be21-1317b47558c6-policy_agent_10.art.log,2547323,031137b5a539bf9230f19f79dbc0165b
paintball/runs/S3_T/ereq_20d9d4b7-7cc7-428a-be21-1317b47558c6-policy_agent_10.zip,95908,e562df37ea832739e008c6cd59f02c80
paintball/runs/S3_T/ereq_20d9d4b7-7cc7-428a-be21-1317b47558c6-policy_agent_11.art.log,2168575,93a91e407da5782616941b5bf4ec52ba
paintball/runs/S3_T/ereq_20d9d4b7-7cc7-428a-be21-1317b47558c6-policy_agent_11.zip,80979,1e7c95be6ee3c7c3abd1930ab01b4e26
paintball/runs/S3_T/ereq_345a8b71-2d25-4e0e-a726-838c9d66bcc1-policy_agent_10.art.log,4158027,bfc3b7ca81ac570a62a130e0876de731
paintball/runs/S3_T/ereq_345a8b71-2d25-4e0e-a726-838c9d66bcc1-policy_agent_10.zip,182797,19bbc53dda8f935a8ddb95e571c85a55
paintball/runs/S3_T/ereq_345a8b71-2d25-4e0e-a726-838c9d66bcc1-policy_agent_11.art.log,1015340,10ef5d53b8f520adc85c48b16c27db4d
paintball/runs/S3_T/ereq_345a8b71-2d25-4e0e-a726-838c9d66bcc1-policy_agent_11.zip,36434,2db652ee9dca9b875ac51a7055f0b1e9
paintball/runs/S3_T/ereq_3b0b70d2-1db9-454b-be5c-81cff5d14c83-policy_agent_10.art.log,7123817,1de9e1348805e04c38a6e36efcea7a2e
paintball/runs/S3_T/ereq_3b0b70d2-1db9-454b-be5c-81cff5d14c83-policy_agent_10.zip,291088,ce6b16907f11368715bb114af867e515
paintball/runs/S3_T/ereq_3b0b70d2-1db9-454b-be5c-81cff5d14c83-policy_agent_11.art.log,2908984,1577b6d4b598c357463d9eb2a96abc46
paintball/runs/S3_T/ereq_3b0b70d2-1db9-454b-be5c-81cff5d14c83-policy_agent_11.zip,91429,f8bd7f0af1e97ab95212aa5e439520c3
paintball/runs/S3_T/ereq_47c6ad6f-eb3d-4afc-8de2-e0014e335549-policy_agent_10.art.log,1430960,70d4345c398f5cf199db31af74c6bb34
paintball/runs/S3_T/ereq_47c6ad6f-eb3d-4afc-8de2-e0014e335549-policy_agent_10.zip,47437,dda7173933f313cbb72048f8c5e63c15
paintball/runs/S3_T/ereq_47c6ad6f-eb3d-4afc-8de2-e0014e335549-policy_agent_11.art.log,2082546,2c8f676280f892b471d046942eefc8e7
paintball/runs/S3_T/ereq_47c6ad6f-eb3d-4afc-8de2-e0014e335549-policy_agent_11.zip,89741,87a72de85820e7f2aa9ca835d8c68f5a
paintball/runs/S3_T/ereq_55fd0805-0ba9-4cb0-9528-de068faee2cd-policy_agent_10.art.log,20660311,020bbe1debd423b58bcf44bb10755469
paintball/runs/S3_T/ereq_55fd0805-0ba9-4cb0-9528-de068faee2cd-policy_agent_10.zip,745047,6f5f35d99f1a68824c25e00e505b7c45
paintball/runs/S3_T/ereq_55fd0805-0ba9-4cb0-9528-de068faee2cd-policy_agent_11.art.log,15828253,0c46cb09ca40bd167c2a66292f5832ed
paintball/runs/S3_T/ereq_55fd0805-0ba9-4cb0-9528-de068faee2cd-policy_agent_11.zip,510946,87da761e384e50a1ed04927dd944a5cf
paintball/runs/S3_T/ereq_58c4c67f-adb4-4f9e-b4a9-3e115ddc65c0-policy_agent_10.art.log,12731084,ecb73f9077acf1d71b34def44002c1ac
paintball/runs/S3_T/ereq_58c4c67f-adb4-4f9e-b4a9-3e115ddc65c0-policy_agent_10.zip,461543,d2889b20013d945a7953762efa0b8345
paintball/runs/S3_T/ereq_58c4c67f-adb4-4f9e-b4a9-3e115ddc65c0-policy_agent_11.art.log,9653647,3fbb07ca47d30a3cf6b716c9efee8414
paintball/runs/S3_T/ereq_58c4c67f-adb4-4f9e-b4a9-3e115ddc65c0-policy_agent_11.zip,307562,725b016970c29d354101fae187b6db94
paintball/runs/S3_T/ereq_6006abf6-6278-4524-964e-707d41a71ebf-policy_agent_10.art.log,7051678,799e75e22c7497a5c1f586488b1fecc6
paintball/runs/S3_T/ereq_6006abf6-6278-4524-964e-707d41a71ebf-policy_agent_10.zip,322851,65b4a8638422f4eed4466e4d918c9780
paintball/runs/S3_T/ereq_6006abf6-6278-4524-964e-707d41a71ebf-policy_agent_11.art.log,1618978,95ee1852dd9dd566e03b98f0bdd29919
paintball/runs/S3_T/ereq_6006abf6-6278-4524-964e-707d41a71ebf-policy_agent_11.zip,62520,3cededc2141fdfb2f8d9ceb343f68a27
paintball/runs/S3_T/ereq_658a0c24-a14e-4a2d-a2d5-2bcdc39dd3bb-policy_agent_10.art.log,8566569,73d9ba1a1b609900a0fbcd4652cd427e
paintball/runs/S3_T/ereq_658a0c24-a14e-4a2d-a2d5-2bcdc39dd3bb-policy_agent_10.zip,291248,c97dd1528baddf04e64ded8ca9afc505
paintball/runs/S3_T/ereq_658a0c24-a14e-4a2d-a2d5-2bcdc39dd3bb-policy_agent_11.art.log,8835224,75d57bd1e34a0384c286fe04a6d81965
paintball/runs/S3_T/ereq_658a0c24-a14e-4a2d-a2d5-2bcdc39dd3bb-policy_agent_11.zip,302314,d46cbf1032d93b30c44d0ff088a4bc4e
paintball/runs/S3_T/ereq_716fb2fc-bcb0-4255-b2a1-c70b3bf937e2-policy_agent_10.art.log,22041747,3069bec8f3dae8833dda1083def81be9
paintball/runs/S3_T/ereq_716fb2fc-bcb0-4255-b2a1-c70b3bf937e2-policy_agent_10.zip,657132,8a79010dba02505b5cdab572c94b116c
paintball/runs/S3_T/ereq_716fb2fc-bcb0-4255-b2a1-c70b3bf937e2-policy_agent_11.art.log,23198539,cdfc67ff597e3a0364149e5ab7a802b1
paintball/runs/S3_T/ereq_716fb2fc-bcb0-4255-b2a1-c70b3bf937e2-policy_agent_11.zip,718278,8042329f5cddfa1ec77d6cb07fc4dbed
paintball/runs/S3_T/ereq_8a9c9108-377b-41a1-8b3b-fd58e45c3e4d-policy_agent_10.art.log,19634852,aa5496fc93e3ae355db0cf137007d163
paintball/runs/S3_T/ereq_8a9c9108-377b-41a1-8b3b-fd58e45c3e4d-policy_agent_10.zip,742956,871c255e382b174882d23edca986a5f3
paintball/runs/S3_T/ereq_8a9c9108-377b-41a1-8b3b-fd58e45c3e4d-policy_agent_11.art.log,12059597,bf95341425006acb4661be510e257f35
paintball/runs/S3_T/ereq_8a9c9108-377b-41a1-8b3b-fd58e45c3e4d-policy_agent_11.zip,350439,033569e8e5865bddd50e6f1466fb1577
paintball/runs/S3_T/ereq_8f4ff105-8de3-43a6-b8f0-d9b05320f78c-policy_agent_10.art.log,18621812,55306dc4d52a1c018da1c6dcb19a2b41
paintball/runs/S3_T/ereq_8f4ff105-8de3-43a6-b8f0-d9b05320f78c-policy_agent_10.zip,561294,41ce04d3e0cce32d13162007143d1f88
paintball/runs/S3_T/ereq_8f4ff105-8de3-43a6-b8f0-d9b05320f78c-policy_agent_11.art.log,18847301,43dfaeff7afdd4160007390d03052245
paintball/runs/S3_T/ereq_8f4ff105-8de3-43a6-b8f0-d9b05320f78c-policy_agent_11.zip,503283,287e9c5cd149715f51c21b031480a60e
paintball/runs/S3_T/ereq_9cb1d823-1ebd-4e0e-b3bf-12153ef2263d-policy_agent_10.art.log,1565332,c27edc2828cec6879eafb1cb51c8f034
paintball/runs/S3_T/ereq_9cb1d823-1ebd-4e0e-b3bf-12153ef2263d-policy_agent_10.zip,49098,5c006f8e4ae46ab639c5cd3f99c3e6a1
paintball/runs/S3_T/ereq_9cb1d823-1ebd-4e0e-b3bf-12153ef2263d-policy_agent_11.art.log,12995284,b4409c3e8930de100d4a85d67af989bc
paintball/runs/S3_T/ereq_9cb1d823-1ebd-4e0e-b3bf-12153ef2263d-policy_agent_11.zip,583989,11332b439fd407ad03b386af82ca4a99
paintball/runs/S3_T/ereq_9d2ad3d5-ab98-4e03-b808-0b5b2c5947a7-policy_agent_10.art.log,1573659,beede877f6519a8e00182fcd570c6545
paintball/runs/S3_T/ereq_9d2ad3d5-ab98-4e03-b808-0b5b2c5947a7-policy_agent_10.zip,60665,b93f846bfcaade782998268f26c13367
paintball/runs/S3_T/ereq_9d2ad3d5-ab98-4e03-b808-0b5b2c5947a7-policy_agent_11.art.log,7471235,91946414f01c496df15cfcf240e6fc0e
paintball/runs/S3_T/ereq_9d2ad3d5-ab98-4e03-b808-0b5b2c5947a7-policy_agent_11.zip,338748,6bee12bbb84b2a375c9bb9e3cbaa23b4
paintball/runs/S3_T/ereq_af9c3df8-c7ec-4864-bc79-da1d96552c18-policy_agent_10.art.log,1452671,05ea0ac097ccac472ceb89b066209773
paintball/runs/S3_T/ereq_af9c3df8-c7ec-4864-bc79-da1d96552c18-policy_agent_10.zip,46183,154856cd91220e1a4f7cb44434529c5a
paintball/runs/S3_T/ereq_af9c3df8-c7ec-4864-bc79-da1d96552c18-policy_agent_11.art.log,2461849,a45e57bc4824f428681d60d79968c219
paintball/runs/S3_T/ereq_af9c3df8-c7ec-4864-bc79-da1d96552c18-policy_agent_11.zip,111599,03efeb834a84aca4333978303c13ca2e
paintball/runs/S3_T/ereq_b00775f6-b7d9-4639-8de6-82e56e94cd62-policy_agent_10.art.log,2529778,e5816c16815c207bc73fb2144e91f448
paintball/runs/S3_T/ereq_b00775f6-b7d9-4639-8de6-82e56e94cd62-policy_agent_10.zip,123359,97fa6eccbb644e802938fdf5b52b94be
paintball/runs/S3_T/ereq_b00775f6-b7d9-4639-8de6-82e56e94cd62-policy_agent_11.art.log,1194988,0534ef57fbbe0f9358a5d44380144fa6
paintball/runs/S3_T/ereq_b00775f6-b7d9-4639-8de6-82e56e94cd62-policy_agent_11.zip,40710,08dda7f09787858d20f05f3156379dca
paintball/runs/S3_T/ereq_b6577ac5-a291-4f5e-973d-a2707c951f2a-policy_agent_10.art.log,8975278,b9cc748b94e8e84933b9e6b5e396d8e9
paintball/runs/S3_T/ereq_b6577ac5-a291-4f5e-973d-a2707c951f2a-policy_agent_10.zip,332494,e1be6b608ed333e94788861b792705cb
paintball/runs/S3_T/ereq_b6577ac5-a291-4f5e-973d-a2707c951f2a-policy_agent_11.art.log,5246436,4254ae11ec975d5187418ed2ca9a83f0
paintball/runs/S3_T/ereq_b6577ac5-a291-4f5e-973d-a2707c951f2a-policy_agent_11.zip,173884,de28c94b315ac011e1baebba446d1afc
paintball/runs/S3_T/ereq_c14fe5c1-72fc-4652-affd-8f2bec865b62-policy_agent_10.art.log,24119176,c8aa066e10a9ef89d60e73764d880394
paintball/runs/S3_T/ereq_c14fe5c1-72fc-4652-affd-8f2bec865b62-policy_agent_10.zip,771893,e4a9c79011e4e91a12e3b685d5b1e8e8
paintball/runs/S3_T/ereq_c14fe5c1-72fc-4652-affd-8f2bec865b62-policy_agent_11.art.log,18272949,cc36ae99064f6e9e40fd422a21bbbc77
paintball/runs/S3_T/ereq_c14fe5c1-72fc-4652-affd-8f2bec865b62-policy_agent_11.zip,520689,ec3489d0049e839d70d57231c94b2c0e
paintball/runs/S3_T/ereq_cd112f11-0ccb-46a3-a916-3bfe504bc877-policy_agent_10.art.log,1196358,d270f15bffbd719ed73406fa469bc3e2
paintball/runs/S3_T/ereq_cd112f11-0ccb-46a3-a916-3bfe504bc877-policy_agent_10.zip,40617,bc4ee60361b8166da298d389b3c4def0
paintball/runs/S3_T/ereq_cd112f11-0ccb-46a3-a916-3bfe504bc877-policy_agent_11.art.log,5825774,811f6ff89934ed0a6761a23fd7a299d5
paintball/runs/S3_T/ereq_cd112f11-0ccb-46a3-a916-3bfe504bc877-policy_agent_11.zip,256095,65ace23857f26587d485a9bf28ffc492
paintball/runs/S3_T/ereq_d7f7402c-ed8d-4921-a014-dc02912e275d-policy_agent_10.art.log,1194530,fef41e50295436df8e588134e7463c0d
paintball/runs/S3_T/ereq_d7f7402c-ed8d-4921-a014-dc02912e275d-policy_agent_10.zip,51852,6c33d46f06a3e99d0cb490833ce4107b
paintball/runs/S3_T/ereq_d7f7402c-ed8d-4921-a014-dc02912e275d-policy_agent_11.art.log,993715,b34ca39c043faaaed668cf81e36cc682
paintball/runs/S3_T/ereq_d7f7402c-ed8d-4921-a014-dc02912e275d-policy_agent_11.zip,34976,6d48ba69287d057c078ccbfcad462f2c
paintball/runs/S3_T/ereq_de4ac9cc-dfa0-42e2-92c5-dc282881793c-policy_agent_10.art.log,967849,59139380201c495cc0e0c097cc521132
paintball/runs/S3_T/ereq_de4ac9cc-dfa0-42e2-92c5-dc282881793c-policy_agent_10.zip,35746,ae6b3f407a5ad77248f4b10036f8c7ab
paintball/runs/S3_T/ereq_de4ac9cc-dfa0-42e2-92c5-dc282881793c-policy_agent_11.art.log,1744063,7199fce1b95b6bdfd3af6510d6479eef
paintball/runs/S3_T/ereq_de4ac9cc-dfa0-42e2-92c5-dc282881793c-policy_agent_11.zip,74073,4fac01480ff7c1b7159bc1bda6524e6a
paintball/runs/S3_T/ereq_e231c01a-febf-408c-9f3e-c62ebd22cad5-policy_agent_10.art.log,4372826,3a7e34005a9f85649ff1194c5a0a954b
paintball/runs/S3_T/ereq_e231c01a-febf-408c-9f3e-c62ebd22cad5-policy_agent_10.zip,126101,c2dcbbcab4c35db12ed57914869d5e68
paintball/runs/S3_T/ereq_e231c01a-febf-408c-9f3e-c62ebd22cad5-policy_agent_11.art.log,5837885,cbf9724b5b1d0cb57085e0d1711a2645
paintball/runs/S3_T/ereq_e231c01a-febf-408c-9f3e-c62ebd22cad5-policy_agent_11.zip,244591,0cfd33c9ebb54de2b944303e58661d3f
paintball/runs/S3_T/ereq_e81f4d07-0aa8-418b-a025-2dacef6fdc15-policy_agent_10.art.log,8469457,c7d915a2f1a1883aaaa2f260ad65eec3
paintball/runs/S3_T/ereq_e81f4d07-0aa8-418b-a025-2dacef6fdc15-policy_agent_10.zip,277116,6d749a078d297227f8413a892d007b4d
paintball/runs/S3_T/ereq_e81f4d07-0aa8-418b-a025-2dacef6fdc15-policy_agent_11.art.log,9974713,391b1f59d282a1b20b6b95b0590517d1
paintball/runs/S3_T/ereq_e81f4d07-0aa8-418b-a025-2dacef6fdc15-policy_agent_11.zip,350370,be11793653c1ee05c67a386cb6b3ebd6
paintball/runs/S3_T/ereq_f0e3d705-c82a-497a-8aa6-188a968a74e3-policy_agent_10.art.log,2022703,91bdec71b14419de4153315369d63d47
paintball/runs/S3_T/ereq_f0e3d705-c82a-497a-8aa6-188a968a74e3-policy_agent_10.zip,82632,abec93a8e2227d9431af4e0825be4a13
paintball/runs/S3_T/ereq_f0e3d705-c82a-497a-8aa6-188a968a74e3-policy_agent_11.art.log,2300477,caca002354ec6e6d05638b1f70419ee3
paintball/runs/S3_T/ereq_f0e3d705-c82a-497a-8aa6-188a968a74e3-policy_agent_11.zip,87959,e3d7faa8dabd77f88a29992831d04118
paintball/runs/S3_T/ereq_f96b734c-13be-4d2c-9e84-ce3bb952ea2d-policy_agent_10.art.log,7833930,b06472b9444921f7e2dc9e1e18ed6897
paintball/runs/S3_T/ereq_f96b734c-13be-4d2c-9e84-ce3bb952ea2d-policy_agent_10.zip,255667,f85acd4c5fd3a6fa1668cf0c1604d747
paintball/runs/S3_T/ereq_f96b734c-13be-4d2c-9e84-ce3bb952ea2d-policy_agent_11.art.log,7389793,d2f217bd18ddc3f4f8c14d87a64fe52c
paintball/runs/S3_T/ereq_f96b734c-13be-4d2c-9e84-ce3bb952ea2d-policy_agent_11.zip,252761,8321929fc14583c8a949ab294d73f23e
paintball/runs/S3_T/ereq_fd741fbc-ad04-4308-8fa8-0d58e9439b88-policy_agent_10.art.log,16340272,8cde9d521e76bba0316d0887052981e3
paintball/runs/S3_T/ereq_fd741fbc-ad04-4308-8fa8-0d58e9439b88-policy_agent_10.zip,545225,474dbeb851611afaca9bffc890bc1bad
paintball/runs/S3_T/ereq_fd741fbc-ad04-4308-8fa8-0d58e9439b88-policy_agent_11.art.log,12186785,fd5ea3520028005c49c0d1f55e5f52d8
paintball/runs/S3_T/ereq_fd741fbc-ad04-4308-8fa8-0d58e9439b88-policy_agent_11.zip,344553,52d6a9bea638d67f77d3d0edc8711eb7
paintball/runs/S3_humo2_D300/ereq_2fb1f53b-4b0c-4641-a062-d893dd4ba933-policy_agent_10.art.log,9094238,39e0fac8c7ca93bad0def96b495bc361
paintball/runs/S3_humo2_D300/ereq_2fb1f53b-4b0c-4641-a062-d893dd4ba933-policy_agent_10.zip,336309,559775804789be940ecae546d53cea68
paintball/runs/S3_humo2_D300/ereq_2fb1f53b-4b0c-4641-a062-d893dd4ba933-policy_agent_11.art.log,8153906,6a5380096e47146e38725d1883c14340
paintball/runs/S3_humo2_D300/ereq_2fb1f53b-4b0c-4641-a062-d893dd4ba933-policy_agent_11.zip,300791,824769e81441f3f4586e10ad0de64f47
paintball/runs/S3_humo_D300/ereq_75dbdc8b-9243-4143-83ac-fda120a2f27b-policy_agent_10.art.log,14440855,9dfc6c346b42939b6d8b44980d287309
paintball/runs/S3_humo_D300/ereq_75dbdc8b-9243-4143-83ac-fda120a2f27b-policy_agent_10.zip,691748,e497afc31f06dfd5eeb2aa33deac8a9c
paintball/runs/S3_humo_D300/ereq_75dbdc8b-9243-4143-83ac-fda120a2f27b-policy_agent_11.art.log,8755456,67900bba6cf673f228ffb145b4de1c47
paintball/runs/S3_humo_D300/ereq_75dbdc8b-9243-4143-83ac-fda120a2f27b-policy_agent_11.zip,351555,72526c163534ec85e7760dd3326eb3b7
paintball/runs/S3_humo_T/ereq_87f6d2c5-4b5f-4b95-af70-3b7deddbf016-policy_agent_10.art.log,7632752,95b72d0cec42926c996aa3d425b9053a
paintball/runs/S3_humo_T/ereq_87f6d2c5-4b5f-4b95-af70-3b7deddbf016-policy_agent_10.zip,245663,a883a6d694110e9e6c3e99211310832d
paintball/runs/S3_humo_T/ereq_87f6d2c5-4b5f-4b95-af70-3b7deddbf016-policy_agent_11.art.log,6323036,035781d002b930e99e26b7dd6870c10b
paintball/runs/S3_humo_T/ereq_87f6d2c5-4b5f-4b95-af70-3b7deddbf016-policy_agent_11.zip,198355,a9fe7ad8a9614d311140afd35c7d53fa
paintball/runs/descartada_P56C_t1_A_20260916/ereq_56b8bc48-aa13-42b7-b87c-de388783d06d-policy_agent_10.art.log,19276508,86885db209b5c50511eb8ec9a5fd379c
paintball/runs/descartada_P56C_t1_A_20260916/ereq_56b8bc48-aa13-42b7-b87c-de388783d06d-policy_agent_10.zip,535408,f101d41232756bdbdaf189a7cb73ad7c
paintball/runs/descartada_P56C_t1_A_20260916/ereq_56b8bc48-aa13-42b7-b87c-de388783d06d-policy_agent_11.art.log,19139913,510ae45df5a5b9a397424f913da4cda7
paintball/runs/descartada_P56C_t1_A_20260916/ereq_56b8bc48-aa13-42b7-b87c-de388783d06d-policy_agent_11.zip,568404,9099c1e7ed1651f8eea8cbd62b67383a
paintball/runs/descartada_P56C_t1_A_20365645/ereq_9ec56c76-639b-4f3f-9767-f70850aece83-policy_agent_10.art.log,37247943,4ef3f9c02e9b1763ac113ee400422251
paintball/runs/descartada_P56C_t1_A_20365645/ereq_9ec56c76-639b-4f3f-9767-f70850aece83-policy_agent_10.zip,1115869,809fc03bcc53a5af2ab380fec1b5e4d3
paintball/runs/descartada_P56C_t1_A_20365645/ereq_9ec56c76-639b-4f3f-9767-f70850aece83-policy_agent_11.art.log,29120052,a12844dce047439aab4ba78e049efb07
paintball/runs/descartada_P56C_t1_A_20365645/ereq_9ec56c76-639b-4f3f-9767-f70850aece83-policy_agent_11.zip,772193,c501eaac0be093ab13c0b090294d273c
paintball/runs/descartada_P56C_t1_A_20470374/ereq_26fe32ff-f631-4170-a4bd-28a77fb199b0-policy_agent_10.art.log,5141474,5a344c78525a8bbfe7c3fa48194a5e81
paintball/runs/descartada_P56C_t1_A_20470374/ereq_26fe32ff-f631-4170-a4bd-28a77fb199b0-policy_agent_10.zip,147862,3f05767872fe462e391c3fdd24b3455f
paintball/runs/descartada_P56C_t1_A_20470374/ereq_26fe32ff-f631-4170-a4bd-28a77fb199b0-policy_agent_11.art.log,20605850,680670f7d7cf517df577b1b9d5fc3dad
paintball/runs/descartada_P56C_t1_A_20470374/ereq_26fe32ff-f631-4170-a4bd-28a77fb199b0-policy_agent_11.zip,701331,9cb4bcf9229eaf49f336544e51bf3862
paintball/runs/descartada_P56C_t1_A_20575103/ereq_96abb78b-f34e-46f2-a378-353408cb9173-policy_agent_10.art.log,1597023,4d3fa5a1a6969bb95f690b6b366fa4a5
paintball/runs/descartada_P56C_t1_A_20575103/ereq_96abb78b-f34e-46f2-a378-353408cb9173-policy_agent_10.zip,50439,191187dea5deca38448099b0eff1cd49
paintball/runs/descartada_P56C_t1_A_20575103/ereq_96abb78b-f34e-46f2-a378-353408cb9173-policy_agent_11.art.log,9056902,66f770f7ac4c149e80fd38cd9d5b3f49
paintball/runs/descartada_P56C_t1_A_20575103/ereq_96abb78b-f34e-46f2-a378-353408cb9173-policy_agent_11.zip,350829,748ffcd519c00db6e93e5197e34e09dd
paintball/runs/descartada_P56C_t1_F_20260916/ereq_7c696817-7118-40fa-80d1-0bf7f46a9c86-policy_agent_10.art.log,18705652,a53e2ecb14279c5c6497e4924dc2d576
paintball/runs/descartada_P56C_t1_F_20260916/ereq_7c696817-7118-40fa-80d1-0bf7f46a9c86-policy_agent_10.zip,560290,e72a27723ddd06f1f160cac5de5b5691
paintball/runs/descartada_P56C_t1_F_20260916/ereq_7c696817-7118-40fa-80d1-0bf7f46a9c86-policy_agent_11.art.log,19628106,a4ef377beaa579d7fc94bcad3d601c44
paintball/runs/descartada_P56C_t1_F_20260916/ereq_7c696817-7118-40fa-80d1-0bf7f46a9c86-policy_agent_11.zip,661907,8e05db2bb801c535442a2e55625f97db
paintball/runs/descartada_P56C_t1_F_20365645/ereq_4df00893-0b08-472a-b8ed-1215c94fd590-policy_agent_10.art.log,12419784,cf81cfb1b0a24983185ff476f3e8091d
paintball/runs/descartada_P56C_t1_F_20365645/ereq_4df00893-0b08-472a-b8ed-1215c94fd590-policy_agent_10.zip,355642,08f6335b9f02e3a5a1880a49dccde0d5
paintball/runs/descartada_P56C_t1_F_20365645/ereq_4df00893-0b08-472a-b8ed-1215c94fd590-policy_agent_11.art.log,12393355,5266265781b57741b72425bb9f8160b7
paintball/runs/descartada_P56C_t1_F_20365645/ereq_4df00893-0b08-472a-b8ed-1215c94fd590-policy_agent_11.zip,400514,3403692763d8446a665202e3e97f31f5
paintball/runs/descartada_P56C_t1_F_20470374/ereq_6ac007ff-3dd0-44e8-9604-2cd626b5a8a8-policy_agent_10.art.log,32332455,df8ca6c50f9d97b3060c038e1b3696e5
paintball/runs/descartada_P56C_t1_F_20470374/ereq_6ac007ff-3dd0-44e8-9604-2cd626b5a8a8-policy_agent_10.zip,1232083,e1b118b1a5b3b1bf0a7186f195e73962
paintball/runs/descartada_P56C_t1_F_20470374/ereq_6ac007ff-3dd0-44e8-9604-2cd626b5a8a8-policy_agent_11.art.log,21700629,b51e5cee5d96d3a249034c9d4ed5f31f
paintball/runs/descartada_P56C_t1_F_20470374/ereq_6ac007ff-3dd0-44e8-9604-2cd626b5a8a8-policy_agent_11.zip,653831,5decb493f1d94bdacc86dc3dcfb63aba
paintball/runs/descartada_P56C_t1_F_20575103/ereq_2323c188-ab19-4cc3-9b8f-0f32d9c2e75d-policy_agent_10.art.log,2202791,84817399a50ce6d64a15a40d34e7eb4e
paintball/runs/descartada_P56C_t1_F_20575103/ereq_2323c188-ab19-4cc3-9b8f-0f32d9c2e75d-policy_agent_10.zip,75968,9e2b621e15901e90b4ecb8e7c34d4b12
paintball/runs/descartada_P56C_t1_F_20575103/ereq_2323c188-ab19-4cc3-9b8f-0f32d9c2e75d-policy_agent_11.art.log,2344670,90f5b94053071d7a02bebe37fcc68a76
paintball/runs/descartada_P56C_t1_F_20575103/ereq_2323c188-ab19-4cc3-9b8f-0f32d9c2e75d-policy_agent_11.zip,80642,b195bb56edc435a54f553024d9e796a1
paintball/runs/descartada_P56C_t1_T_20260916/ereq_a2cf05c4-e64f-4bbd-8422-4e154896dcb4-policy_agent_10.art.log,23445632,ac189d4f192610d02b9b9cd71b348816
paintball/runs/descartada_P56C_t1_T_20260916/ereq_a2cf05c4-e64f-4bbd-8422-4e154896dcb4-policy_agent_10.zip,648904,6211279d2d33c67207a2cbe3a7017cee
paintball/runs/descartada_P56C_t1_T_20260916/ereq_a2cf05c4-e64f-4bbd-8422-4e154896dcb4-policy_agent_11.art.log,23305255,c96812a2abd19711b7d83742ea4d0d7c
paintball/runs/descartada_P56C_t1_T_20260916/ereq_a2cf05c4-e64f-4bbd-8422-4e154896dcb4-policy_agent_11.zip,678557,90899c8d1cbb5930068779dd49089ca9
paintball/runs/descartada_P56C_t1_T_20365645/ereq_e3350110-da29-451b-b91e-bc5d30c43595-policy_agent_10.art.log,39192645,2c705e62c0afc304bd5874d62c892853
paintball/runs/descartada_P56C_t1_T_20365645/ereq_e3350110-da29-451b-b91e-bc5d30c43595-policy_agent_10.zip,1091168,0cae2917b0dc7555e6e70ebcc6e4ea2d
paintball/runs/descartada_P56C_t1_T_20365645/ereq_e3350110-da29-451b-b91e-bc5d30c43595-policy_agent_11.art.log,34430453,4f1a1918f69be62deea501ed28604243
paintball/runs/descartada_P56C_t1_T_20365645/ereq_e3350110-da29-451b-b91e-bc5d30c43595-policy_agent_11.zip,985211,649202be6ead673e3ff4c9c204147bff
paintball/runs/descartada_P56C_t1_T_20470374/ereq_51fd1484-ff6e-4223-954e-bf937dd0f052-policy_agent_10.art.log,31974205,943cb0685ae6b2f4cdafe2af7458f99c
paintball/runs/descartada_P56C_t1_T_20470374/ereq_51fd1484-ff6e-4223-954e-bf937dd0f052-policy_agent_10.zip,788489,edf9b7e7e252e757ed1641b4ff2c1153
paintball/runs/descartada_P56C_t1_T_20470374/ereq_51fd1484-ff6e-4223-954e-bf937dd0f052-policy_agent_11.art.log,38380908,749869661a45f20b8a51b89f9ba37ef3
paintball/runs/descartada_P56C_t1_T_20470374/ereq_51fd1484-ff6e-4223-954e-bf937dd0f052-policy_agent_11.zip,1227674,d7ba05db036e6aff87a2679cd502e277
paintball/runs/descartada_P56C_t1_T_20575103/ereq_72221b65-9194-492c-be5c-955fb67e27e7-policy_agent_10.art.log,27445242,77c788e7884de0c2fd5a16c468ac819a
paintball/runs/descartada_P56C_t1_T_20575103/ereq_72221b65-9194-492c-be5c-955fb67e27e7-policy_agent_10.zip,1223482,667b8b712d5f35247c66f618831385ae
paintball/runs/descartada_P56C_t1_T_20575103/ereq_72221b65-9194-492c-be5c-955fb67e27e7-policy_agent_11.art.log,1446005,f9b42a19c255d1eeb9eaf60f540a30bb
paintball/runs/descartada_P56C_t1_T_20575103/ereq_72221b65-9194-492c-be5c-955fb67e27e7-policy_agent_11.zip,50255,03492b2a106418c7446cfeb740326799
